StartDate,EndDate,Status,Progress,Duration (in seconds),Finished,RecordedDate,ResponseId,DistributionChannel,UserLanguage,Q_RecaptchaScore,Q32,Q31,Q92,Q37,Q93,Q94,Q33,Q46,Q39,Q34_Browser,Q34_Version,Q34_Operating System,Q34_Resolution,allSliderData,randOrder,Create New Field or Choose From Dropdown...,loopCounter,Condition
Start Date,End Date,Response Type,Progress,Duration (in seconds),Finished,Recorded Date,Response ID,Distribution Channel,User Language,Q_RecaptchaScore,What is your goal in this study?,What day are you predicting for?,What number do all of the trend lines start at?,Which one of the two stores has more variation (and uncertainty) in sales?,Are all of the possible trends straight lines?,How likely is each trend?,"(Optional) If there is anything you'd like to tell us about this survey, please do:",(Optional) What do you think this research project is studying?,Please enter your Prolific ID here:,Click to write the question text - Browser,Click to write the question text - Version,Click to write the question text - Operating System,Click to write the question text - Resolution,allSliderData,randOrder,Create New Field or Choose From Dropdown...,loopCounter,Condition
"{""ImportId"":""startDate"",""timeZone"":""America/Los_Angeles""}","{""ImportId"":""endDate"",""timeZone"":""America/Los_Angeles""}","{""ImportId"":""status""}","{""ImportId"":""progress""}","{""ImportId"":""duration""}","{""ImportId"":""finished""}","{""ImportId"":""recordedDate"",""timeZone"":""America/Los_Angeles""}","{""ImportId"":""_recordId""}","{""ImportId"":""distributionChannel""}","{""ImportId"":""userLanguage""}","{""ImportId"":""Q_RecaptchaScore""}","{""ImportId"":""QID199""}","{""ImportId"":""QID198""}","{""ImportId"":""QID174""}","{""ImportId"":""QID204""}","{""ImportId"":""QID175""}","{""ImportId"":""QID176""}","{""ImportId"":""QID200_TEXT""}","{""ImportId"":""QID83_TEXT""}","{""ImportId"":""QID39_TEXT""}","{""ImportId"":""QID201_BROWSER""}","{""ImportId"":""QID201_VERSION""}","{""ImportId"":""QID201_OS""}","{""ImportId"":""QID201_RESOLUTION""}","{""ImportId"":""allSliderData""}","{""ImportId"":""randOrder""}","{""ImportId"":""Create New Field or Choose From Dropdown...""}","{""ImportId"":""loopCounter""}","{""ImportId"":""Condition""}"
10/3/2023 8:45,10/3/2023 8:50,0,100,311,1,10/3/2023 8:50,R_3PnavLeH1FycWbw,anonymous,EN,0.899999976,1,1,1,1,1,3,,,5fa1efdda7a32b3ac2c9b6a5,Opera,102.0.0.0,Windows NT 10.0,1536x864,'-2~fn~-2fn.jpeg~80~0.010000000000000002~-1~fn~-1fl.jpeg~80~0.010000000000000002~0~fn~0fn.jpeg~100~0.010000000000000002~1~fn~1fn.jpeg~80~0.010000000000000002~2~fn~10fl.jpeg~135~0.010000000000000002~3~fn~8fl.jpeg~115~0.010000000000000002~4~fn~3cl.jpeg~100~0.010000000000000002~5~fn~6fn.jpeg~88~0.010000000000000002~6~fn~2fl.jpeg~128~0.010000000000000002~7~fn~4fn.jpeg~119~0.010000000000000002~8~fn~9cl.jpeg~117~0.010000000000000002~9~fn~12cl.jpeg~96~0.010000000000000002~10~fn~7cl.jpeg~78~0.010000000000000002~11~fn~11fn.jpeg~96~0.010000000000000002~12~fn~5cl.jpeg~97~0.010000000000000002~,"[1,10,8,3,6,2,4,9,12,7,11,5]",,13,fn
10/3/2023 8:45,10/3/2023 8:53,0,100,527,1,10/3/2023 8:53,R_2xEI1QQ07kCIoWk,anonymous,EN,1,1,1,1,1,1,1,,,6093ea19c93f4bb0470b32ec,Chrome,117.0.0.0,Windows NT 10.0,1920x1080,'-2~fl~-2cn.jpeg~77~2.4964000000000004~-1~fl~-1cl.jpeg~71~17.977600000000002~0~fl~0fn.jpeg~108~8.2369~1~fl~6fl.jpeg~70~16.3216~2~fl~12cl.jpeg~105~13.4689~3~fl~8fn.jpeg~102~16.160399999999996~4~fl~1fl.jpeg~79~0.8835999999999999~5~fl~4cl.jpeg~118~3.4225000000000003~6~fl~10fl.jpeg~110~20.5209~7~fl~5fn.jpeg~104~12.0409~8~fl~3fn.jpeg~104~3.8809~9~fl~11fl.jpeg~77~9.1809~10~fl~9fn.jpeg~116~8.468100000000002~11~fl~7cn.jpeg~76~7.2360999999999995~12~fl~2cn.jpeg~121~2.4964000000000004~,"[6,12,8,1,4,10,5,3,11,9,7,2]",,13,fl
10/3/2023 8:45,10/3/2023 8:55,0,100,601,1,10/3/2023 8:55,R_1KvSDa7PlHK3AaE,anonymous,EN,1,1,3,1,1,2,1,,,60fc6459f6fd6a6c8cfa7efb,Chrome,116.0.0.0,Windows NT 10.0,1600x900,'-2~fn~-2fl.jpeg~80~2.1609~-1~fn~-1fn.jpeg~69~3.0976~0~fn~0fl.jpeg~102~2.1609~1~fn~10fn.jpeg~111~2.5600000000000005~2~fn~1cl.jpeg~89~1.3923999999999999~3~fn~3fn.jpeg~98~2.0448999999999997~4~fn~9fn.jpeg~126~3.6864~5~fn~2fl.jpeg~126~2.1904~6~fn~4fn.jpeg~123~1.9043999999999996~7~fn~5fn.jpeg~100~1.3456~8~fn~11cl.jpeg~95~0.5476~9~fn~6fn.jpeg~74~4.2025~10~fn~7cl.jpeg~72~1.5129~11~fn~8fn.jpeg~109~4.5796~12~fn~12cl.jpeg~92~6.0516~,"[10,1,3,9,2,4,5,11,6,7,8,12]",,13,fn
10/3/2023 8:45,10/3/2023 8:56,0,100,697,1,10/3/2023 8:56,R_2czKA3XFY0s74xB,anonymous,EN,1,1,1,1,1,1,1,,,5fa519d15399c41c10fd964b,Chrome,117.0.0.0,Windows NT 10.0,3440x1440,'-2~fl~-2cl.jpeg~78~1.9043999999999996~-1~fl~-1cn.jpeg~79~17.977600000000002~0~fl~0cl.jpeg~108~8.3521~1~fl~10cl.jpeg~120~14.7456~2~fl~12fn.jpeg~87~7.4529~3~fl~6cl.jpeg~77~4.7961~4~fl~5cl.jpeg~99~3.3124000000000002~5~fl~11cl.jpeg~81~8.468100000000002~6~fl~7cl.jpeg~74~3.6864~7~fl~2fn.jpeg~134~3.1329000000000002~8~fl~9cl.jpeg~118~3.8024999999999998~9~fl~8fn.jpeg~107~2.7224999999999997~10~fl~1fl.jpeg~78~0.6241000000000001~11~fl~4fl.jpeg~134~5.2441~12~fl~3fl.jpeg~104~4.2025~,"[10,12,6,5,11,7,2,9,8,1,4,3]",,13,fl
10/3/2023 8:44,10/3/2023 9:03,0,100,1116,1,10/3/2023 9:03,R_3foTEUTXo0aJId8,anonymous,EN,0.899999976,1,1,1,1,2,1,,,648db135a8d59502e4c50eae,Chrome,117.0.0.0,Windows NT 10.0,1366x768,'-2~cl~-2fl.jpeg~77~1.7424000000000002~-1~cl~-1cn.jpeg~79~17.8084~0~cl~0fl.jpeg~106~8.2369~1~cl~5cn.jpeg~100~6.1504~2~cl~11cl.jpeg~88~12.180100000000001~3~cl~9fn.jpeg~120~4.536899999999999~4~cl~2cl.jpeg~117~1.7956000000000003~5~cl~6cl.jpeg~77~12.320099999999998~6~cl~12cl.jpeg~95~11.628100000000002~7~cl~7cn.jpeg~76~2.1609~8~cl~10cn.jpeg~115~8.3521~9~cl~3cl.jpeg~106~2.3104~10~cl~8fl.jpeg~115~11.9716~11~cl~4fn.jpeg~126~6.864400000000001~12~cl~1cn.jpeg~87~1.44~,"[5,11,9,2,6,12,7,10,3,8,4,1]",,13,cl
10/3/2023 8:44,10/3/2023 9:04,0,100,1171,1,10/3/2023 9:04,R_1hWKoo9PhOcslzC,anonymous,EN,1,1,1,3,1,2,2,,,5c53ef4f26a39500019719b4,Chrome,117.0.0.0,Windows NT 10.0,1920x1080,'-2~cn~-2cl.jpeg~88~8.3521~-1~cn~-1cl.jpeg~90~17.64~0~cn~0fn.jpeg~104~2.7224999999999997~1~cn~5cn.jpeg~103~8.1225~2~cn~9cn.jpeg~109~2.3716~3~cn~6cl.jpeg~89~6.25~4~cn~4cl.jpeg~104~2.9240999999999997~5~cn~3fn.jpeg~102~1.4884~6~cn~2cn.jpeg~104~2.2201~7~cn~10fn.jpeg~107~6.864400000000001~8~cn~8cn.jpeg~106~0.010000000000000002~9~cn~7fl.jpeg~85~5.522500000000001~10~cn~1cl.jpeg~94~0.010000000000000002~11~cn~12fn.jpeg~96~5.0625~12~cn~11cn.jpeg~94~3.5721~,"[5,9,6,4,3,2,10,8,7,1,12,11]",,13,cn
10/3/2023 8:45,10/3/2023 9:08,0,100,1388,1,10/3/2023 9:08,R_24AfOBIIhad1Lu0,anonymous,EN,1,1,1,1,1,1,2,I realy enjoy the study.,how people manage to predic the profit of the sales.,6022ab2c61828901ec3e13e6,Chrome,117.0.0.0,Windows NT 10.0,1366x768,'-2~fn~-2fn.jpeg~78~2.0164~-1~fn~-1fn.jpeg~78~17.64~0~fn~0fn.jpeg~106~8.526399999999999~1~fn~7cn.jpeg~90~10.1761~2~fn~2cl.jpeg~117~2.0736~3~fn~3cl.jpeg~110~6.002500000000001~4~fn~8fn.jpeg~110~7.5625~5~fn~5fn.jpeg~98~8.1225~6~fn~6cl.jpeg~77~6.604899999999999~7~fn~10fl.jpeg~135~25~8~fn~4cl.jpeg~119~3.5721~9~fn~11fn.jpeg~96~9.8596~10~fn~12cl.jpeg~94~10.497600000000002~11~fn~1fn.jpeg~98~2.3104~12~fn~9fl.jpeg~129~6.5024999999999995~,"[7,2,3,8,5,6,10,4,11,12,1,9]",,13,fn
10/3/2023 8:44,10/3/2023 9:27,0,100,2572,1,10/3/2023 9:27,R_24NMxFpwq52STom,anonymous,EN,1,1,1,1,1,1,1,,,5c4318404d76b1000173d466,Chrome,117.0.0.0,Windows NT 10.0,1536x864,'-2~cl~-2fn.jpeg~77~0.34809999999999997~-1~cl~-1cn.jpeg~78~17.64~0~cl~0cl.jpeg~108~8.0656~1~cl~10fl.jpeg~130~17.3889~2~cl~7fl.jpeg~61~8.940100000000001~3~cl~6cl.jpeg~80~10.497600000000002~4~cl~5cl.jpeg~98~8.7025~5~cl~4cn.jpeg~118~1.7161000000000002~6~cl~2fn.jpeg~123~3.3124000000000002~7~cl~12fn.jpeg~98~13.1044~8~cl~11fl.jpeg~75~13.6161~9~cl~9fl.jpeg~133~13.6161~10~cl~3cl.jpeg~105~2.1609~11~cl~1cl.jpeg~88~0.16809999999999997~12~cl~8cl.jpeg~112~13.249600000000001~,"[10,7,6,5,4,2,12,11,9,3,1,8]",,13,cl
10/3/2023 8:44,10/3/2023 8:52,0,79,443,0,10/3/2023 9:52,R_31Nvx8x3lWxKRR6,anonymous,EN,1,1,1,1,1,1,1,,,,,,,,'-2~cn~-2cl.jpeg~81~0.010000000000000002~-1~cn~-1cn.jpeg~100~0.010000000000000002~0~cn~0fn.jpeg~100~0.010000000000000002~1~cn~1cl.jpeg~89~0.7744~2~cn~2fn.jpeg~125~2.4025000000000003~3~cn~4fn.jpeg~125~5.107599999999999~4~cn~11fl.jpeg~81~3.24~5~cn~10cn.jpeg~120~16.3216~6~cn~3fl.jpeg~103~5.107599999999999~7~cn~8fn.jpeg~108~1.9599999999999997~8~cn~12cn.jpeg~91~16.240900000000003~9~cn~5fn.jpeg~102~8.584900000000001~10~cn~7cn.jpeg~73~2.5921000000000003~11~cn~6fn.jpeg~88~2.9240999999999997~12~cn~9cn.jpeg~123~3.8024999999999998~,"[1,2,4,11,10,3,8,12,5,7,6,9]",,13,cn
10/3/2023 10:02,10/3/2023 10:33,0,100,1902,1,10/3/2023 10:33,R_2uCjpGn6rQokUIE,anonymous,EN,0.800000012,1,1,1,1,2,1,sales estimate distribution can be either sporadic or well defined ,"we see that the sales can be either very dispersed or well aligned , if we approximate it to a Gaussian  N(mu,sigma) , the degree of uncertainty we get from the values of mu and sigma  gives us a more info about the underlying management process. we want the  variance to be as small as possible. the more organized our business the more we can plan for the future with more certainty.    ",5f913cbf314c3d000982e130,Chrome,117.0.0.0,Linux x86_64,1536x864,'-2~cl~-2cl.jpeg~80~1.7689000000000001~-1~cl~-1fl.jpeg~78~17.222500000000004~0~cl~0cl.jpeg~109~8.0089~1~cl~3fl.jpeg~104~1.1881000000000002~2~cl~7fn.jpeg~60~0.7395999999999999~3~cl~1cl.jpeg~88~0.7395999999999999~4~cl~12cl.jpeg~96~14.5161~5~cl~9fn.jpeg~130~1.9320999999999997~6~cl~8fn.jpeg~74~1.7689000000000001~7~cl~2cn.jpeg~124~1.2768999999999997~8~cl~5fl.jpeg~101~7.6729~9~cl~10cl.jpeg~120~25~10~cl~11cl.jpeg~90~16.4025~11~cl~4fn.jpeg~136~3.3856~12~cl~6cn.jpeg~82~4.3264000000000005~,"[3,7,1,12,9,8,2,5,10,11,4,6]",,13,cl
10/3/2023 10:34,10/3/2023 10:47,0,100,798,1,10/3/2023 10:47,R_290alXloTDZjC2o,anonymous,EN,0.800000012,1,1,1,1,2,1,Thanks  for the opportunity,To see how well people can predict sales trends and reading graphs.,5dd05d80b2204f1487f7812c,Chrome,117.0.0.0,Windows NT 10.0,2560x1440,'-2~fl~-2cn.jpeg~77~2.1025~-1~fl~-1fn.jpeg~76~17.139599999999998~0~fl~0cn.jpeg~106~8.526399999999999~1~fl~6fn.jpeg~115~13.1044~2~fl~8fl.jpeg~116~7.0756000000000006~3~fl~11fl.jpeg~87~2.25~4~fl~7cn.jpeg~82~1.0201~5~fl~12fn.jpeg~101~5.7121~6~fl~5cn.jpeg~115~7.896100000000001~7~fl~3cn.jpeg~106~0.010000000000000002~8~fl~1cl.jpeg~88~4.2025~9~fl~4fl.jpeg~128~2.9929~10~fl~2cn.jpeg~115~0.9801~11~fl~10cn.jpeg~114~16.160399999999996~12~fl~9cl.jpeg~117~4.5796~,"[6,8,11,7,12,5,3,1,4,2,10,9]",,13,fl
10/3/2023 10:42,10/3/2023 10:54,0,100,713,1,10/3/2023 10:54,R_1DYG1Axc1Ft0s2S,anonymous,EN,1,1,3,1,1,1,2,,,5d70fb76d1931d0018d31410,Edge,117.0.2045.47,Macintosh,2240x1260,'-2~cn~-2fl.jpeg~77~1.9320999999999997~-1~cn~-1fn.jpeg~78~17.8084~0~cn~0cl.jpeg~108~8.41~1~cn~12fl.jpeg~89~16.3216~2~cn~11cn.jpeg~90~12.7449~3~cn~6fl.jpeg~60~14.0625~4~cn~7fl.jpeg~61~6.812099999999999~5~cn~5fn.jpeg~101~13.9129~6~cn~10cl.jpeg~128~12.25~7~cn~9cn.jpeg~119~0.8649000000000001~8~cn~1fl.jpeg~78~2.7889~9~cn~3cl.jpeg~100~5.107599999999999~10~cn~8fn.jpeg~105~4.0804~11~cn~4fn.jpeg~118~12.6025~12~cn~2fn.jpeg~122~7.5625~,"[12,11,6,7,5,10,9,1,3,8,4,2]",,13,cn
10/3/2023 16:57,10/3/2023 17:02,0,100,283,1,10/3/2023 17:02,R_3HCARhcQEfQb0sO,anonymous,EN,1,1,2,3,1,2,1,,,5d92a6875767850014a99d95,Chrome,117.0.0.0,Windows NT 10.0,1920x1080,'-2~fn~-2cn.jpeg~100~0.010000000000000002~-1~fn~-1cl.jpeg~80~0.010000000000000002~0~fn~0cn.jpeg~100~0.010000000000000002~1~fn~1fn.jpeg~86~0.010000000000000002~2~fn~3fn.jpeg~99~0.010000000000000002~3~fn~9fn.jpeg~111~0.010000000000000002~4~fn~4cl.jpeg~118~0.010000000000000002~5~fn~11fl.jpeg~77~0.010000000000000002~6~fn~10fn.jpeg~110~0.010000000000000002~7~fn~12fl.jpeg~89~0.010000000000000002~8~fn~7cl.jpeg~77~0.010000000000000002~9~fn~6fl.jpeg~71~0.010000000000000002~10~fn~8cn.jpeg~100~0.010000000000000002~11~fn~5cl.jpeg~101~0.010000000000000002~12~fn~2cn.jpeg~121~0.010000000000000002~,"[1,3,9,4,11,10,12,7,6,8,5,2]",,13,fn
10/3/2023 16:57,10/3/2023 17:03,0,100,347,1,10/3/2023 17:03,R_2tru4FetywV7uqE,anonymous,EN,0.899999976,1,1,1,1,1,2,,,5a1a1d17fe645f0001ea0629,Chrome,116.0.0.0,Macintosh,1470x956,'-2~cl~-2cn.jpeg~79~0.6723999999999999~-1~cl~-1fl.jpeg~80~16.6464~0~cl~0fn.jpeg~106~8.0089~1~cl~6cn.jpeg~90~11.628100000000002~2~cl~8cl.jpeg~110~10.4329~3~cl~2fn.jpeg~132~3.2761~4~cl~1fn.jpeg~77~3.6481~5~cl~10fl.jpeg~136~11.7649~6~cl~4cl.jpeg~120~1.44~7~cl~7cn.jpeg~73~4.41~8~cl~5cn.jpeg~97~12.531600000000001~9~cl~9fn.jpeg~127~8.3521~10~cl~12cn.jpeg~97~12.6736~11~cl~3cl.jpeg~102~1.1664~12~cl~11fn.jpeg~97~4.040099999999999~,"[6,8,2,1,10,4,7,5,9,12,3,11]",,13,cl
10/3/2023 16:57,10/3/2023 17:03,0,100,344,1,10/3/2023 17:03,R_1djl5CufQvRSVfY,anonymous,EN,1,1,1,1,1,2,1,,,5d1ac31e451ca800011409f4,Opera,102.0.0.0,Windows NT 10.0,1680x1050,'-2~fl~-2cn.jpeg~79~2.1904~-1~fl~-1fn.jpeg~79~15.209999999999999~0~fl~0cl.jpeg~102~8.2944~1~fl~2fn.jpeg~120~10.1761~2~fl~11fn.jpeg~80~7.1289~3~fl~5cn.jpeg~103~18.922499999999996~4~fl~8cn.jpeg~101~4.040099999999999~5~fl~9fl.jpeg~133~10.1761~6~fl~7fn.jpeg~68~1.7424000000000002~7~fl~4cn.jpeg~121~10.1761~8~fl~1cn.jpeg~85~3.2761~9~fl~3cl.jpeg~102~3.3856~10~fl~12fn.jpeg~97~17.64~11~fl~6fl.jpeg~63~7.839999999999999~12~fl~10fl.jpeg~120~13.9129~,"[2,11,5,8,9,7,4,1,3,12,6,10]",,13,fl
10/3/2023 16:57,10/3/2023 17:04,0,100,371,1,10/3/2023 17:04,R_25ARrQQnt3ZZoHO,anonymous,EN,1,1,1,1,1,2,1,,,5c2c62542c45d400014a32e6,Chrome,117.0.0.0,Windows NT 10.0,1920x1080,'-2~fl~-2fl.jpeg~100~0.010000000000000002~-1~fl~-1cn.jpeg~100~0.010000000000000002~0~fl~0fl.jpeg~100~0.010000000000000002~1~fl~11cn.jpeg~95~0.4489000000000001~2~fl~4cn.jpeg~118~11.356900000000001~3~fl~6cl.jpeg~74~10.4329~4~fl~9cn.jpeg~104~6.969600000000001~5~fl~7cl.jpeg~70~14.9769~6~fl~12cl.jpeg~95~25~7~fl~1fl.jpeg~65~4.5796~8~fl~10fn.jpeg~112~18.576099999999997~9~fl~2fn.jpeg~123~7.0756000000000006~10~fl~3cn.jpeg~90~3.8024999999999998~11~fl~5fn.jpeg~109~25~12~fl~8fn.jpeg~107~2.1904~,"[11,4,6,9,7,12,1,10,2,3,5,8]",,13,fl
10/3/2023 16:57,10/3/2023 17:04,0,100,382,1,10/3/2023 17:04,R_9Yvak3ro0bEh9It,anonymous,EN,0.899999976,1,1,1,1,2,3,,,5ebae1553421dc07a5fc6673,Firefox,118,Windows NT 10.0,1920x1080,'-2~cl~-2fn.jpeg~79~1.8769000000000002~-1~cl~-1cl.jpeg~84~18.0625~0~cl~0fn.jpeg~104~3.8809~1~cl~4fl.jpeg~135~3.0276~2~cl~2fn.jpeg~122~11.9716~3~cl~3cn.jpeg~103~2.6244000000000005~4~cl~8cn.jpeg~103~2.4649~5~cl~5fl.jpeg~108~15.8404~6~cl~12fn.jpeg~98~10.112400000000001~7~cl~6cn.jpeg~91~18.3184~8~cl~9cl.jpeg~119~1.1449~9~cl~7fl.jpeg~66~3.9601~10~cl~1cl.jpeg~89~0.5625~11~cl~10cl.jpeg~116~17.64~12~cl~11cn.jpeg~96~6.708099999999999~,"[4,2,3,8,5,12,6,9,7,1,10,11]",,13,cl
10/3/2023 16:57,10/3/2023 17:04,0,100,430,1,10/3/2023 17:04,R_2P8e7r04OiygHkp,anonymous,EN,1,1,1,1,1,1,3,,,57f567ddb0aca300010a9a60,Chrome,117.0.0.0,Windows NT 10.0,1707x1067,'-2~cl~-2fn.jpeg~80~1.9880999999999998~-1~cl~-1cl.jpeg~76~17.556100000000004~0~cl~0cn.jpeg~106~8.0656~1~cl~2fl.jpeg~130~0.8649000000000001~2~cl~12cl.jpeg~98~19.8916~3~cl~3fn.jpeg~106~4.5796~4~cl~9fl.jpeg~130~11.356900000000001~5~cl~10fl.jpeg~137~19.4481~6~cl~1fn.jpeg~88~5.1983999999999995~7~cl~5fl.jpeg~104~15.760900000000001~8~cl~7fl.jpeg~61~10.758399999999998~9~cl~6cl.jpeg~77~13.4689~10~cl~4cn.jpeg~121~13.1044~11~cl~11cn.jpeg~98~6.0516~12~cl~8fn.jpeg~106~7.0225~,"[2,12,3,9,10,1,5,7,6,4,11,8]",,13,cl
10/3/2023 16:57,10/3/2023 17:04,0,100,437,1,10/3/2023 17:04,R_1JEGuPBTFMaUfzn,anonymous,EN,1,1,1,1,1,1,1,,,"Each store has a long-term trend in average sales over time. This trend can be rising, falling or flat. But, sales on a given day can be above or below this average.  For example, consider the following graph:  The dots show sales over time and the line represents the trend. Each day (as you move to the right), the trend is rising. So, average sales are rising steadily over time and there is very little change from this average.  This makes it pretty easy to predict sales for day 20 (marked by the vertical red line) - they are likely close to the trend line. Think about how likely you think sales will end in each bin - the bins are represented by the horizontal lines on the graph (such as 90-100, 100-110, etc.).",Chrome,117.0.0.0,Windows NT 10.0,1536x864,'-2~fl~-2fn.jpeg~79~1.9599999999999997~-1~fl~-1fn.jpeg~78~17.305600000000002~0~fl~0cn.jpeg~105~7.952399999999999~1~fl~6fl.jpeg~60~12.6736~2~fl~8fn.jpeg~108~3.8415999999999997~3~fl~10cl.jpeg~120~25~4~fl~2cl.jpeg~117~5.569599999999999~5~fl~1cl.jpeg~88~2.2801~6~fl~3fl.jpeg~101~4.6656~7~fl~4fl.jpeg~135~7.4529~8~fl~9fn.jpeg~130~8.468100000000002~9~fl~12cn.jpeg~86~19.713600000000003~10~fl~5cl.jpeg~100~12.25~11~fl~11cn.jpeg~87~13.9129~12~fl~7fl.jpeg~60~18.232899999999997~,"[6,8,10,2,1,3,4,9,12,5,11,7]",,13,fl
10/3/2023 16:57,10/3/2023 17:04,0,100,422,1,10/3/2023 17:04,R_3h3aNC4NyR2bmGR,anonymous,EN,1,1,1,1,1,1,1,,,63d15e1be853005ff591b935,Chrome,117.0.0.0,Windows NT 10.0,1920x1080,'-2~cl~-2fl.jpeg~140~25~-1~cl~-1fn.jpeg~79~9.7344~0~cl~0fn.jpeg~109~7.952399999999999~1~cl~5fl.jpeg~100~10.240000000000002~2~cl~12fn.jpeg~91~5.3824~3~cl~10cl.jpeg~119~16.3216~4~cl~8cn.jpeg~108~6.300099999999999~5~cl~4fl.jpeg~132~7.0756000000000006~6~cl~1cl.jpeg~89~3.1329000000000002~7~cl~3cn.jpeg~105~4.5796~8~cl~11fl.jpeg~85~13.6161~9~cl~2cn.jpeg~121~1.5129~10~cl~6fn.jpeg~100~8.7616~11~cl~7fl.jpeg~63~11.696399999999999~12~cl~9cl.jpeg~122~6.300099999999999~,"[5,12,10,8,4,1,3,11,2,6,7,9]",,13,cl
10/3/2023 16:57,10/3/2023 17:04,0,100,439,1,10/3/2023 17:04,R_dnBWYfZVJKU9m81,anonymous,EN,1,1,1,1,1,1,1,,,5b232f6838fc0c000131438c,Chrome,117.0.0.0,Windows NT 10.0,1920x1080,'-2~cl~-2fn.jpeg~78~2.0736~-1~cl~-1cl.jpeg~79~18.49~0~cl~0cn.jpeg~106~8.2369~1~cl~8cn.jpeg~105~7.728399999999999~2~cl~7fn.jpeg~64~16.892100000000003~3~cl~12cl.jpeg~95~21.436899999999998~4~cl~11cl.jpeg~89~16.728099999999998~5~cl~9fn.jpeg~120~3.61~6~cl~10cl.jpeg~121~22.090000000000003~7~cl~2cn.jpeg~120~9.796899999999999~8~cl~3cn.jpeg~107~8.8804~9~cl~5cn.jpeg~100~8.179599999999999~10~cl~4cl.jpeg~120~5.6169~11~cl~6fn.jpeg~97~7.3441~12~cl~1cl.jpeg~88~1.9880999999999998~,"[8,7,12,11,9,10,2,3,5,4,6,1]",,13,cl
10/3/2023 16:57,10/3/2023 17:04,0,100,435,1,10/3/2023 17:04,R_ZDHcrKmkHldMbol,anonymous,EN,0.899999976,1,1,1,1,1,3,n,black lives matter,5e34bbfdd87fbf4a5001b133,Firefox,118,Windows NT 10.0,1920x1080,'-2~fl~-2cl.jpeg~80~15.4449~-1~fl~-1cn.jpeg~79~17.139599999999998~0~fl~0fl.jpeg~104~8.820900000000002~1~fl~5fl.jpeg~101~10.4329~2~fl~7fn.jpeg~71~5.7121~3~fl~9fn.jpeg~123~5.569599999999999~4~fl~1fn.jpeg~85~14.6689~5~fl~6cn.jpeg~90~22.8484~6~fl~4cl.jpeg~121~9.3636~7~fl~11cl.jpeg~92~24.800400000000003~8~fl~3cl.jpeg~101~8.0656~9~fl~8cl.jpeg~110~13.1769~10~fl~2fn.jpeg~120~25~11~fl~10cn.jpeg~111~8.3521~12~fl~12cn.jpeg~95~25~,"[5,7,9,1,6,4,11,3,8,2,10,12]",,13,fl
10/3/2023 16:57,10/3/2023 17:05,0,100,440,1,10/3/2023 17:05,R_1IWXMi2RmYPp7PM,anonymous,EN,0.100000001,1,1,1,1,2,1,,,5c5409f49fcbc40001dc0b4d,Firefox,118,Windows NT 10.0,2560x1440,'-2~fl~-2fn.jpeg~79~0.010000000000000002~-1~fl~-1fn.jpeg~78~17.64~0~fl~0cl.jpeg~106~8.3521~1~fl~11fn.jpeg~96~0.9409~2~fl~4cn.jpeg~111~4.4521~3~fl~5cn.jpeg~105~7.7841000000000005~4~fl~10fn.jpeg~118~4.5796~5~fl~6cn.jpeg~96~7.507600000000001~6~fl~12cn.jpeg~94~15.288100000000002~7~fl~1cl.jpeg~88~1.1025~8~fl~3cn.jpeg~106~1.3688999999999998~9~fl~2fn.jpeg~128~1.8769000000000002~10~fl~8cn.jpeg~106~5.017600000000001~11~fl~7fn.jpeg~64~3.5721~12~fl~9fn.jpeg~121~2.8560999999999996~,"[11,4,5,10,6,12,1,3,2,8,7,9]",,13,fl
10/3/2023 16:57,10/3/2023 17:05,0,100,449,1,10/3/2023 17:05,R_1LThVFPS2xvOAZS,anonymous,EN,0.899999976,1,1,1,1,1,1,,,5e3891a0ffe78b000a8a4124,Firefox,118,Windows NT 10.0,2304x1296,'-2~fl~-2fn.jpeg~77~1.9320999999999997~-1~fl~-1fl.jpeg~77~17.472399999999997~0~fl~0cl.jpeg~109~7.952399999999999~1~fl~6cn.jpeg~91~12.531600000000001~2~fl~11fl.jpeg~79~10.8241~3~fl~10fl.jpeg~135~21.902399999999997~4~fl~1cl.jpeg~88~1.5129~5~fl~2cn.jpeg~120~7.952399999999999~6~fl~3fl.jpeg~100~7.3441~7~fl~5fn.jpeg~101~10.368400000000001~8~fl~12cl.jpeg~94~16.080099999999998~9~fl~8fn.jpeg~106~10.368400000000001~10~fl~7cn.jpeg~75~6.604899999999999~11~fl~9cl.jpeg~116~8.8804~12~fl~4cl.jpeg~119~5.522500000000001~,"[6,11,10,1,2,3,5,12,8,7,9,4]",,13,fl
10/3/2023 16:57,10/3/2023 17:05,0,100,478,1,10/3/2023 17:05,R_3fUkpkuJDYZOSjA,anonymous,EN,0.899999976,1,1,3,1,1,3,,Whether it is easy to read the trends or not,6516d7100f8e76364442c232,Chrome,117.0.0.0,Windows NT 10.0,1920x1080,'-2~cl~-2fn.jpeg~79~0.010000000000000002~-1~cl~-1fl.jpeg~79~17.64~0~cl~0fn.jpeg~105~8.2369~1~cl~1cl.jpeg~87~2.8899999999999997~2~cl~8cn.jpeg~104~5.017600000000001~3~cl~5fl.jpeg~101~12.0409~4~cl~4cn.jpeg~107~6.4516~5~cl~6fn.jpeg~96~15.366399999999999~6~cl~7fn.jpeg~66~5.7121~7~cl~11fl.jpeg~81~8.468100000000002~8~cl~12cn.jpeg~101~25~9~cl~10cn.jpeg~115~8.468100000000002~10~cl~2cn.jpeg~114~4.2025~11~cl~9cn.jpeg~112~3.4969000000000006~12~cl~3fl.jpeg~106~3.24~,"[1,8,5,4,6,7,11,12,10,2,9,3]",,13,cl
10/3/2023 16:57,10/3/2023 17:05,0,100,478,1,10/3/2023 17:05,R_2TLS8zOYXJ9h96x,anonymous,EN,0.800000012,1,1,1,1,2,1,,,6159e5f964d5b78cedb9c192,Chrome,117.0.0.0,Windows NT 10.0,2560x1080,'-2~cn~-2cn.jpeg~86~8.0089~-1~cn~-1fl.jpeg~86~18.576099999999997~0~cn~0cl.jpeg~104~7.5625~1~cn~3cl.jpeg~99~1.0816000000000001~2~cn~9fn.jpeg~113~11.0889~3~cn~7fn.jpeg~81~3.6864~4~cn~12fn.jpeg~98~15.920100000000001~5~cn~2fn.jpeg~119~0.5776~6~cn~8fn.jpeg~103~10.5625~7~cn~4cl.jpeg~119~4.5796~8~cn~1fn.jpeg~90~1.3923999999999999~9~cn~10cl.jpeg~106~8.179599999999999~10~cn~5fl.jpeg~95~10.758399999999998~11~cn~11cl.jpeg~89~15.760900000000001~12~cn~6fl.jpeg~85~5.6169~,"[3,9,7,12,2,8,4,1,10,5,11,6]",,13,cn
10/3/2023 16:57,10/3/2023 17:05,0,100,476,1,10/3/2023 17:05,R_1eJEiRjLfxEEYrv,anonymous,EN,0.899999976,1,1,1,1,2,3,,,5f73358205674d00085276f0,Firefox,118,Windows NT 10.0,1920x1080,'-2~fn~-2cn.jpeg~79~3.2041~-1~fn~-1fl.jpeg~79~13.0321~0~fn~0cl.jpeg~106~7.896100000000001~1~fn~11cl.jpeg~89~13.5424~2~fn~4fn.jpeg~120~6.969600000000001~3~fn~3cn.jpeg~103~6.300099999999999~4~fn~9fl.jpeg~128~9.796899999999999~5~fn~1cl.jpeg~88~4.368099999999999~6~fn~12cn.jpeg~86~20.9764~7~fn~7cl.jpeg~77~11.628100000000002~8~fn~6cl.jpeg~79~17.472399999999997~9~fn~2fn.jpeg~124~6.300099999999999~10~fn~8cl.jpeg~110~13.7641~11~fn~5fl.jpeg~101~20.5209~12~fn~10cn.jpeg~120~23.3289~,"[11,4,3,9,1,12,7,6,2,8,5,10]",,13,fn
10/3/2023 16:57,10/3/2023 17:05,0,100,494,1,10/3/2023 17:05,R_3KNhrWyPtfZSTIY,anonymous,EN,0.899999976,1,1,1,1,2,1,,,63dd37970407f565167e5361,Chrome,117.0.0.0,Windows NT 10.0,1920x1080,'-2~cn~-2cl.jpeg~90~0.1936~-1~cn~-1fl.jpeg~88~11.902500000000002~0~cn~0cl.jpeg~100~0.010000000000000002~1~cn~5fn.jpeg~90~7.896100000000001~2~cn~2fn.jpeg~110~1.9880999999999998~3~cn~12cn.jpeg~86~20.793599999999998~4~cn~1cn.jpeg~92~0.9801~5~cn~8cn.jpeg~102~1.1664~6~cn~6fl.jpeg~85~15.366399999999999~7~cn~9cl.jpeg~111~4.7961~8~cn~11fl.jpeg~85~23.3289~9~cn~4fn.jpeg~109~2.8223999999999996~10~cn~3fl.jpeg~102~1.3456~11~cn~7fl.jpeg~85~4.0804~12~cn~10cl.jpeg~109~5.7121~,"[5,2,12,1,8,6,9,11,4,3,7,10]",,13,cn
10/3/2023 16:57,10/3/2023 17:05,0,100,490,1,10/3/2023 17:05,R_3hoTexAZNhIaWYD,anonymous,EN,1,1,1,1,1,1,1,,,614a4c9d8172751921452626,Chrome,117.0.0.0,Windows NT 10.0,1920x1080,'-2~cn~-2cn.jpeg~77~1.9320999999999997~-1~cn~-1cl.jpeg~78~16.728099999999998~0~cn~0fn.jpeg~104~8.3521~1~cn~10cn.jpeg~106~13.1044~2~cn~1fn.jpeg~85~2.5600000000000005~3~cn~3cn.jpeg~101~4.7961~4~cn~9fl.jpeg~128~12.7449~5~cn~11fl.jpeg~87~18.4041~6~cn~12fl.jpeg~83~11.2225~7~cn~5cn.jpeg~99~8.7616~8~cn~6fn.jpeg~85~14.9769~9~cn~8fn.jpeg~104~2.7224999999999997~10~cn~4cl.jpeg~122~2.1904~11~cn~2fn.jpeg~130~7.4529~12~cn~7fn.jpeg~76~3.6864~,"[10,1,3,9,11,12,5,6,8,4,2,7]",,13,cn
10/3/2023 16:58,10/3/2023 17:06,0,100,493,1,10/3/2023 17:06,R_1n7ODihsCAbw5Up,anonymous,EN,0.899999976,1,1,1,1,2,1,Thank you!,I think that it was simply trying to see how you process graphs. , 5f63d462fb4c4713b69d4bb7,Firefox,118,Windows NT 10.0,1920x1080,'-2~cl~-2fl.jpeg~76~1.8496000000000004~-1~cl~-1fn.jpeg~78~18.0625~0~cl~0fn.jpeg~108~8.2369~1~cl~12fl.jpeg~95~7.2360999999999995~2~cl~4fl.jpeg~114~2.6244000000000005~3~cl~6cn.jpeg~79~8.0656~4~cl~5cl.jpeg~103~7.896100000000001~5~cl~10cn.jpeg~108~1.6129~6~cl~8cn.jpeg~106~0.6723999999999999~7~cl~1cn.jpeg~93~0.9409~8~cl~11fl.jpeg~86~0.6400000000000001~9~cl~3cl.jpeg~99~2.3104~10~cl~9cl.jpeg~110~1.6641000000000001~11~cl~2cl.jpeg~113~0.9409~12~cl~7cn.jpeg~77~5.7121~,"[12,4,6,5,10,8,1,11,3,9,2,7]",,13,cl
10/3/2023 16:57,10/3/2023 17:06,0,100,524,1,10/3/2023 17:06,R_syPPILw2lDaqSPv,anonymous,EN,1,1,1,1,1,1,1,no,ability to identify trends ,5e89ba09ec9b3364b1fc0bd1,Chrome,117.0.0.0,Macintosh,1280x800,'-2~fn~-2fl.jpeg~78~1.9599999999999997~-1~fn~-1fn.jpeg~79~17.892900000000004~0~fn~0fn.jpeg~103~8.179599999999999~1~fn~11fl.jpeg~80~17.222500000000004~2~fn~9fl.jpeg~129~14.44~3~fn~12cn.jpeg~106~16~4~fn~5cl.jpeg~100~10.3041~5~fn~4cn.jpeg~114~10.240000000000002~6~fn~1cn.jpeg~87~1.4161~7~fn~6fl.jpeg~60~13.6161~8~fn~3cl.jpeg~102~4~9~fn~8fl.jpeg~116~13.395600000000002~10~fn~7cl.jpeg~77~8.2369~11~fn~2cl.jpeg~118~1.9599999999999997~12~fn~10fn.jpeg~127~17.139599999999998~,"[11,9,12,5,4,1,6,3,8,7,2,10]",,13,fn
10/3/2023 16:57,10/3/2023 17:06,0,100,541,1,10/3/2023 17:06,R_2b2hslgKjrFPbqF,anonymous,EN,1,1,1,3,1,2,2,,,5884593bd920ed0001fdccb4,Firefox,117,Windows NT 10.0,1366x768,'-2~cl~-2cl.jpeg~100~0.010000000000000002~-1~cl~-1fn.jpeg~112~1.8496000000000004~0~cl~0cn.jpeg~110~2.1904~1~cl~12cl.jpeg~121~0.5041~2~cl~3fn.jpeg~110~0.6084~3~cl~1cl.jpeg~102~0.0256~4~cl~8fl.jpeg~120~0.39690000000000003~5~cl~11fn.jpeg~101~0.0841~6~cl~10fn.jpeg~120~0.0841~7~cl~4fl.jpeg~119~3.4225000000000003~8~cl~6fn.jpeg~109~2.1315999999999997~9~cl~9cl.jpeg~127~3.24~10~cl~7cl.jpeg~109~1.1664~11~cl~2fl.jpeg~119~1.9880999999999998~12~cl~5fl.jpeg~117~1.7689000000000001~,"[12,3,1,8,11,10,4,6,9,7,2,5]",,13,cl
10/3/2023 16:57,10/3/2023 17:06,0,100,557,1,10/3/2023 17:06,R_3qU5uORCFar3wgy,anonymous,EN,0.899999976,1,1,1,1,2,2,,,6081342ebd43daf29472c5e6,Chrome,116.0.0.0,Macintosh,1447x831,'-2~fn~-2cl.jpeg~76~18.8356~-1~fn~-1cn.jpeg~80~12.8881~0~fn~0cn.jpeg~109~8.3521~1~fn~2fn.jpeg~127~6.6564000000000005~2~fn~12fn.jpeg~91~13.6161~3~fn~4fn.jpeg~113~14.0625~4~fn~11fl.jpeg~80~18.7489~5~fn~9fl.jpeg~122~5.522500000000001~6~fn~1fl.jpeg~79~0.010000000000000002~7~fn~8fn.jpeg~101~1.8496000000000004~8~fn~5fl.jpeg~100~6.5024999999999995~9~fn~6fn.jpeg~83~12.320099999999998~10~fn~7fn.jpeg~79~3.2761~11~fn~3fn.jpeg~103~4.0804~12~fn~10fl.jpeg~126~25~,"[2,12,4,11,9,1,8,5,6,7,3,10]",,13,fn
10/3/2023 16:57,10/3/2023 17:07,0,100,579,1,10/3/2023 17:07,R_3mHUfwBGaSoHbih,anonymous,EN,0.800000012,1,1,1,1,1,1,,Expectations based on data,5ce7bd64a6f1d500164b6da6,Firefox,118,Windows NT 10.0,1920x1080,'-2~fn~-2fl.jpeg~79~1.9043999999999996~-1~fn~-1fn.jpeg~79~17.8084~0~fn~0cl.jpeg~105~8.1225~1~fn~6cl.jpeg~77~9.796899999999999~2~fn~5cn.jpeg~100~6.969600000000001~3~fn~10fn.jpeg~112~6.4516~4~fn~9cl.jpeg~117~7.617599999999999~5~fn~8fn.jpeg~107~4.7961~6~fn~11fl.jpeg~82~18.3184~7~fn~4fn.jpeg~119~8.0656~8~fn~3fl.jpeg~102~4.2436~9~fn~12fl.jpeg~89~19.360000000000003~10~fn~2fl.jpeg~130~2.7889~11~fn~1cn.jpeg~89~3.9601~12~fn~7cl.jpeg~77~7.617599999999999~,"[6,5,10,9,8,11,4,3,12,2,1,7]",,13,fn
10/3/2023 16:57,10/3/2023 17:07,0,100,571,1,10/3/2023 17:07,R_2SDfLvHvNdHrZR6,anonymous,EN,1,1,1,1,1,1,2,,Ability to analyse graphs and data to predict future trends.,60acb00e5317f439acef3aed,Chrome,103.0.0.0,Macintosh,1280x800,'-2~cl~-2cn.jpeg~78~1.8225000000000002~-1~cl~-1fl.jpeg~78~18.147599999999997~0~cl~0fn.jpeg~116~0.6889~1~cl~12cl.jpeg~86~8.0089~2~cl~4cn.jpeg~115~4.2025~3~cl~11cl.jpeg~86~9.4249~4~cl~2fl.jpeg~131~3.1684~5~cl~10cl.jpeg~127~4.2025~6~cl~9cl.jpeg~121~4.536899999999999~7~cl~5fn.jpeg~103~15.6816~8~cl~1fl.jpeg~79~1.8496000000000004~9~cl~3fn.jpeg~101~0.6241000000000001~10~cl~8cl.jpeg~110~9.4249~11~cl~6fl.jpeg~60~7.0756000000000006~12~cl~7fl.jpeg~60~6.812099999999999~,"[12,4,11,2,10,9,5,1,3,8,6,7]",,13,cl
10/3/2023 16:57,10/3/2023 17:07,0,100,569,1,10/3/2023 17:07,R_cBYfDqlD0iq4SJ3,anonymous,EN,1,1,1,1,1,2,1,,,651b248f38b41702c994df1d,Safari,17,Macintosh,820x1180,'-2~cn~-2cn.jpeg~79~0.7395999999999999~-1~cn~-1fn.jpeg~90~1.5876000000000001~0~cn~0fl.jpeg~103~8.468100000000002~1~cn~6fl.jpeg~70~5.3824~2~cn~11cn.jpeg~105~5.475599999999999~3~cn~3cn.jpeg~107~1.3456~4~cn~1fl.jpeg~78~1.2768999999999997~5~cn~12fl.jpeg~80~12.6025~6~cn~5fn.jpeg~104~4~7~cn~10fn.jpeg~116~4.928400000000001~8~cn~8cn.jpeg~106~3.8809~9~cn~9fl.jpeg~126~5.017600000000001~10~cn~4cl.jpeg~117~3.3124000000000002~11~cn~2fn.jpeg~117~3.6864~12~cn~7cl.jpeg~74~4.2848999999999995~,"[6,11,3,1,12,5,10,8,9,4,2,7]",,13,cn
10/3/2023 16:57,10/3/2023 17:07,0,100,575,1,10/3/2023 17:07,R_2wvEda2IC9VKc7r,anonymous,EN,1,1,1,1,1,2,3,,,62db2644ab0a3a353c0dcb54,Chrome,117.0.0.0,Windows NT 10.0,3440x1440,'-2~cl~-2fn.jpeg~79~1.9043999999999996~-1~cl~-1fn.jpeg~79~17.139599999999998~0~cl~0fn.jpeg~105~8.1225~1~cl~3fn.jpeg~106~13.6161~2~cl~8fl.jpeg~115~19.4481~3~cl~2fn.jpeg~127~7.728399999999999~4~cl~1cn.jpeg~87~3.4969000000000006~5~cl~4cl.jpeg~119~15.132100000000001~6~cl~7fn.jpeg~65~7.2360999999999995~7~cl~9cn.jpeg~116~10.758399999999998~8~cl~12fn.jpeg~100~19.009600000000002~9~cl~11cl.jpeg~89~19.624899999999997~10~cl~5cl.jpeg~101~16.3216~11~cl~6fl.jpeg~60~17.139599999999998~12~cl~10cl.jpeg~120~22.8484~,"[3,8,2,1,4,7,9,12,11,5,6,10]",,13,cl
10/3/2023 16:58,10/3/2023 17:07,0,100,570,1,10/3/2023 17:07,R_2ruYXChHIRMRBdg,anonymous,EN,0.899999976,1,1,1,1,1,1,,,642cc97cc8746a0c9b3fd755,Chrome,117.0.0.0,Windows NT 10.0,1920x1080,'-2~fn~-2cl.jpeg~78~1.9320999999999997~-1~fn~-1cn.jpeg~79~17.556100000000004~0~fn~0cn.jpeg~107~8.2369~1~fn~9fl.jpeg~129~14.7456~2~fn~1fl.jpeg~79~0.12249999999999998~3~fn~3cn.jpeg~103~0.9216~4~fn~6cn.jpeg~93~16.483599999999996~5~fn~12fn.jpeg~90~14.2129~6~fn~10cl.jpeg~120~25~7~fn~8fl.jpeg~115~10.758399999999998~8~fn~5fn.jpeg~106~10.4329~9~fn~2cn.jpeg~119~0.7055999999999999~10~fn~4cn.jpeg~118~2.1025~11~fn~11cn.jpeg~98~11.356900000000001~12~fn~7cn.jpeg~76~2.5600000000000005~,"[9,1,3,6,12,10,8,5,2,4,11,7]",,13,fn
10/3/2023 16:57,10/3/2023 17:07,0,100,618,1,10/3/2023 17:07,R_2e9WbF63iPjw8Dr,anonymous,EN,1,1,1,1,1,1,1,,,5adf69c1944de80001ddc254,Chrome,117.0.0.0,Windows NT 10.0,1920x1080,'-2~cl~-2fn.jpeg~78~2.0736~-1~cl~-1cn.jpeg~78~17.64~0~cl~0fn.jpeg~107~8.1225~1~cl~7fl.jpeg~60~0.8281000000000001~2~cl~1cl.jpeg~87~1.3923999999999999~3~cl~8fn.jpeg~103~11.0889~4~cl~3cn.jpeg~102~8.8804~5~cl~2cl.jpeg~116~2.3409~6~cl~4cn.jpeg~120~4.928400000000001~7~cl~9cl.jpeg~117~12.3904~8~cl~10fl.jpeg~136~25~9~cl~6fl.jpeg~60~13.4689~10~cl~11cl.jpeg~88~25~11~cl~12cn.jpeg~69~25~12~cl~5cn.jpeg~122~9.9225~,"[7,1,8,3,2,4,9,10,6,11,12,5]",,13,cl
10/3/2023 16:58,10/3/2023 17:07,0,100,583,1,10/3/2023 17:07,R_2dDTupXhsoX5aE1,anonymous,EN,1,1,1,1,1,1,1,,,5ebe6e4a226f3b1c53cd0626,Chrome,117.0.0.0,Linux x86_64,1440x2560,'-2~fn~-2fn.jpeg~77~1.9880999999999998~-1~fn~-1cl.jpeg~79~16.892100000000003~0~fn~0cl.jpeg~106~8.2369~1~fn~4cn.jpeg~110~12.3904~2~fn~8cl.jpeg~109~14.7456~3~fn~9cn.jpeg~119~8.584900000000001~4~fn~1cl.jpeg~88~0.9801~5~fn~7fn.jpeg~60~2.1025~6~fn~6cn.jpeg~74~12.25~7~fn~5cn.jpeg~101~8.468100000000002~8~fn~3fn.jpeg~110~9.1809~9~fn~10fl.jpeg~135~21.252100000000002~10~fn~2cn.jpeg~119~1.9880999999999998~11~fn~12cn.jpeg~94~14.5924~12~fn~11fl.jpeg~78~17.139599999999998~,"[4,8,9,1,7,6,5,3,10,2,12,11]",,13,fn
10/3/2023 17:00,10/3/2023 17:07,0,100,428,1,10/3/2023 17:07,R_1Heq4Xe2Ni0Kov3,anonymous,EN,0.800000012,2,3,1,1,2,3,,,5f56253b816a8722d0af90f5,Chrome,117.0.0.0,Windows NT 10.0,1536x864,'-2~fl~-2cl.jpeg~92~1.7424000000000002~-1~fl~-1fn.jpeg~88~9.302499999999998~0~fl~0cn.jpeg~103~2.25~1~fl~7fn.jpeg~92~3.3124000000000002~2~fl~9cl.jpeg~116~6.916899999999999~3~fl~5fl.jpeg~109~6.200100000000001~4~fl~12fl.jpeg~107~8.7025~5~fl~4fl.jpeg~108~8.940100000000001~6~fl~6fn.jpeg~101~7.1289~7~fl~10cl.jpeg~116~12.6736~8~fl~3fl.jpeg~103~1.7161000000000002~9~fl~1cl.jpeg~96~2.7224999999999997~10~fl~2fn.jpeg~109~2.9240999999999997~11~fl~11cn.jpeg~92~4.3264000000000005~12~fl~8cl.jpeg~108~3.24~,"[7,9,5,12,4,6,10,3,1,2,11,8]",,13,fl
10/3/2023 17:01,10/3/2023 17:07,0,100,374,1,10/3/2023 17:07,R_2aF5wRplhoZtJFa,anonymous,EN,1,2,3,1,1,2,2,,,6064e42413bf665d31f0cfbc,Chrome,117.0.0.0,Windows NT 10.0,1536x864,'-2~cn~-2fl.jpeg~80~2.3104~-1~cn~-1cl.jpeg~80~1.3923999999999999~0~cn~0cn.jpeg~100~2.8899999999999997~1~cn~4fl.jpeg~137~5.6644~2~cn~2cl.jpeg~118~5.1983999999999995~3~cn~12fn.jpeg~92~1.4161~4~cn~5cl.jpeg~101~12.96~5~cn~8cn.jpeg~104~8.526399999999999~6~cn~10fl.jpeg~135~2.3716~7~cn~9fl.jpeg~129~8.2944~8~cn~11cl.jpeg~83~4.2025~9~cn~1fl.jpeg~78~1.2321000000000002~10~cn~3cl.jpeg~103~3.8809~11~cn~6fl.jpeg~62~2.6895999999999995~12~cn~7fl.jpeg~60~3.8024999999999998~,"[4,2,12,5,8,10,9,11,1,3,6,7]",,13,cn
10/3/2023 16:59,10/3/2023 17:07,0,100,524,1,10/3/2023 17:07,R_3HImmst0ioEzATU,anonymous,EN,0.899999976,1,1,1,1,1,1,,I think this study is investigating how accurate people are at guessing trends and analyzing data.,6447bd2acb4eeecd9451dbbe,Chrome,117.0.0.0,Windows NT 10.0,1920x1080,'-2~cn~-2fl.jpeg~79~0.7055999999999999~-1~cn~-1fl.jpeg~79~17.222500000000004~0~cn~0cl.jpeg~109~1.5376~1~cn~2fl.jpeg~130~1.4641~2~cn~6cl.jpeg~77~11.2225~3~cn~9fn.jpeg~121~1.9880999999999998~4~cn~8cn.jpeg~99~5.475599999999999~5~cn~5cl.jpeg~100~8.584900000000001~6~cn~11fn.jpeg~91~4.494400000000001~7~cn~3fn.jpeg~105~2.5600000000000005~8~cn~12cl.jpeg~95~19.1844~9~cn~7fn.jpeg~63~2.9929~10~cn~10fl.jpeg~136~17.977600000000002~11~cn~4fn.jpeg~120~5.8081000000000005~12~cn~1cl.jpeg~88~0.7921~,"[2,6,9,8,5,11,3,12,7,10,4,1]",,13,cn
10/3/2023 16:57,10/3/2023 17:07,0,100,616,1,10/3/2023 17:07,R_7WdRyaA0dgb3mSZ,anonymous,EN,1,1,4,1,1,1,1,,,615d051e2366aeb051acb734,Chrome,117.0.0.0,Macintosh,1920x1080,'-2~cl~-2fl.jpeg~100~0.010000000000000002~-1~cl~-1cl.jpeg~85~15.0544~0~cl~0fl.jpeg~107~1.9599999999999997~1~cl~3cn.jpeg~103~6.100900000000001~2~cl~5fn.jpeg~96~15.8404~3~cl~8cl.jpeg~108~20.5209~4~cl~12cn.jpeg~84~19.713600000000003~5~cl~11cl.jpeg~89~25~6~cl~9fn.jpeg~120~1.9043999999999996~7~cl~4cn.jpeg~115~7.3441~8~cl~7cn.jpeg~75~2.6569~9~cl~1fl.jpeg~78~0.42250000000000004~10~cl~6cn.jpeg~80~15.5236~11~cl~2fn.jpeg~118~1.9599999999999997~12~cl~10fn.jpeg~116~17.892900000000004~,"[3,5,8,12,11,9,4,7,1,6,2,10]",,13,cl
10/3/2023 16:57,10/3/2023 17:08,0,100,621,1,10/3/2023 17:08,R_2rGhYNpHUIim4eC,anonymous,EN,0.899999976,1,1,1,1,2,2,,,63ea52b8342eff8b95ef0f95,Chrome,117.0.0.0,Windows NT 10.0,1561x879,'-2~cn~-2fn.jpeg~79~1.3923999999999999~-1~cn~-1cn.jpeg~79~17.139599999999998~0~cn~0cn.jpeg~103~2.6244000000000005~1~cn~4fl.jpeg~135~7.0756000000000006~2~cn~5cl.jpeg~104~8.41~3~cn~2fn.jpeg~132~5.289999999999999~4~cn~3fn.jpeg~110~5.017600000000001~5~cn~10cn.jpeg~118~10.368400000000001~6~cn~6fn.jpeg~85~9.4864~7~cn~7fl.jpeg~60~8.2944~8~cn~9cn.jpeg~120~6.760000000000001~9~cn~12fl.jpeg~90~12.1104~10~cn~1fn.jpeg~82~0.9216~11~cn~8fl.jpeg~116~10.497600000000002~12~cn~11fn.jpeg~84~5.475599999999999~,"[4,5,2,3,10,6,7,9,12,1,8,11]",,13,cn
10/3/2023 16:57,10/3/2023 17:08,0,100,639,1,10/3/2023 17:08,R_afz3bBAO5msqcN3,anonymous,EN,0.899999976,1,1,1,1,2,2,,,614773b5dbd4c3cabeb14c29,Chrome,117.0.0.0,Windows NT 10.0,1920x1080,'-2~cn~-2fn.jpeg~76~1.9043999999999996~-1~cn~-1fl.jpeg~77~17.305600000000002~0~cn~0fl.jpeg~106~8.2944~1~cn~8fn.jpeg~106~6.25~2~cn~10cl.jpeg~114~15.8404~3~cn~4cn.jpeg~114~7.952399999999999~4~cn~11fl.jpeg~87~12.320099999999998~5~cn~3fl.jpeg~102~2.7556~6~cn~9cl.jpeg~120~6.002500000000001~7~cn~12fl.jpeg~102~10.1761~8~cn~5cl.jpeg~102~8.820900000000002~9~cn~7cn.jpeg~73~5.6644~10~cn~2fn.jpeg~118~5.4289000000000005~11~cn~1fl.jpeg~77~1.8769000000000002~12~cn~6fl.jpeg~64~6.400899999999999~,"[8,10,4,11,3,9,12,5,7,2,1,6]",,13,cn
10/3/2023 16:58,10/3/2023 17:08,0,100,589,1,10/3/2023 17:08,R_3oF7IRrrHymJlpz,anonymous,EN,0.899999976,1,4,1,1,2,1,,,611bf5c145247a98f2eb23e1,Chrome,117.0.0.0,Windows NT 10.0,1920x1080,'-2~fl~-2fn.jpeg~79~0.6400000000000001~-1~fl~-1fn.jpeg~78~0.010000000000000002~0~fl~0fl.jpeg~105~2.3409~1~fl~10fn.jpeg~118~5.522500000000001~2~fl~8cn.jpeg~111~6.25~3~fl~11fl.jpeg~80~0.010000000000000002~4~fl~5cn.jpeg~100~0.010000000000000002~5~fl~6cl.jpeg~77~3.3856~6~fl~2fn.jpeg~132~6.1504~7~fl~12fl.jpeg~89~0.7224999999999999~8~fl~4cn.jpeg~108~8.1225~9~fl~1cn.jpeg~88~5.76~10~fl~3fn.jpeg~108~6.400899999999999~11~fl~7fn.jpeg~60~7.5625~12~fl~9fl.jpeg~129~0.9409~,"[10,8,11,5,6,2,12,4,1,3,7,9]",,13,fl
10/3/2023 16:57,10/3/2023 17:08,0,100,664,1,10/3/2023 17:08,R_1pSCRSemkXHPkCg,anonymous,EN,1,1,1,1,1,2,1,,,60187a2565aa9512f7e2cbdc,Chrome,116.0.0.0,Windows NT 10.0,1191x670,'-2~fn~-2fn.jpeg~78~1.3923999999999999~-1~fn~-1cn.jpeg~79~17.305600000000002~0~fn~0fl.jpeg~110~7.952399999999999~1~fn~5fn.jpeg~93~11.7649~2~fn~11cl.jpeg~90~20.5209~3~fn~12fn.jpeg~81~16.080099999999998~4~fn~10fn.jpeg~118~10.6929~5~fn~2cn.jpeg~120~5.1529~6~fn~1fn.jpeg~84~2.6244000000000005~7~fn~6cn.jpeg~80~11.628100000000002~8~fn~8cl.jpeg~109~12.6736~9~fn~9cl.jpeg~117~9.4864~10~fn~3fl.jpeg~102~7.0756000000000006~11~fn~7fl.jpeg~60~11.424399999999999~12~fn~4fl.jpeg~135~10.3041~,"[5,11,12,10,2,1,6,8,9,3,7,4]",,13,fn
10/3/2023 16:57,10/3/2023 17:09,0,100,701,1,10/3/2023 17:09,R_1LcxvkSL8iQbGGD,anonymous,EN,0.899999976,1,1,1,1,1,1,,,5e395ff3283751000b11e6a8,Chrome,117.0.0.0,Windows NT 10.0,1920x1080,'-2~fn~-2fn.jpeg~79~1.9320999999999997~-1~fn~-1cl.jpeg~77~17.64~0~fn~0cn.jpeg~104~8.2369~1~fn~10cn.jpeg~112~18.147599999999997~2~fn~3fn.jpeg~101~6.300099999999999~3~fn~6cl.jpeg~76~13.3225~4~fn~11cl.jpeg~83~16.728099999999998~5~fn~2fl.jpeg~127~4.5796~6~fn~4fn.jpeg~111~11.902500000000002~7~fn~7fn.jpeg~65~4.7961~8~fn~1cn.jpeg~86~2.8899999999999997~9~fn~9fl.jpeg~130~16.3216~10~fn~12fn.jpeg~91~16.3216~11~fn~8cn.jpeg~97~9.9225~12~fn~5cn.jpeg~103~14.2129~,"[10,3,6,11,2,4,7,1,9,12,8,5]",,13,fn
10/3/2023 16:57,10/3/2023 17:09,0,100,702,1,10/3/2023 17:09,R_1l05gtxxZ6ZoPfV,anonymous,EN,1,1,1,1,1,2,3,Everything its ok,The sales trend,6148c3cdf59a6c1590d69b26,Chrome,116.0.0.0,Macintosh,1440x900,'-2~cn~-2cn.jpeg~79~1.8769000000000002~-1~cn~-1fn.jpeg~79~2.8223999999999996~0~cn~0fn.jpeg~105~8.1225~1~cn~5fl.jpeg~100~7.839999999999999~2~cn~3fl.jpeg~103~1.2995999999999999~3~cn~11cn.jpeg~94~13.690000000000001~4~cn~2cl.jpeg~119~1.0404~5~cn~9fl.jpeg~134~4.9729~6~cn~12fn.jpeg~90~5.6644~7~cn~8cl.jpeg~104~15.760900000000001~8~cn~4fn.jpeg~131~2.0448999999999997~9~cn~1fl.jpeg~79~0.36~10~cn~7fn.jpeg~60~0.2601~11~cn~10fl.jpeg~126~18.6624~12~cn~6cl.jpeg~77~4.840000000000001~,"[5,3,11,2,9,12,8,4,1,7,10,6]",,13,cn
10/3/2023 16:57,10/3/2023 17:09,0,100,719,1,10/3/2023 17:09,R_2f9959FhBKs4MJv,anonymous,EN,0.899999976,2,1,1,1,2,1,,,5f8040a15e9c0003ae16dc31,Chrome,117.0.0.0,Windows NT 10.0,1536x864,'-2~cn~-2cl.jpeg~100~0.010000000000000002~-1~cn~-1fn.jpeg~79~18.3184~0~cn~0cn.jpeg~104~6.969600000000001~1~cn~9cl.jpeg~118~11.289599999999998~2~cn~10cn.jpeg~114~16.892100000000003~3~cn~12cn.jpeg~97~11.0224~4~cn~5cn.jpeg~105~9.1809~5~cn~3cl.jpeg~102~3.8415999999999997~6~cn~11fn.jpeg~95~4.2436~7~cn~4fl.jpeg~131~5.6644~8~cn~6cl.jpeg~85~3.0976~9~cn~2fl.jpeg~129~4.5796~10~cn~8fn.jpeg~105~1.5129~11~cn~1fl.jpeg~78~2.0448999999999997~12~cn~7cl.jpeg~78~10.1761~,"[9,10,12,5,3,11,4,6,2,8,1,7]",,13,cn
10/3/2023 16:57,10/3/2023 17:09,0,100,742,1,10/3/2023 17:09,R_1FzZgk0tCxOJihs,anonymous,EN,0.899999976,1,1,1,1,2,1,,,610b17601d24df888c27063f,Opera,102.0.0.0,Windows NT 10.0,1920x1080,'-2~fn~-2fl.jpeg~78~1.9320999999999997~-1~fn~-1fn.jpeg~78~17.139599999999998~0~fn~0fl.jpeg~108~8.1225~1~fn~9cn.jpeg~118~8.468100000000002~2~fn~7cl.jpeg~77~4.494400000000001~3~fn~6cn.jpeg~96~16.160399999999996~4~fn~8fl.jpeg~116~19.4481~5~fn~5cl.jpeg~101~10.112400000000001~6~fn~10fn.jpeg~113~18.147599999999997~7~fn~12cn.jpeg~85~14.5924~8~fn~4cn.jpeg~111~5.7121~9~fn~1fl.jpeg~78~1.0201~10~fn~11cn.jpeg~93~7.2360999999999995~11~fn~3cn.jpeg~101~1.2768999999999997~12~fn~2fl.jpeg~130~7.0756000000000006~,"[9,7,6,8,5,10,12,4,1,11,3,2]",,13,fn
10/3/2023 17:00,10/3/2023 17:10,0,100,590,1,10/3/2023 17:10,R_Ah88b6KzQc7Kych,anonymous,EN,1,1,1,1,1,2,1,,,6108139e89cc5e0bcc998019,Chrome,117.0.0.0,Windows NT 10.0,1920x1080,'-2~cl~-2fl.jpeg~77~1.8496000000000004~-1~cl~-1fn.jpeg~76~0.17639999999999997~0~cl~0fl.jpeg~106~14.5161~1~cl~5cn.jpeg~100~5.8081000000000005~2~cl~11cn.jpeg~94~5.8081000000000005~3~cl~1cl.jpeg~87~1.8496000000000004~4~cl~6cl.jpeg~79~3.8809~5~cl~2fl.jpeg~129~0.6241000000000001~6~cl~4cl.jpeg~119~0.7395999999999999~7~cl~12fl.jpeg~89~7.4529~8~cl~8cn.jpeg~98~2.7224999999999997~9~cl~3fn.jpeg~105~1.7689000000000001~10~cl~9cl.jpeg~118~6.969600000000001~11~cl~10fn.jpeg~102~1.4641~12~cl~7fl.jpeg~63~7.2360999999999995~,"[5,11,1,6,2,4,12,8,3,9,10,7]",,13,cl
10/3/2023 17:00,10/3/2023 17:10,0,100,657,1,10/3/2023 17:10,R_1rkPCuhHSZe91VL,anonymous,EN,1,1,1,1,1,1,3,,,64d9183fba19eff7848d1e92,Chrome,117.0.0.0,Windows NT 10.0,1920x1080,'-2~cn~-2cl.jpeg~78~2.4964000000000004~-1~cn~-1fn.jpeg~79~16.81~0~cn~0fl.jpeg~107~5.1983999999999995~1~cn~7fl.jpeg~60~14.3641~2~cn~3fl.jpeg~101~0.7921~3~cn~6fn.jpeg~91~5.475599999999999~4~cn~10cl.jpeg~120~11.902500000000002~5~cn~9fl.jpeg~129~8.7616~6~cn~12cl.jpeg~95~7.4529~7~cn~4fl.jpeg~134~13.3225~8~cn~2cl.jpeg~117~3.61~9~cn~11cn.jpeg~97~5.1529~10~cn~5cn.jpeg~104~4~11~cn~1fn.jpeg~97~0.010000000000000002~12~cn~8fn.jpeg~107~0.010000000000000002~,"[7,3,6,10,9,12,4,2,11,5,1,8]",,13,cn
10/3/2023 16:57,10/3/2023 17:11,0,100,811,1,10/3/2023 17:11,R_3JIRpxeMfPmXgGW,anonymous,EN,0.899999976,1,1,1,1,1,2,,Test our capability to predict results based on simple graphics,5f63a183f422c50c4c81ef93,Chrome,117.0.0.0,Windows NT 10.0,1280x720,'-2~cn~-2cl.jpeg~79~1.0816000000000001~-1~cn~-1fn.jpeg~82~6.5024999999999995~0~cn~0cl.jpeg~107~7.2360999999999995~1~cn~3cn.jpeg~109~2.1609~2~cn~2cn.jpeg~125~4.120899999999999~3~cn~10fl.jpeg~136~18.576099999999997~4~cn~12cn.jpeg~116~6.864400000000001~5~cn~7fl.jpeg~60~6.25~6~cn~6cn.jpeg~107~4.5796~7~cn~5cn.jpeg~114~5.1983999999999995~8~cn~11cn.jpeg~109~1.7424000000000002~9~cn~8fl.jpeg~117~4.4521~10~cn~1cn.jpeg~94~4.5796~11~cn~9cn.jpeg~127~3.61~12~cn~4fl.jpeg~137~7.6729~,"[3,2,10,12,7,6,5,11,8,1,9,4]",,13,cn
10/3/2023 16:57,10/3/2023 17:11,0,100,820,1,10/3/2023 17:11,R_2QiHGga3KSR2Sdg,anonymous,EN,0.899999976,1,1,1,1,1,1,,pattern recognition?,5aca8df5436f550001000d03,Firefox,118,Windows NT 10.0,1366x768,'-2~cn~-2fl.jpeg~78~1.7689000000000001~-1~cn~-1cl.jpeg~76~16.9744~0~cn~0cn.jpeg~104~4.3264000000000005~1~cn~8fn.jpeg~106~4.9729~2~cn~6cl.jpeg~78~7.6729~3~cn~2fn.jpeg~119~3.1684~4~cn~10fn.jpeg~108~6.002500000000001~5~cn~4cn.jpeg~107~11.559999999999999~6~cn~9cl.jpeg~118~5.1983999999999995~7~cn~11fn.jpeg~92~7.839999999999999~8~cn~3fn.jpeg~105~1.8496000000000004~9~cn~12fl.jpeg~92~10.240000000000002~10~cn~5fn.jpeg~98~2.7224999999999997~11~cn~7cn.jpeg~75~0.43560000000000004~12~cn~1cl.jpeg~87~0.16809999999999997~,"[8,6,2,10,4,9,11,3,12,5,7,1]",,13,cn
10/3/2023 16:57,10/3/2023 17:11,0,100,853,1,10/3/2023 17:11,R_db4MZ6XvlzghiyB,anonymous,EN,1,1,1,1,1,2,1,,,5658000ca9872d0011e1ba26,Firefox,118,Windows NT 10.0,2560x1440,'-2~cl~-2fl.jpeg~77~1.9599999999999997~-1~cl~-1fn.jpeg~78~17.472399999999997~0~cl~0fl.jpeg~107~8.41~1~cl~12fl.jpeg~90~19.009600000000002~2~cl~10cl.jpeg~125~20.160100000000003~3~cl~4cl.jpeg~119~0.9409~4~cl~5cn.jpeg~107~9.796899999999999~5~cl~9cn.jpeg~111~1.6384~6~cl~1fl.jpeg~79~0.07840000000000001~7~cl~8cl.jpeg~106~16.728099999999998~8~cl~6cn.jpeg~89~21.436899999999998~9~cl~11cl.jpeg~89~9.672099999999999~10~cl~7fl.jpeg~62~7.290000000000001~11~cl~3fl.jpeg~104~0.7569~12~cl~2cn.jpeg~117~1.1664~,"[12,10,4,5,9,1,8,6,11,7,3,2]",,13,cl
10/3/2023 16:57,10/3/2023 17:12,0,100,865,1,10/3/2023 17:12,R_10COwhE48EPuPZD,anonymous,EN,1,1,1,1,1,1,1,Study was great.,Sales projections and data/graph analytics,60a0b744298c64d46b63e893,Chrome,117.0.0.0,Windows NT 10.0,1366x768,'-2~fl~-2cn.jpeg~77~1.9320999999999997~-1~fl~-1fn.jpeg~78~17.472399999999997~0~fl~0cl.jpeg~106~8.2369~1~fl~12fl.jpeg~82~0.6889~2~fl~3cl.jpeg~100~0.2601~3~fl~10cl.jpeg~120~13.5424~4~fl~5fl.jpeg~106~6.604899999999999~5~fl~2cl.jpeg~117~0.1296~6~fl~11cl.jpeg~89~5.9049000000000005~7~fl~9cl.jpeg~111~4.4521~8~fl~8fl.jpeg~98~4.536899999999999~9~fl~7cn.jpeg~70~0.010000000000000002~10~fl~6fn.jpeg~99~5.522500000000001~11~fl~4cn.jpeg~124~3.0976~12~fl~1cn.jpeg~89~0.9025~,"[12,3,10,5,2,11,9,8,7,6,4,1]",,13,fl
10/3/2023 16:57,10/3/2023 17:12,0,100,862,1,10/3/2023 17:12,R_3MlBqKhPTQyH2T7,anonymous,EN,1,1,1,3,1,2,2,,Sales,613ddd0b1da5b303d8991bc8,Chrome,117.0.0.0,Windows NT 10.0,1366x768,'-2~cn~-2cl.jpeg~76~1.8769000000000002~-1~cn~-1fl.jpeg~78~17.472399999999997~0~cn~0fn.jpeg~107~7.839999999999999~1~cn~11fn.jpeg~80~3.7249~2~cn~5fl.jpeg~74~8.1225~3~cn~7fl.jpeg~70~9.2416~4~cn~4cl.jpeg~100~1.2544000000000002~5~cn~12cl.jpeg~80~13.9129~6~cn~9cl.jpeg~86~7.0225~7~cn~1fl.jpeg~80~1.2100000000000002~8~cn~10fl.jpeg~140~14.5161~9~cn~2fn.jpeg~132~1.3224999999999998~10~cn~8fn.jpeg~91~1~11~cn~6cn.jpeg~82~4.9729~12~cn~3cn.jpeg~98~1.4884~,"[11,5,7,4,12,9,1,10,2,8,6,3]",,13,cn
10/3/2023 17:00,10/3/2023 17:12,0,100,711,1,10/3/2023 17:12,R_1rxA0tyZlgraElz,anonymous,EN,1,1,1,1,1,1,1,,,60ec17bbca621383f7703474,Chrome,117.0.0.0,Windows NT 10.0,1920x1080,'-2~fn~-2fn.jpeg~79~1.9320999999999997~-1~fn~-1fl.jpeg~79~17.8084~0~fn~0cl.jpeg~108~7.839999999999999~1~fn~3cn.jpeg~103~3.1329000000000002~2~fn~12cl.jpeg~95~7.3441~3~fn~7cn.jpeg~76~3.6864~4~fn~11fl.jpeg~80~9.9225~5~fn~8fl.jpeg~115~7.0756000000000006~6~fn~2fl.jpeg~131~2.25~7~fn~6cl.jpeg~77~6.300099999999999~8~fn~10cn.jpeg~111~7.3441~9~fn~1cl.jpeg~88~1.0816000000000001~10~fn~9cn.jpeg~115~3.4969000000000006~11~fn~5fn.jpeg~101~5.6169~12~fn~4cn.jpeg~115~4.5796~,"[3,12,7,11,8,2,6,10,1,9,5,4]",,13,fn
10/3/2023 16:57,10/3/2023 17:12,0,100,877,1,10/3/2023 17:12,R_2cejmETEbe5p6hi,anonymous,EN,1,1,1,1,1,1,1,Interesting survey.,If I was able to forecast sales by using past sales data from the chart.,5d16badb7b0154001a282fdb,Chrome,116.0.0.0,CrOS x86_64 14541.0.0,1745x981,'-2~fn~-2fl.jpeg~86~0.5776~-1~fn~-1cn.jpeg~80~17.222500000000004~0~fn~0fl.jpeg~109~6.6564000000000005~1~fn~4cl.jpeg~116~2.4964000000000004~2~fn~6fl.jpeg~62~6.1504~3~fn~8cn.jpeg~106~14.0625~4~fn~3cl.jpeg~105~11.424399999999999~5~fn~9fn.jpeg~116~0.6241000000000001~6~fn~5fl.jpeg~95~16.728099999999998~7~fn~1cl.jpeg~87~0.6723999999999999~8~fn~10cn.jpeg~114~6.1504~9~fn~2fn.jpeg~117~5.3824~10~fn~7fn.jpeg~87~15.602500000000001~11~fn~12cn.jpeg~97~14.6689~12~fn~11fl.jpeg~81~0.1521~,"[4,6,8,3,9,5,1,10,2,7,12,11]",,13,fn
10/3/2023 16:57,10/3/2023 17:12,0,100,890,1,10/3/2023 17:12,R_2Wx1whbhGYwQ2Ue,anonymous,EN,1,1,1,1,1,1,1,,,5f48f497fae2763d537d2e6b,Chrome,109.0.0.0,Windows NT 10.0,1920x1080,'-2~fl~-2cn.jpeg~80~2.8899999999999997~-1~fl~-1fn.jpeg~91~17.977600000000002~0~fl~0cl.jpeg~106~2.5600000000000005~1~fl~5cl.jpeg~99~6.0516~2~fl~11cn.jpeg~97~7.2360999999999995~3~fl~12cl.jpeg~95~7.4529~4~fl~3cn.jpeg~105~5.1529~5~fl~7fl.jpeg~60~0.010000000000000002~6~fl~6fl.jpeg~60~0.010000000000000002~7~fl~8fn.jpeg~108~4.7961~8~fl~10fn.jpeg~120~11.2225~9~fl~4fn.jpeg~125~10.5625~10~fl~1fl.jpeg~78~0.010000000000000002~11~fl~9fn.jpeg~122~5.017600000000001~12~fl~2fl.jpeg~130~2.8223999999999996~,"[5,11,12,3,7,6,8,10,4,1,9,2]",,13,fl
10/3/2023 16:58,10/3/2023 17:12,0,100,865,1,10/3/2023 17:12,R_2WUVgOGGCn4hLvh,anonymous,EN,1,1,1,1,1,1,1,,Evaluating the ability of participants to forecast sales data and the influence of outliers/how data is presented (trend line or not) in data analysis and interpretation.,601e4c88252f60290cc57d4c,Chrome,117.0.0.0,Windows NT 10.0,1500x1000,'-2~fn~-2fn.jpeg~78~1.7956000000000003~-1~fn~-1cn.jpeg~78~16.892100000000003~0~fn~0fl.jpeg~106~7.952399999999999~1~fn~2cl.jpeg~118~1.6129~2~fn~3fl.jpeg~106~4.494400000000001~3~fn~5cl.jpeg~101~7.728399999999999~4~fn~11fl.jpeg~77~16.892100000000003~5~fn~7fn.jpeg~66~3.2761~6~fn~1cn.jpeg~86~2.7556~7~fn~12fl.jpeg~90~11.9716~8~fn~6cl.jpeg~78~3.1329000000000002~9~fn~10fn.jpeg~125~3.9204~10~fn~8fl.jpeg~116~3.4225000000000003~11~fn~9fl.jpeg~129~1.4884~12~fn~4fn.jpeg~122~1.6129~,"[2,3,5,11,7,1,12,6,10,8,9,4]",,13,fn
10/3/2023 16:57,10/3/2023 17:12,0,100,913,1,10/3/2023 17:12,R_3irodFc5BQxovcm,anonymous,EN,1,1,1,1,1,2,1,,,5cd0b82bae977b00015d30eb,Chrome,116.0.0.0,Windows NT 10.0,1280x800,'-2~fn~-2cn.jpeg~78~2.0164~-1~fn~-1fl.jpeg~78~17.892900000000004~0~fn~0cn.jpeg~108~7.952399999999999~1~fn~5cl.jpeg~103~15.920100000000001~2~fn~9cl.jpeg~116~8.0656~3~fn~11fn.jpeg~96~4.6225~4~fn~2cn.jpeg~116~4.840000000000001~5~fn~1fl.jpeg~78~1.6129~6~fn~4cl.jpeg~120~2.5921000000000003~7~fn~8fl.jpeg~106~17.139599999999998~8~fn~3fn.jpeg~102~3.9601~9~fn~10fl.jpeg~123~20.25~10~fn~7cn.jpeg~79~6.1504~11~fn~12fl.jpeg~91~7.182400000000001~12~fn~6fn.jpeg~90~11.696399999999999~,"[5,9,11,2,1,4,8,3,10,7,12,6]",,13,fn
10/3/2023 16:59,10/3/2023 17:12,0,100,812,1,10/3/2023 17:12,R_2QG8SkKT8aUYDuV,anonymous,EN,0.899999976,1,1,1,1,1,1,,The ability to understand graphics and predictions.,5c59866b2e4cc90001d08a07,Firefox,118,Windows NT 10.0,1366x768,'-2~fl~-2cn.jpeg~75~1.5129~-1~fl~-1fn.jpeg~78~17.8084~0~fl~0fl.jpeg~106~7.6729~1~fl~9cl.jpeg~117~6.864400000000001~2~fl~12fn.jpeg~87~10.5625~3~fl~4cl.jpeg~117~3.61~4~fl~2cl.jpeg~117~2.5600000000000005~5~fl~5fl.jpeg~98~4.2025~6~fl~6cn.jpeg~94~12.7449~7~fl~10cn.jpeg~116~9.302499999999998~8~fl~7fn.jpeg~84~4.752400000000001~9~fl~8cn.jpeg~108~8.820900000000002~10~fl~3fn.jpeg~106~6.002500000000001~11~fl~1fl.jpeg~78~1.6384~12~fl~11cn.jpeg~103~10.368400000000001~,"[9,12,4,2,5,6,10,7,8,3,1,11]",,13,fl
10/3/2023 17:01,10/3/2023 17:13,0,100,673,1,10/3/2023 17:13,R_3FLjvsAokr0U3dp,anonymous,EN,0.899999976,1,1,1,1,1,1,,,605cda6ab776aa5c6e301b8c,Chrome,117.0.0.0,Windows NT 10.0,1920x1080,'-2~fn~-2fn.jpeg~79~1.6641000000000001~-1~fn~-1cl.jpeg~77~5.3824~0~fn~0cn.jpeg~106~7.952399999999999~1~fn~12fn.jpeg~86~6.812099999999999~2~fn~1cn.jpeg~86~1.7689000000000001~3~fn~2cl.jpeg~117~2.1904~4~fn~7fn.jpeg~65~3.8809~5~fn~3fl.jpeg~104~2.4964000000000004~6~fn~4cn.jpeg~114~6.200100000000001~7~fn~6cn.jpeg~85~13.3225~8~fn~11cl.jpeg~81~2.5600000000000005~9~fn~8fl.jpeg~115~5.8081000000000005~10~fn~10cn.jpeg~112~3.3124000000000002~11~fn~5fn.jpeg~105~4.0804~12~fn~9cn.jpeg~119~1.9880999999999998~,"[12,1,2,7,3,4,6,11,8,10,5,9]",,13,fn
10/3/2023 16:57,10/3/2023 17:13,0,100,966,1,10/3/2023 17:13,R_3mglgeNWGHQ6ky4,anonymous,EN,0.899999976,1,1,1,1,1,1,"The font is too thin, it makes it very hard to read",,60fed3d892fa85f71f759543,Chrome,117.0.0.0,Windows NT 10.0,1536x864,'-2~fn~-2fl.jpeg~78~1.9880999999999998~-1~fn~-1fn.jpeg~78~17.472399999999997~0~fn~0fl.jpeg~106~8.2369~1~fn~9cl.jpeg~120~6.3504000000000005~2~fn~8cn.jpeg~102~5.2441~3~fn~4cl.jpeg~115~4.840000000000001~4~fn~3fl.jpeg~103~3.6481~5~fn~1fl.jpeg~79~0.6400000000000001~6~fn~5cl.jpeg~101~7.398400000000001~7~fn~7cl.jpeg~74~4.752400000000001~8~fn~2fl.jpeg~130~3.5721~9~fn~11cl.jpeg~83~6.3504000000000005~10~fn~12fl.jpeg~91~6.002500000000001~11~fn~10fl.jpeg~136~16.160399999999996~12~fn~6fl.jpeg~60~12.6025~,"[9,8,4,3,1,5,7,2,11,12,10,6]",,13,fn
10/3/2023 16:58,10/3/2023 17:14,0,100,968,1,10/3/2023 17:14,R_2sXu9AG2nGxmVbo,anonymous,EN,0.899999976,1,1,1,1,1,1,,How well do people understand graphs?,5c3a764874d1c6000138ea83,Chrome,117.0.0.0,Macintosh,1920x1080,'-2~cl~-2fl.jpeg~79~2.1025~-1~cl~-1cl.jpeg~78~17.892900000000004~0~cl~0fl.jpeg~107~7.896100000000001~1~cl~6fn.jpeg~88~12.180100000000001~2~cl~11cl.jpeg~81~6.1504~3~cl~7fn.jpeg~74~17.305600000000002~4~cl~3cn.jpeg~105~3.7249~5~cl~10cn.jpeg~116~12.7449~6~cl~9fl.jpeg~131~1.1025~7~cl~5cl.jpeg~107~2.4649~8~cl~8cl.jpeg~117~9.4249~9~cl~4cn.jpeg~107~10.758399999999998~10~cl~1fl.jpeg~86~12.180100000000001~11~cl~2cl.jpeg~119~3.61~12~cl~12fl.jpeg~84~10.1761~,"[6,11,7,3,10,9,5,8,4,1,2,12]",,13,cl
10/3/2023 16:57,10/3/2023 17:14,0,100,1010,1,10/3/2023 17:14,R_1CgrdUSO7XWlQQ0,anonymous,EN,1,3,1,1,1,1,1,,,60fd30932e74f14c65600b1b,Chrome,117.0.0.0,Windows NT 10.0,1920x1080,'-2~fl~-2fl.jpeg~81~5.289999999999999~-1~fl~-1cl.jpeg~77~17.977600000000002~0~fl~0fl.jpeg~106~8.2369~1~fl~4cl.jpeg~102~4.120899999999999~2~fl~3cl.jpeg~94~20.070400000000003~3~fl~6fn.jpeg~77~2.3716~4~fl~5cn.jpeg~88~0.5776~5~fl~2cl.jpeg~121~0.28090000000000004~6~fl~7cl.jpeg~76~2.1025~7~fl~8cn.jpeg~101~0.4624000000000001~8~fl~1fn.jpeg~80~1.7956000000000003~9~fl~9fl.jpeg~110~9.9225~10~fl~12fn.jpeg~85~11.833599999999999~11~fl~10cl.jpeg~114~16~12~fl~11fl.jpeg~80~11.356900000000001~,"[4,3,6,5,2,7,8,1,9,12,10,11]",,13,fl
10/3/2023 16:57,10/3/2023 17:14,0,100,1024,1,10/3/2023 17:14,R_1H2i0IsVeImnq3P,anonymous,EN,1,1,1,1,1,1,1,,,60b05d5bc60741f30dd410a0,Chrome,117.0.0.0,Windows NT 10.0,1920x1080,'-2~cl~-2cn.jpeg~80~0.22089999999999999~-1~cl~-1cn.jpeg~78~17.472399999999997~0~cl~0cn.jpeg~105~7.952399999999999~1~cl~5fn.jpeg~106~4.2025~2~cl~1cl.jpeg~89~0.6241000000000001~3~cl~6fn.jpeg~87~3.8809~4~cl~11cn.jpeg~93~3.8024999999999998~5~cl~4fl.jpeg~133~2.8223999999999996~6~cl~10cn.jpeg~113~2.3409~7~cl~2fn.jpeg~137~2.25~8~cl~7fl.jpeg~60~0.010000000000000002~9~cl~3fn.jpeg~105~0.010000000000000002~10~cl~9cl.jpeg~126~4.7089~11~cl~8cn.jpeg~106~2.3409~12~cl~12cn.jpeg~96~5.8081000000000005~,"[5,1,6,11,4,10,2,7,3,9,8,12]",,13,cl
10/3/2023 16:58,10/3/2023 17:14,0,100,1010,1,10/3/2023 17:14,R_5da1dqmNtoNTEEp,anonymous,EN,1,1,1,1,1,2,1,,,60c9f83c9e07879a1ca4ae3a,Chrome,117.0.0.0,Windows NT 10.0,1366x768,'-2~fl~-2cl.jpeg~78~1.9320999999999997~-1~fl~-1cn.jpeg~77~17.472399999999997~0~fl~0cl.jpeg~107~8.2369~1~fl~10cn.jpeg~77~9.8596~2~fl~3cn.jpeg~90~3.2041~3~fl~12fl.jpeg~121~1.7424000000000002~4~fl~6fn.jpeg~73~13.1769~5~fl~9cl.jpeg~82~4.536899999999999~6~fl~7cl.jpeg~112~10.956100000000001~7~fl~4cl.jpeg~116~2.3716~8~fl~2fl.jpeg~134~2.3104~9~fl~8fl.jpeg~65~15.4449~10~fl~5fn.jpeg~90~8.1225~11~fl~1cl.jpeg~91~1.6641000000000001~12~fl~11cl.jpeg~106~6.760000000000001~,"[10,3,12,6,9,7,4,2,8,5,1,11]",,13,fl
10/3/2023 16:57,10/3/2023 17:15,0,100,1034,1,10/3/2023 17:15,R_2t4g818pNFFsgl1,anonymous,EN,1,1,1,1,1,1,1,Not really,Probably how can someone without the proper knowledge about forecasting in sales can do it,5f600669b846780f0fe45709,Chrome,117.0.0.0,Windows NT 10.0,1920x1080,'-2~fn~-2cn.jpeg~77~1.2321000000000002~-1~fn~-1fl.jpeg~78~17.8084~0~fn~0cn.jpeg~106~8.3521~1~fn~8cn.jpeg~97~8.468100000000002~2~fn~12fn.jpeg~105~20.3401~3~fn~6fn.jpeg~89~10.5625~4~fn~11fl.jpeg~75~23.3289~5~fn~2fn.jpeg~130~2.8223999999999996~6~fn~3fl.jpeg~105~6.708099999999999~7~fn~4fl.jpeg~132~10.889999999999999~8~fn~5cl.jpeg~97~16.3216~9~fn~9fn.jpeg~125~5.8081000000000005~10~fn~1cn.jpeg~87~1.8496000000000004~11~fn~10fn.jpeg~104~20.793599999999998~12~fn~7fl.jpeg~62~12.3904~,"[8,12,6,11,2,3,4,5,9,1,10,7]",,13,fn
10/3/2023 16:57,10/3/2023 17:15,0,100,1069,1,10/3/2023 17:15,R_2Tn2oWNCNE04dLi,anonymous,EN,1,1,1,1,1,1,1,,,5dec6a96da522335df62a1b5,Chrome,117.0.0.0,Windows NT 10.0,1920x1080,'-2~fl~-2fl.jpeg~79~1.6384~-1~fl~-1fl.jpeg~77~17.977600000000002~0~fl~0cl.jpeg~106~8.3521~1~fl~2cn.jpeg~119~7.617599999999999~2~fl~10fl.jpeg~139~16.160399999999996~3~fl~3fl.jpeg~106~5.9536~4~fl~4fl.jpeg~132~8.179599999999999~5~fl~7cn.jpeg~81~5.1529~6~fl~6fn.jpeg~74~10.112400000000001~7~fl~12fl.jpeg~96~12.6025~8~fl~9fn.jpeg~129~9.796899999999999~9~fl~11cn.jpeg~84~6.969600000000001~10~fl~5fl.jpeg~104~6.300099999999999~11~fl~1cl.jpeg~85~7.896100000000001~12~fl~8cl.jpeg~112~15.132100000000001~,"[2,10,3,4,7,6,12,9,11,5,1,8]",,13,fl
10/3/2023 16:57,10/3/2023 17:15,0,100,1064,1,10/3/2023 17:15,R_ssYlil9Ntzmmhd7,anonymous,EN,1,1,1,1,1,2,1,Nothing in particular,Not sure. Do people always believe the trend line? Can they guess uncertainties?,58ff31a1d10e2b000108579e,Chrome,117.0.0.0,Windows NT 10.0,1920x1080,'-2~fl~-2cl.jpeg~78~2.0164~-1~fl~-1cn.jpeg~78~17.556100000000004~0~fl~0cn.jpeg~106~8.3521~1~fl~8fn.jpeg~105~13.987600000000002~2~fl~9cl.jpeg~117~8.2944~3~fl~4cl.jpeg~120~5.3824~4~fl~1fl.jpeg~79~1.2321000000000002~5~fl~5fl.jpeg~100~12.7449~6~fl~7fl.jpeg~60~4.494400000000001~7~fl~11cl.jpeg~89~10.4329~8~fl~12fl.jpeg~97~12.7449~9~fl~6fl.jpeg~61~8.8804~10~fl~10cl.jpeg~111~25~11~fl~2cn.jpeg~121~8.8804~12~fl~3fn.jpeg~103~4.2848999999999995~,"[8,9,4,1,5,7,11,12,6,10,2,3]",,13,fl
10/3/2023 16:57,10/3/2023 17:15,0,100,1087,1,10/3/2023 17:15,R_3RqFDtSiHoWUcvY,anonymous,EN,0.899999976,1,1,1,1,1,3,,,61267978e96853d3b974ca53,Chrome,117.0.0.0,Windows NT 10.0,1920x1080,'-2~cl~-2fn.jpeg~78~1.9320999999999997~-1~cl~-1fn.jpeg~79~17.7241~0~cl~0cl.jpeg~107~8.526399999999999~1~cl~9cn.jpeg~121~2.4964000000000004~2~cl~1cn.jpeg~88~1.2321000000000002~3~cl~6fn.jpeg~70~10.758399999999998~4~cl~4cn.jpeg~119~5.8081000000000005~5~cl~5fn.jpeg~104~6.200100000000001~6~cl~11fl.jpeg~80~19.8916~7~cl~3fn.jpeg~108~4.2848999999999995~8~cl~12cl.jpeg~94~20.070400000000003~9~cl~7cl.jpeg~77~9.796899999999999~10~cl~10cl.jpeg~120~22.5625~11~cl~8fl.jpeg~115~5.2441~12~cl~2cl.jpeg~118~1.0816000000000001~,"[9,1,6,4,5,11,3,12,7,10,8,2]",,13,cl
10/3/2023 16:57,10/3/2023 17:17,0,100,1155,1,10/3/2023 17:17,R_bja06WW2bWBKb85,anonymous,EN,1,1,1,1,1,2,2,,,6110cc0378dda680e731b3a7,Chrome,117.0.0.0,Windows NT 10.0,1280x720,'-2~fl~-2cn.jpeg~78~1.8769000000000002~-1~fl~-1cl.jpeg~78~17.64~0~fl~0cl.jpeg~107~8.2369~1~fl~2cl.jpeg~118~10.956100000000001~2~fl~5fn.jpeg~113~13.987600000000002~3~fl~12fl.jpeg~111~13.249600000000001~4~fl~6cn.jpeg~99~15.4449~5~fl~10fl.jpeg~108~22.752899999999997~6~fl~8fn.jpeg~99~1.6129~7~fl~11cn.jpeg~86~13.6161~8~fl~4fl.jpeg~123~11.628100000000002~9~fl~9cn.jpeg~109~12.180100000000001~10~fl~1fl.jpeg~79~6.864400000000001~11~fl~7cn.jpeg~82~8.7025~12~fl~3cl.jpeg~99~7.0225~,"[2,5,12,6,10,8,11,4,9,1,7,3]",,13,fl
10/3/2023 16:57,10/3/2023 17:18,0,100,1226,1,10/3/2023 17:18,R_9tnv277PBWq18hH,anonymous,EN,1,1,1,1,1,1,1,,,608254e72addda3937fd934b,Chrome,117.0.0.0,Windows NT 10.0,1024x576,'-2~fl~-2fn.jpeg~100~0.010000000000000002~-1~fl~-1fl.jpeg~100~0.010000000000000002~0~fl~0cn.jpeg~100~0.010000000000000002~1~fl~3cl.jpeg~100~7.5625~2~fl~2cl.jpeg~117~2.4964000000000004~3~fl~9fl.jpeg~130~6.4516~4~fl~11fl.jpeg~81~5.6644~5~fl~10cn.jpeg~116~5.107599999999999~6~fl~8fn.jpeg~105~2.1025~7~fl~4cl.jpeg~120~4.2848999999999995~8~fl~1fl.jpeg~79~0.42250000000000004~9~fl~5cn.jpeg~104~6.5024999999999995~10~fl~6cn.jpeg~92~6.100900000000001~11~fl~7fl.jpeg~60~5.1983999999999995~12~fl~12fn.jpeg~95~17.7241~,"[3,2,9,11,10,8,4,1,5,6,7,12]",,13,fl
10/3/2023 16:58,10/3/2023 17:18,0,100,1176,1,10/3/2023 17:18,R_114t7KGQgJZbstL,anonymous,EN,1,1,1,1,1,1,1,,,6425da2ae14ac64b0138c3cb,Firefox,118,Windows NT 10.0,2560x1440,'-2~cn~-2cl.jpeg~77~1.9043999999999996~-1~cn~-1cl.jpeg~77~17.556100000000004~0~cn~0cn.jpeg~106~8.1225~1~cn~2fn.jpeg~133~2.8899999999999997~2~cn~8cl.jpeg~108~7.398400000000001~3~cn~10fn.jpeg~115~6.400899999999999~4~cn~11cn.jpeg~96~6.604899999999999~5~cn~9fl.jpeg~128~6.5024999999999995~6~cn~6fn.jpeg~89~8.1225~7~cn~1cl.jpeg~88~1.2321000000000002~8~cn~7cn.jpeg~77~5.522500000000001~9~cn~3fl.jpeg~105~3.8024999999999998~10~cn~12fn.jpeg~97~6.25~11~cn~5cn.jpeg~104~6.760000000000001~12~cn~4cn.jpeg~118~4.120899999999999~,"[2,8,10,11,9,6,1,7,3,12,5,4]",,13,cn
10/3/2023 16:57,10/3/2023 17:18,0,100,1236,1,10/3/2023 17:18,R_2uNCHb7q0YjokUO,anonymous,EN,0.899999976,1,1,1,1,1,1,,,5f26c4f22e5cdb000b5914d1,Firefox,117,Macintosh,1512x982,'-2~cn~-2cl.jpeg~77~1.7956000000000003~-1~cn~-1fl.jpeg~78~17.892900000000004~0~cn~0fl.jpeg~106~8.179599999999999~1~cn~3cn.jpeg~104~2.5921000000000003~2~cn~6cl.jpeg~76~9.4864~3~cn~8fl.jpeg~116~9.060099999999998~4~cn~7cn.jpeg~75~4.6225~5~cn~4cn.jpeg~112~1.9880999999999998~6~cn~2fl.jpeg~128~1.5625~7~cn~11cn.jpeg~97~7.507600000000001~8~cn~9cn.jpeg~118~2.8899999999999997~9~cn~5cl.jpeg~101~4.9729~10~cn~12fn.jpeg~83~7.3441~11~cn~10cn.jpeg~114~6.4516~12~cn~1fl.jpeg~77~1.0609~,"[3,6,8,7,4,2,11,9,5,12,10,1]",,13,cn
10/3/2023 16:57,10/3/2023 17:18,0,100,1218,1,10/3/2023 17:18,R_2uE5iFKAa9FhCLr,anonymous,EN,1,1,1,1,1,1,1,,,5baf6705848bbd0001d6fc8a,Chrome,117.0.0.0,Windows NT 10.0,1536x864,'-2~fl~-2fl.jpeg~78~1.9043999999999996~-1~fl~-1cl.jpeg~79~17.8084~0~fl~0cn.jpeg~104~8.179599999999999~1~fl~12cn.jpeg~86~10.112400000000001~2~fl~7fn.jpeg~63~2.9240999999999997~3~fl~1fn.jpeg~83~2.5281000000000002~4~fl~11cn.jpeg~91~10.112400000000001~5~fl~9fn.jpeg~112~5.6644~6~fl~5cl.jpeg~102~10.368400000000001~7~fl~8cl.jpeg~112~19.713600000000003~8~fl~3cl.jpeg~102~4.494400000000001~9~fl~6fl.jpeg~60~18.7489~10~fl~10fl.jpeg~137~25~11~fl~4fl.jpeg~134~5.6644~12~fl~2fn.jpeg~137~4.5796~,"[12,7,1,11,9,5,8,3,6,10,4,2]",,13,fl
10/3/2023 16:58,10/3/2023 17:19,0,100,1245,1,10/3/2023 17:19,R_2VCQbNix7p1pBHU,anonymous,EN,0.899999976,1,1,1,1,1,1,,How certain are people given some additional information (trend line),596634e005f2df00017281ae,Chrome,117.0.0.0,Windows NT 10.0,1920x1080,'-2~cl~-2cl.jpeg~78~2.0736~-1~cl~-1fl.jpeg~78~17.64~0~cl~0cn.jpeg~106~8.940100000000001~1~cl~3cl.jpeg~100~2.4025000000000003~2~cl~12fn.jpeg~92~10.5625~3~cl~6fl.jpeg~60~9.796899999999999~4~cl~9cn.jpeg~116~6.200100000000001~5~cl~7cn.jpeg~70~3.1329000000000002~6~cl~11fn.jpeg~83~7.0756000000000006~7~cl~8fl.jpeg~114~12.0409~8~cl~1cl.jpeg~88~0.7395999999999999~9~cl~5cn.jpeg~100~15.5236~10~cl~10fn.jpeg~116~8.468100000000002~11~cl~2fn.jpeg~127~2.1904~12~cl~4fn.jpeg~116~4.928400000000001~,"[3,12,6,9,7,11,8,1,5,10,2,4]",,13,cl
10/3/2023 17:00,10/3/2023 17:19,0,100,1176,1,10/3/2023 17:19,R_2YyyNClBfwUkt0Y,anonymous,EN,1,1,1,1,1,1,3,nope,The way we predict things.,61301fcb49db2f170cb02b93,Chrome,117.0.0.0,Windows NT 10.0,1280x1024,'-2~cl~-2cl.jpeg~73~6.864400000000001~-1~cl~-1cl.jpeg~77~17.64~0~cl~0cn.jpeg~108~8.0656~1~cl~6fl.jpeg~88~17.0569~2~cl~7fn.jpeg~66~12.8164~3~cl~10cl.jpeg~109~20.793599999999998~4~cl~1fl.jpeg~78~4.494400000000001~5~cl~9cn.jpeg~122~11.1556~6~cl~2cl.jpeg~119~3.0976~7~cl~11fn.jpeg~91~13.249600000000001~8~cl~4fl.jpeg~122~16.892100000000003~9~cl~3fl.jpeg~103~10.368400000000001~10~cl~12cn.jpeg~93~8.940100000000001~11~cl~8cl.jpeg~107~7.4529~12~cl~5cl.jpeg~101~6.708099999999999~,"[6,7,10,1,9,2,11,4,3,12,8,5]",,13,cl
10/3/2023 16:58,10/3/2023 17:19,0,100,1314,1,10/3/2023 17:19,R_22EAiFdwGPN2Rat,anonymous,EN,1,1,1,5,1,2,1,I was thoroughly confused about the uncertainty I was down to guessing in the end.,How people perceive how events play out given certain factors presented to them,5caa534a19731a00190bb935,Chrome,117.0.0.0,Macintosh,1470x956,'-2~cn~-2cn.jpeg~78~1.8769000000000002~-1~cn~-1fl.jpeg~78~17.305600000000002~0~cn~0fn.jpeg~104~6.200100000000001~1~cn~10fn.jpeg~111~3.8809~2~cn~3cl.jpeg~103~6.604899999999999~3~cn~9cl.jpeg~119~11.7649~4~cn~1cl.jpeg~88~2.3104~5~cn~6fn.jpeg~94~5.2441~6~cn~7fl.jpeg~60~15.6816~7~cn~2cl.jpeg~118~9.985600000000002~8~cn~11cl.jpeg~89~2.7889~9~cn~12cn.jpeg~97~9.302499999999998~10~cn~5cn.jpeg~103~7.4529~11~cn~8fl.jpeg~118~7.5625~12~cn~4cn.jpeg~118~6.812099999999999~,"[10,3,9,1,6,7,2,11,12,5,8,4]",,13,cn
10/3/2023 16:57,10/3/2023 17:19,0,100,1351,1,10/3/2023 17:19,R_bxXtVfhA7e6ECfD,anonymous,EN,1,1,1,1,1,1,1,,I dont have a clue,605d34ffa51bd5dd5f8fad8e,Chrome,117.0.0.0,Windows NT 10.0,1360x768,'-2~fl~-2fl.jpeg~79~2.1609~-1~fl~-1cl.jpeg~66~1.1025~0~fl~0fn.jpeg~114~4.040099999999999~1~fl~5cl.jpeg~114~2.3716~2~fl~3cn.jpeg~95~2.5281000000000002~3~fl~2fn.jpeg~116~1.2544000000000002~4~fl~6fl.jpeg~71~0.42250000000000004~5~fl~12cl.jpeg~85~6.1504~6~fl~7cn.jpeg~70~9.2416~7~fl~9fl.jpeg~129~0.8464~8~fl~8fn.jpeg~84~0.010000000000000002~9~fl~11cl.jpeg~80~0.010000000000000002~10~fl~10fn.jpeg~121~8.820900000000002~11~fl~1cn.jpeg~100~14.5161~12~fl~4fn.jpeg~108~0.2601~,"[5,3,2,6,12,7,9,8,11,10,1,4]",,13,fl
10/3/2023 17:10,10/3/2023 17:20,0,100,571,1,10/3/2023 17:20,R_CdyI6cmCmll4dy1,anonymous,EN,1,1,1,1,1,1,2,Nothing really. Pretty interesring survey.,If participants are able to analyze and predict data visually.,5cfddbd3ee0b1500019fa84c,Chrome,117.0.0.0,Windows NT 10.0,1920x1080,'-2~cn~-2cl.jpeg~75~1.7956000000000003~-1~cn~-1cl.jpeg~77~17.222500000000004~0~cn~0fl.jpeg~107~8.1225~1~cn~2cn.jpeg~113~2.25~2~cn~11cn.jpeg~99~5.9536~3~cn~10cl.jpeg~106~9.9225~4~cn~4cl.jpeg~122~1.3923999999999999~5~cn~5cl.jpeg~107~3.4969000000000006~6~cn~12cn.jpeg~83~6.812099999999999~7~cn~9fn.jpeg~109~0.5776~8~cn~6fl.jpeg~62~5.017600000000001~9~cn~1cl.jpeg~88~1.1236000000000002~10~cn~3fn.jpeg~100~0.27040000000000003~11~cn~8fl.jpeg~120~0.3844~12~cn~7cn.jpeg~76~4.5796~,"[2,11,10,4,5,12,9,6,1,3,8,7]",,13,cn
10/3/2023 16:57,10/3/2023 17:21,0,100,1410,1,10/3/2023 17:21,R_1DNd6xDtPn5SgDL,anonymous,EN,1,1,1,1,1,2,2,No,To know how people interpret trends based on scatered graphs and if the tendency lines help people predict better the data,613a972033d79df11a6570de,Chrome,117.0.0.0,Windows NT 10.0,1280x720,'-2~fn~-2fn.jpeg~78~2.0164~-1~fn~-1fn.jpeg~78~17.7241~0~fn~0cn.jpeg~106~8.2944~1~fn~4cl.jpeg~120~5.1983999999999995~2~fn~8cl.jpeg~105~6.604899999999999~3~fn~10cn.jpeg~114~10.112400000000001~4~fn~1cl.jpeg~88~0.1024~5~fn~7fn.jpeg~61~0.25~6~fn~3cl.jpeg~102~1.1236000000000002~7~fn~11fl.jpeg~88~11.696399999999999~8~fn~12cl.jpeg~106~9.1809~9~fn~6fl.jpeg~83~11.1556~10~fn~5cn.jpeg~104~11.289599999999998~11~fn~2fl.jpeg~130~4.752400000000001~12~fn~9fl.jpeg~121~7.952399999999999~,"[4,8,10,1,7,3,11,12,6,5,2,9]",,13,fn
10/3/2023 16:57,10/3/2023 17:21,0,100,1443,1,10/3/2023 17:21,R_3nknoOjL9falQ27,anonymous,EN,1,1,1,1,1,1,1,,The main goal is to create a way to predict the sales in order to help stores take decisions about stock and production.,61376ba6f5c778bbb8db6b1a,Chrome,117.0.0.0,Windows NT 10.0,1920x1080,'-2~cn~-2cl.jpeg~78~2.0164~-1~cn~-1cn.jpeg~78~17.556100000000004~0~cn~0fn.jpeg~107~8.3521~1~cn~12cn.jpeg~88~7.896100000000001~2~cn~11cl.jpeg~88~14.5924~3~cn~2fn.jpeg~126~3.4969000000000006~4~cn~10cl.jpeg~119~12.0409~5~cn~6fl.jpeg~60~18.4041~6~cn~8fl.jpeg~114~8.8804~7~cn~3cn.jpeg~105~3.61~8~cn~9cn.jpeg~121~10.240000000000002~9~cn~7cn.jpeg~74~8.584900000000001~10~cn~1fn.jpeg~83~1.3923999999999999~11~cn~5fn.jpeg~106~11.696399999999999~12~cn~4cn.jpeg~111~9.060099999999998~,"[12,11,2,10,6,8,3,9,7,1,5,4]",,13,cn
10/3/2023 16:57,10/3/2023 17:21,0,100,1426,1,10/3/2023 17:21,R_x91uD9iN0MzOYCZ,anonymous,EN,1,1,1,1,1,2,1,,,60955a048531613c66404fb2,Safari iPhone,17,iPhone,430x932,'-2~cl~-2cn.jpeg~77~1.5129~-1~cl~-1fn.jpeg~77~17.3889~0~cl~0fn.jpeg~107~10.497600000000002~1~cl~5fl.jpeg~107~6.760000000000001~2~cl~7fn.jpeg~77~2.3104~3~cl~11cl.jpeg~89~6.002500000000001~4~cl~3fn.jpeg~102~0.6241000000000001~5~cl~4fl.jpeg~131~5.3361~6~cl~9cn.jpeg~113~7.839999999999999~7~cl~8cn.jpeg~106~1.8769000000000002~8~cl~10cn.jpeg~112~3.6481~9~cl~6cl.jpeg~78~0.010000000000000002~10~cl~1cl.jpeg~89~0.6241000000000001~11~cl~12fn.jpeg~108~7.290000000000001~12~cl~2fn.jpeg~136~8.3521~,"[5,7,11,3,4,9,8,10,6,1,12,2]",,13,cl
10/3/2023 17:08,10/3/2023 17:22,0,100,880,1,10/3/2023 17:22,R_DJ3G48lK6YgzHgd,anonymous,EN,0.899999976,1,1,1,1,1,1,Very interesting and challenging.,Unpredictability in sales.,5996d2256b939900012d9f22,Chrome,117.0.0.0,Windows NT 10.0,1600x900,'-2~cn~-2fl.jpeg~79~1.9880999999999998~-1~cn~-1fn.jpeg~75~12.0409~0~cn~0cn.jpeg~106~1.1236000000000002~1~cn~5fn.jpeg~108~15.209999999999999~2~cn~10cl.jpeg~113~21.996100000000002~3~cn~9fl.jpeg~116~15.602500000000001~4~cn~3cn.jpeg~103~6.25~5~cn~2fl.jpeg~119~8.526399999999999~6~cn~8fn.jpeg~105~0.9025~7~cn~6cl.jpeg~90~17.0569~8~cn~11cn.jpeg~96~13.1769~9~cn~4cn.jpeg~117~8.6436~10~cn~12fn.jpeg~101~9.8596~11~cn~1fl.jpeg~76~0.9409~12~cn~7fl.jpeg~71~11.9716~,"[5,10,9,3,2,8,6,11,4,12,1,7]",,13,cn
10/3/2023 17:05,10/3/2023 17:23,0,100,1112,1,10/3/2023 17:23,R_1mhgLk1c4H9kA4j,anonymous,EN,1,1,1,1,1,1,1,Very interesting study,,5cdc88cc50f50f001a783112,Chrome,117.0.0.0,Windows NT 10.0,1600x900,'-2~fn~-2fl.jpeg~78~2.0736~-1~fn~-1fn.jpeg~78~17.472399999999997~0~fn~0fn.jpeg~107~6.760000000000001~1~fn~7cl.jpeg~78~10.4329~2~fn~8fl.jpeg~112~8.8804~3~fn~6fl.jpeg~75~7.4529~4~fn~5fn.jpeg~105~5.017600000000001~5~fn~1cn.jpeg~88~3.8809~6~fn~2fn.jpeg~122~4.2025~7~fn~9fn.jpeg~118~4.368099999999999~8~fn~4fn.jpeg~115~7.896100000000001~9~fn~12fn.jpeg~87~5.6169~10~fn~10cl.jpeg~119~10.758399999999998~11~fn~11cn.jpeg~97~6.4516~12~fn~3cl.jpeg~102~3.0625~,"[7,8,6,5,1,2,9,4,12,10,11,3]",,13,fn
10/3/2023 16:58,10/3/2023 17:34,0,100,2195,1,10/3/2023 17:34,R_3QuFcIlTbxmnupP,anonymous,EN,1,1,1,1,1,1,1,,,56b78f11e77ebe000cbefe79,Chrome,117.0.0.0,Macintosh,1440x900,'-2~fl~-2cl.jpeg~77~6.100900000000001~-1~fl~-1fn.jpeg~79~17.7241~0~fl~0fn.jpeg~106~7.617599999999999~1~fl~1cl.jpeg~89~0.32489999999999997~2~fl~4cn.jpeg~118~6.25~3~fl~8cn.jpeg~105~2.9583999999999997~4~fl~10fn.jpeg~119~6.604899999999999~5~fl~2cl.jpeg~115~4.040099999999999~6~fl~5fn.jpeg~103~9.3636~7~fl~11cl.jpeg~91~10.112400000000001~8~fl~6cn.jpeg~86~6.3504000000000005~9~fl~12fl.jpeg~95~5.8081000000000005~10~fl~9fn.jpeg~120~7.398400000000001~11~fl~3cl.jpeg~101~0.6723999999999999~12~fl~7cl.jpeg~76~7.3441~,"[1,4,8,10,2,5,11,6,12,9,3,7]",,13,fl
10/3/2023 17:07,10/3/2023 17:36,0,100,1735,1,10/3/2023 17:36,R_UMeFglDCZ9JEFSp,anonymous,EN,0.899999976,1,1,1,1,2,2,nothing,Ability to interpret trends,651972428b12a80258385752,Chrome,116.0.0.0,Windows NT 10.0,1536x864,'-2~cl~-2fl.jpeg~77~2.0164~-1~cl~-1fn.jpeg~77~17.556100000000004~0~cl~0cn.jpeg~106~8.1225~1~cl~1fn.jpeg~77~2.6895999999999995~2~cl~10fn.jpeg~107~13.6161~3~cl~9fn.jpeg~108~4.928400000000001~4~cl~5cl.jpeg~106~9.5481~5~cl~8cl.jpeg~106~4.2848999999999995~6~cl~12fn.jpeg~98~11.696399999999999~7~cl~11cn.jpeg~86~10.368400000000001~8~cl~6cl.jpeg~91~8.1225~9~cl~4cn.jpeg~123~3.5721~10~cl~3cn.jpeg~105~6.25~11~cl~7cl.jpeg~75~6.969600000000001~12~cl~2fn.jpeg~136~8.820900000000002~,"[1,10,9,5,8,12,11,6,4,3,7,2]",,13,cl
10/3/2023 17:05,10/3/2023 17:36,0,100,1839,1,10/3/2023 17:36,R_1hDYRztGDLYTV5o,anonymous,EN,0.899999976,1,1,1,1,2,2,none,How to read trends,63d508e7cfc3204304a949e2,Chrome,116.0.0.0,Windows NT 10.0,1536x864,'-2~fl~-2fl.jpeg~78~1.9599999999999997~-1~fl~-1cl.jpeg~78~17.64~0~fl~0fn.jpeg~106~8.2944~1~fl~3fn.jpeg~105~6.002500000000001~2~fl~10cl.jpeg~125~25~3~fl~1fl.jpeg~79~1.3224999999999998~4~fl~6cl.jpeg~88~6.100900000000001~5~fl~12cl.jpeg~101~10.4329~6~fl~2fl.jpeg~126~3.2761~7~fl~8cl.jpeg~97~9.2416~8~fl~11cl.jpeg~83~6.708099999999999~9~fl~9fn.jpeg~124~4.120899999999999~10~fl~5cn.jpeg~102~5.475599999999999~11~fl~4fn.jpeg~135~7.896100000000001~12~fl~7fl.jpeg~65~4.752400000000001~,"[3,10,1,6,12,2,8,11,9,5,4,7]",,13,fl
10/3/2023 16:58,10/3/2023 17:40,0,100,2546,1,10/3/2023 17:40,R_2Bb90ULak25eXVQ,anonymous,EN,0.899999976,1,1,1,1,2,2,It was a bit challenging yet fun.,It is studying the prediction made my a manager of forecast sales.,6102ee48644f517877d64d2b,Chrome,117.0.0.0,Windows NT 10.0,1366x768,'-2~fn~-2cn.jpeg~78~1.9320999999999997~-1~fn~-1cn.jpeg~78~17.64~0~fn~0cn.jpeg~106~8.2369~1~fn~3cl.jpeg~100~6.864400000000001~2~fn~12fl.jpeg~89~1.4884~3~fn~7cl.jpeg~85~1.3688999999999998~4~fn~9cl.jpeg~117~0.010000000000000002~5~fn~6cn.jpeg~80~0.010000000000000002~6~fn~1cl.jpeg~88~0.010000000000000002~7~fn~11cl.jpeg~89~0.4624000000000001~8~fn~2cl.jpeg~116~6.760000000000001~9~fn~8cl.jpeg~109~1.5376~10~fn~10fn.jpeg~100~0.010000000000000002~11~fn~5fl.jpeg~99~2.3104~12~fn~4fl.jpeg~134~10.8241~,"[3,12,7,9,6,1,11,2,8,10,5,4]",,13,fn
10/3/2023 16:57,10/3/2023 16:58,0,21,30,0,10/3/2023 17:58,R_0q9WbRyLxrmgWm5,anonymous,EN,0.899999976,,,,,,,,,,,,,,,"[12,5,1,2,4,10,11,7,3,9,6,8]",,-2,cn
10/3/2023 16:57,10/3/2023 16:58,0,21,40,0,10/3/2023 17:58,R_2TWPv9oc9kZsUYz,anonymous,EN,1,,,,,,,,,,,,,,,"[3,6,7,10,1,2,8,11,9,4,5,12]",,-2,cn
10/3/2023 16:57,10/3/2023 16:59,0,21,108,0,10/3/2023 17:59,R_1loy3YnI8RurUCP,anonymous,EN,1,,,,,,,,,,,,,,,"[9,12,7,3,11,1,5,8,4,6,10,2]",,-2,fn
10/3/2023 16:57,10/3/2023 17:07,0,75,549,0,10/3/2023 18:07,R_3Hq40wPz26hFxWv,anonymous,EN,1,1,1,1,1,1,1,,,,,,,,'-2~fn~-2cn.jpeg~80~1.1664~-1~fn~-1fl.jpeg~77~17.892900000000004~0~fn~0fl.jpeg~107~8.2369~1~fn~11cn.jpeg~96~15.288100000000002~2~fn~2fn.jpeg~127~5.2441~3~fn~10cn.jpeg~117~21.715600000000002~,"[11,2,10,6,8,1,7,5,3,12,9,4]",,4,fn
10/3/2023 16:57,10/3/2023 17:09,0,42,731,0,10/3/2023 18:09,R_2Vdu5qhPUrtfUIH,anonymous,EN,0.899999976,,,,,,,,,,,,,,'-2~fl~-2fl.jpeg~80~1.3688999999999998~-1~fl~-1fl.jpeg~80~9.060099999999998~0~fl~0cl.jpeg~103~7.4529~,"[7,4,2,3,10,11,9,1,12,8,5,6]",,1,fl
10/3/2023 17:09,10/3/2023 17:09,0,29,50,0,10/3/2023 18:10,R_3flCJarq33OCisC,anonymous,EN,0.899999976,,,,,,,,,,,,,,'-2~cl~-2cl.jpeg~100~0.010000000000000002~,"[1,12,8,6,11,3,4,7,5,10,9,2]",,-1,cl
10/3/2023 17:09,10/3/2023 17:11,0,21,90,0,10/3/2023 18:11,R_325X9wzp8eekX3O,anonymous,EN,0.899999976,,,,,,,,,,,,,,,"[6,3,7,11,2,5,9,8,4,10,1,12]",,-2,fn
10/3/2023 18:16,10/3/2023 18:29,0,100,821,1,10/3/2023 18:29,R_ypVw9E5IixFYVY5,anonymous,EN,1,1,1,1,1,1,1,Interesting study. Thank you.,I would think how trend lines are useful in helping people make forecasts or something along those lines.,62b44f66a16d45783569fad6,Chrome,117.0.0.0,Windows NT 10.0,1920x1080,'-2~fl~-2cl.jpeg~79~1.9320999999999997~-1~fl~-1cl.jpeg~78~17.7241~0~fl~0cl.jpeg~106~8.2369~1~fl~1cl.jpeg~88~1.3923999999999999~2~fl~7fl.jpeg~60~10.889999999999999~3~fl~6fl.jpeg~60~14.9769~4~fl~8cl.jpeg~109~12.25~5~fl~11fn.jpeg~97~8.584900000000001~6~fl~2cn.jpeg~116~7.728399999999999~7~fl~9fl.jpeg~129~7.0756000000000006~8~fl~10cl.jpeg~120~21.436899999999998~9~fl~3fl.jpeg~101~5.3824~10~fl~4fl.jpeg~135~11.356900000000001~11~fl~12fl.jpeg~90~17.556100000000004~12~fl~5cn.jpeg~101~15.132100000000001~,"[1,7,6,8,11,2,9,10,3,4,12,5]",,13,fl
10/3/2023 18:16,10/3/2023 18:35,0,100,1179,1,10/3/2023 18:35,R_1ieTRmDKMeUocFC,anonymous,EN,0.899999976,1,1,1,1,1,1,The survey was fun,Investing people's predictive abilities.,637fbedd06b96e980ee37a6d,Chrome,107.0.0.0,Windows NT 10.0,1366x768,'-2~cl~-2fl.jpeg~78~1.9320999999999997~-1~cl~-1fn.jpeg~77~15.209999999999999~0~cl~0cl.jpeg~106~3.7249~1~cl~3fl.jpeg~106~9.796899999999999~2~cl~5cn.jpeg~110~1.9043999999999996~3~cl~4fn.jpeg~116~4.0804~4~cl~9fn.jpeg~112~1.9043999999999996~5~cl~8cn.jpeg~100~0.8835999999999999~6~cl~7cl.jpeg~76~6.200100000000001~7~cl~10cl.jpeg~99~20.9764~8~cl~11cl.jpeg~100~8.468100000000002~9~cl~2fl.jpeg~118~1.0816000000000001~10~cl~12fn.jpeg~117~6.812099999999999~11~cl~1cl.jpeg~86~0.6561000000000001~12~cl~6cn.jpeg~95~7.0756000000000006~,"[3,5,4,9,8,7,10,11,2,12,1,6]",,13,cl
10/3/2023 18:30,10/3/2023 18:54,0,100,1491,1,10/3/2023 18:55,R_3hhg8n6luVQsq9r,anonymous,EN,1,1,1,1,1,1,1,"I enjoyed it, thanks.",The ability to make predictions based on estimates and understanding of range of variation?,5ee4a14b578f8a000b384376,Chrome,117.0.0.0,CrOS x86_64 14541.0.0,1616x909,'-2~fn~-2fl.jpeg~78~1.9320999999999997~-1~fn~-1cn.jpeg~78~17.0569~0~fn~0cn.jpeg~106~8.179599999999999~1~fn~9fn.jpeg~117~3.24~2~fn~3cl.jpeg~108~1.5129~3~fn~10cl.jpeg~120~9.060099999999998~4~fn~11fl.jpeg~80~7.728399999999999~5~fn~1fn.jpeg~89~0.9025~6~fn~6fn.jpeg~78~6.200100000000001~7~fn~5fl.jpeg~99~4.368099999999999~8~fn~4cn.jpeg~108~4.752400000000001~9~fn~8cl.jpeg~110~7.896100000000001~10~fn~7cl.jpeg~77~6.864400000000001~11~fn~2cl.jpeg~117~4.9729~12~fn~12fn.jpeg~90~7.2360999999999995~,"[9,3,10,11,1,6,5,4,8,7,2,12]",,13,fn
10/3/2023 22:09,10/3/2023 22:49,0,100,2367,1,10/3/2023 22:49,R_8hODRHMYAMlAvEB,anonymous,EN,1,1,1,1,1,1,1,,,6505e90a3ea83031f55ee535,Chrome,117.0.0.0,Windows NT 10.0,1600x810,'-2~cn~-2cl.jpeg~79~0.6561000000000001~-1~cn~-1fn.jpeg~72~20.9764~0~cn~0cl.jpeg~116~9.4864~1~cn~4cn.jpeg~124~7.617599999999999~2~cn~7cn.jpeg~77~6.300099999999999~3~cn~3fn.jpeg~101~1.7689000000000001~4~cn~10fn.jpeg~122~13.4689~5~cn~8fl.jpeg~119~7.617599999999999~6~cn~9cn.jpeg~122~14.3641~7~cn~6fl.jpeg~80~9.9225~8~cn~12cl.jpeg~97~6.5536~9~cn~11fn.jpeg~109~7.3441~10~cn~2cn.jpeg~124~3.8809~11~cn~1fn.jpeg~81~6.300099999999999~12~cn~5cl.jpeg~98~4.7961~,"[4,7,3,10,8,9,6,12,11,2,1,5]",,13,cn
10/4/2023 2:17,10/4/2023 2:21,0,100,220,1,10/4/2023 2:21,R_2mZsb8jNWE9D7kR,anonymous,EN,0.800000012,1,1,1,1,2,2,,,6135ce2a32b53777552a46b0,Firefox,118,Windows NT 10.0,1536x864,'-2~fl~-2cn.jpeg~100~13.4689~-1~fl~-1fn.jpeg~89~12.320099999999998~0~fl~0fn.jpeg~100~12.460899999999999~1~fl~7fn.jpeg~79~4.9729~2~fl~12cl.jpeg~93~3.8809~3~fl~2fl.jpeg~97~14.822500000000002~4~fl~8fl.jpeg~102~6.002500000000001~5~fl~6cl.jpeg~77~8.1225~6~fl~5cn.jpeg~93~0.010000000000000002~7~fl~9cn.jpeg~115~5.0625~8~fl~3cl.jpeg~87~9.796899999999999~9~fl~1cn.jpeg~90~0.010000000000000002~10~fl~4fl.jpeg~133~0.2025~11~fl~11cn.jpeg~101~4.368099999999999~12~fl~10fn.jpeg~114~5.1529~,"[7,12,2,8,6,5,9,3,1,4,11,10]",,13,fl
