"event","quarter","bin","time","resolution","realization","binL","binH","binValue","grpd_event_time_bin","pAgg","dataSet"
2009,2,1,2009.375,1,9.28333333333333,11,1000,12,1,0.0107944680851064,"PRUNEMP"
2009,2,2,2009.375,1,9.28333333333333,10,11,10.5,2,0.0417659574468085,"PRUNEMP"
2009,2,3,2009.375,1,9.28333333333333,9.5,10,9.75,3,0.19236170212766,"PRUNEMP"
2009,2,4,2009.375,1,9.28333333333333,9,9.5,9.25,4,0.474531914893617,"PRUNEMP"
2009,2,5,2009.375,1,9.28333333333333,8.5,9,8.75,5,0.223170212765957,"PRUNEMP"
2009,2,6,2009.375,1,9.28333333333333,8,8.5,8.25,6,0.043936170212766,"PRUNEMP"
2009,2,7,2009.375,1,9.28333333333333,7.5,8,7.75,7,0.00888297872340426,"PRUNEMP"
2009,2,8,2009.375,1,9.28333333333333,7,7.5,7.25,8,0.00264042553191489,"PRUNEMP"
2009,2,9,2009.375,1,9.28333333333333,6,7,6.5,9,0.00089468085106383,"PRUNEMP"
2009,2,10,2009.375,1,9.28333333333333,-1000,6,5,10,0.00102148936170213,"PRUNEMP"
2009,3,1,2009.625,1,9.28333333333333,11,1000,12,11,0.00736363636363636,"PRUNEMP"
2009,3,2,2009.625,1,9.28333333333333,10,11,10.5,12,0.0524545454545454,"PRUNEMP"
2009,3,3,2009.625,1,9.28333333333333,9.5,10,9.75,13,0.252666666666667,"PRUNEMP"
2009,3,4,2009.625,1,9.28333333333333,9,9.5,9.25,14,0.562151515151515,"PRUNEMP"
2009,3,5,2009.625,1,9.28333333333333,8.5,9,8.75,15,0.0945151515151515,"PRUNEMP"
2009,3,6,2009.625,1,9.28333333333333,8,8.5,8.25,16,0.0217272727272727,"PRUNEMP"
2009,3,7,2009.625,1,9.28333333333333,7.5,8,7.75,17,0.00593939393939394,"PRUNEMP"
2009,3,8,2009.625,1,9.28333333333333,7,7.5,7.25,18,0.00236363636363636,"PRUNEMP"
2009,3,9,2009.625,1,9.28333333333333,6,7,6.5,19,0.000636363636363636,"PRUNEMP"
2009,3,10,2009.625,1,9.28333333333333,-1000,6,5,20,0.000151515151515151,"PRUNEMP"
2009,4,1,2009.875,1,9.28333333333333,11,1000,12,21,0.00236842105263158,"PRUNEMP"
2009,4,2,2009.875,1,9.28333333333333,10,11,10.5,22,0.0169736842105263,"PRUNEMP"
2009,4,3,2009.875,1,9.28333333333333,9.5,10,9.75,23,0.162236842105263,"PRUNEMP"
2009,4,4,2009.875,1,9.28333333333333,9,9.5,9.25,24,0.745,"PRUNEMP"
2009,4,5,2009.875,1,9.28333333333333,8.5,9,8.75,25,0.0457894736842105,"PRUNEMP"
2009,4,6,2009.875,1,9.28333333333333,8,8.5,8.25,26,0.0139473684210526,"PRUNEMP"
2009,4,7,2009.875,1,9.28333333333333,7.5,8,7.75,27,0.00789473684210526,"PRUNEMP"
2009,4,8,2009.875,1,9.28333333333333,7,7.5,7.25,28,0.00289473684210526,"PRUNEMP"
2009,4,9,2009.875,1,9.28333333333333,6,7,6.5,29,0.00223684210526316,"PRUNEMP"
2009,4,10,2009.875,1,9.28333333333333,-1000,6,5,30,0.000657894736842105,"PRUNEMP"
2010,2,1,2009.375,1,9.60833333333333,11,1000,12,31,0.0433404255319149,"PRUNEMP"
2010,2,2,2009.375,1,9.60833333333333,10,11,10.5,32,0.200255319148936,"PRUNEMP"
2010,2,3,2009.375,1,9.60833333333333,9.5,10,9.75,33,0.277468085106383,"PRUNEMP"
2010,2,4,2009.375,1,9.60833333333333,9,9.5,9.25,34,0.24363829787234,"PRUNEMP"
2010,2,5,2009.375,1,9.60833333333333,8.5,9,8.75,35,0.122829787234043,"PRUNEMP"
2010,2,6,2009.375,1,9.60833333333333,8,8.5,8.25,36,0.0621914893617021,"PRUNEMP"
2010,2,7,2009.375,1,9.60833333333333,7.5,8,7.75,37,0.0292553191489362,"PRUNEMP"
2010,2,8,2009.375,1,9.60833333333333,7,7.5,7.25,38,0.0119574468085106,"PRUNEMP"
2010,2,9,2009.375,1,9.60833333333333,6,7,6.5,39,0.00523404255319149,"PRUNEMP"
2010,2,10,2009.375,1,9.60833333333333,-1000,6,5,40,0.00382978723404255,"PRUNEMP"
2010,3,1,2009.625,1,9.60833333333333,11,1000,12,41,0.0368484848484848,"PRUNEMP"
2010,3,2,2009.625,1,9.60833333333333,10,11,10.5,42,0.189727272727273,"PRUNEMP"
2010,3,3,2009.625,1,9.60833333333333,9.5,10,9.75,43,0.334333333333333,"PRUNEMP"
2010,3,4,2009.625,1,9.60833333333333,9,9.5,9.25,44,0.224666666666667,"PRUNEMP"
2010,3,5,2009.625,1,9.60833333333333,8.5,9,8.75,45,0.118878787878788,"PRUNEMP"
2010,3,6,2009.625,1,9.60833333333333,8,8.5,8.25,46,0.0567272727272727,"PRUNEMP"
2010,3,7,2009.625,1,9.60833333333333,7.5,8,7.75,47,0.0167575757575758,"PRUNEMP"
2010,3,8,2009.625,1,9.60833333333333,7,7.5,7.25,48,0.0113333333333333,"PRUNEMP"
2010,3,9,2009.625,1,9.60833333333333,6,7,6.5,49,0.00721212121212121,"PRUNEMP"
2010,3,10,2009.625,1,9.60833333333333,-1000,6,5,50,0.00351515151515152,"PRUNEMP"
2010,4,1,2009.875,1,9.60833333333333,11,1000,12,51,0.0621052631578947,"PRUNEMP"
2010,4,2,2009.875,1,9.60833333333333,10,11,10.5,52,0.370526315789474,"PRUNEMP"
2010,4,3,2009.875,1,9.60833333333333,9.5,10,9.75,53,0.35921052631579,"PRUNEMP"
2010,4,4,2009.875,1,9.60833333333333,9,9.5,9.25,54,0.115263157894737,"PRUNEMP"
2010,4,5,2009.875,1,9.60833333333333,8.5,9,8.75,55,0.0436842105263158,"PRUNEMP"
2010,4,6,2009.875,1,9.60833333333333,8,8.5,8.25,56,0.0211842105263158,"PRUNEMP"
2010,4,7,2009.875,1,9.60833333333333,7.5,8,7.75,57,0.0105263157894737,"PRUNEMP"
2010,4,8,2009.875,1,9.60833333333333,7,7.5,7.25,58,0.00881578947368421,"PRUNEMP"
2010,4,9,2009.875,1,9.60833333333333,6,7,6.5,59,0.00592105263157895,"PRUNEMP"
2010,4,10,2009.875,1,9.60833333333333,-1000,6,5,60,0.00276315789473684,"PRUNEMP"
2010,1,1,2010.125,1,9.60833333333333,11,1000,12,61,0.0507894736842105,"PRUNEMP"
2010,1,2,2010.125,1,9.60833333333333,10,11,10.5,62,0.281052631578947,"PRUNEMP"
2010,1,3,2010.125,1,9.60833333333333,9.5,10,9.75,63,0.436842105263158,"PRUNEMP"
2010,1,4,2010.125,1,9.60833333333333,9,9.5,9.25,64,0.161315789473684,"PRUNEMP"
2010,1,5,2010.125,1,9.60833333333333,8.5,9,8.75,65,0.0360526315789474,"PRUNEMP"
2010,1,6,2010.125,1,9.60833333333333,8,8.5,8.25,66,0.0130263157894737,"PRUNEMP"
2010,1,7,2010.125,1,9.60833333333333,7.5,8,7.75,67,0.0081578947368421,"PRUNEMP"
2010,1,8,2010.125,1,9.60833333333333,7,7.5,7.25,68,0.00723684210526316,"PRUNEMP"
2010,1,9,2010.125,1,9.60833333333333,6,7,6.5,69,0.00407894736842105,"PRUNEMP"
2010,1,10,2010.125,1,9.60833333333333,-1000,6,5,70,0.00144736842105263,"PRUNEMP"
2010,2,1,2010.375,1,9.60833333333333,11,1000,12,71,0.0123684210526316,"PRUNEMP"
2010,2,2,2010.375,1,9.60833333333333,10,11,10.5,72,0.116063157894737,"PRUNEMP"
2010,2,3,2010.375,1,9.60833333333333,9.5,10,9.75,73,0.473305263157895,"PRUNEMP"
2010,2,4,2010.375,1,9.60833333333333,9,9.5,9.25,74,0.297536842105263,"PRUNEMP"
2010,2,5,2010.375,1,9.60833333333333,8.5,9,8.75,75,0.0640105263157895,"PRUNEMP"
2010,2,6,2010.375,1,9.60833333333333,8,8.5,8.25,76,0.0157947368421053,"PRUNEMP"
2010,2,7,2010.375,1,9.60833333333333,7.5,8,7.75,77,0.00828947368421053,"PRUNEMP"
2010,2,8,2010.375,1,9.60833333333333,7,7.5,7.25,78,0.00710526315789474,"PRUNEMP"
2010,2,9,2010.375,1,9.60833333333333,6,7,6.5,79,0.00407894736842105,"PRUNEMP"
2010,2,10,2010.375,1,9.60833333333333,-1000,6,5,80,0.00144736842105263,"PRUNEMP"
2010,3,1,2010.625,1,9.60833333333333,11,1000,12,81,0.00903225806451613,"PRUNEMP"
2010,3,2,2010.625,1,9.60833333333333,10,11,10.5,82,0.150116129032258,"PRUNEMP"
2010,3,3,2010.625,1,9.60833333333333,9.5,10,9.75,83,0.580838709677419,"PRUNEMP"
2010,3,4,2010.625,1,9.60833333333333,9,9.5,9.25,84,0.231948387096774,"PRUNEMP"
2010,3,5,2010.625,1,9.60833333333333,8.5,9,8.75,85,0.0251612903225806,"PRUNEMP"
2010,3,6,2010.625,1,9.60833333333333,8,8.5,8.25,86,0.00258064516129032,"PRUNEMP"
2010,3,7,2010.625,1,9.60833333333333,7.5,8,7.75,87,0.00032258064516129,"PRUNEMP"
2010,3,8,2010.625,1,9.60833333333333,7,7.5,7.25,88,0,"PRUNEMP"
2010,3,9,2010.625,1,9.60833333333333,6,7,6.5,89,0,"PRUNEMP"
2010,3,10,2010.625,1,9.60833333333333,-1000,6,5,90,0,"PRUNEMP"
2010,4,1,2010.875,1,9.60833333333333,11,1000,12,91,0.00285853658536585,"PRUNEMP"
2010,4,2,2010.875,1,9.60833333333333,10,11,10.5,92,0.0671439024390244,"PRUNEMP"
2010,4,3,2010.875,1,9.60833333333333,9.5,10,9.75,93,0.761334146341463,"PRUNEMP"
2010,4,4,2010.875,1,9.60833333333333,9,9.5,9.25,94,0.141943902439024,"PRUNEMP"
2010,4,5,2010.875,1,9.60833333333333,8.5,9,8.75,95,0.0216560975609756,"PRUNEMP"
2010,4,6,2010.875,1,9.60833333333333,8,8.5,8.25,96,0.00453658536585366,"PRUNEMP"
2010,4,7,2010.875,1,9.60833333333333,7.5,8,7.75,97,0.000351219512195122,"PRUNEMP"
2010,4,8,2010.875,1,9.60833333333333,7,7.5,7.25,98,0.000175609756097561,"PRUNEMP"
2010,4,9,2010.875,1,9.60833333333333,6,7,6.5,99,0,"PRUNEMP"
2010,4,10,2010.875,1,9.60833333333333,-1000,6,5,100,0,"PRUNEMP"
2011,2,1,2009.375,1,8.93333333333333,11,1000,12,101,0.0188611111111111,"PRUNEMP"
2011,2,2,2009.375,1,8.93333333333333,10,11,10.5,102,0.0697222222222222,"PRUNEMP"
2011,2,3,2009.375,1,8.93333333333333,9.5,10,9.75,103,0.124083333333333,"PRUNEMP"
2011,2,4,2009.375,1,8.93333333333333,9,9.5,9.25,104,0.177361111111111,"PRUNEMP"
2011,2,5,2009.375,1,8.93333333333333,8.5,9,8.75,105,0.211666666666667,"PRUNEMP"
2011,2,6,2009.375,1,8.93333333333333,8,8.5,8.25,106,0.180444444444444,"PRUNEMP"
2011,2,7,2009.375,1,8.93333333333333,7.5,8,7.75,107,0.100972222222222,"PRUNEMP"
2011,2,8,2009.375,1,8.93333333333333,7,7.5,7.25,108,0.0609444444444444,"PRUNEMP"
2011,2,9,2009.375,1,8.93333333333333,6,7,6.5,109,0.0377222222222222,"PRUNEMP"
2011,2,10,2009.375,1,8.93333333333333,-1000,6,5,110,0.0182222222222222,"PRUNEMP"
2011,3,1,2009.625,1,8.93333333333333,11,1000,12,111,0.01204,"PRUNEMP"
2011,3,2,2009.625,1,8.93333333333333,10,11,10.5,112,0.06268,"PRUNEMP"
2011,3,3,2009.625,1,8.93333333333333,9.5,10,9.75,113,0.14328,"PRUNEMP"
2011,3,4,2009.625,1,8.93333333333333,9,9.5,9.25,114,0.1882,"PRUNEMP"
2011,3,5,2009.625,1,8.93333333333333,8.5,9,8.75,115,0.15428,"PRUNEMP"
2011,3,6,2009.625,1,8.93333333333333,8,8.5,8.25,116,0.16868,"PRUNEMP"
2011,3,7,2009.625,1,8.93333333333333,7.5,8,7.75,117,0.14232,"PRUNEMP"
2011,3,8,2009.625,1,8.93333333333333,7,7.5,7.25,118,0.07308,"PRUNEMP"
2011,3,9,2009.625,1,8.93333333333333,6,7,6.5,119,0.03388,"PRUNEMP"
2011,3,10,2009.625,1,8.93333333333333,-1000,6,5,120,0.0216,"PRUNEMP"
2011,4,1,2009.875,1,8.93333333333333,11,1000,12,121,0.02234375,"PRUNEMP"
2011,4,2,2009.875,1,8.93333333333333,10,11,10.5,122,0.09984375,"PRUNEMP"
2011,4,3,2009.875,1,8.93333333333333,9.5,10,9.75,123,0.2,"PRUNEMP"
2011,4,4,2009.875,1,8.93333333333333,9,9.5,9.25,124,0.2478125,"PRUNEMP"
2011,4,5,2009.875,1,8.93333333333333,8.5,9,8.75,125,0.235,"PRUNEMP"
2011,4,6,2009.875,1,8.93333333333333,8,8.5,8.25,126,0.1265625,"PRUNEMP"
2011,4,7,2009.875,1,8.93333333333333,7.5,8,7.75,127,0.0334375,"PRUNEMP"
2011,4,8,2009.875,1,8.93333333333333,7,7.5,7.25,128,0.0075,"PRUNEMP"
2011,4,9,2009.875,1,8.93333333333333,6,7,6.5,129,0.01484375,"PRUNEMP"
2011,4,10,2009.875,1,8.93333333333333,-1000,6,5,130,0.01265625,"PRUNEMP"
2011,1,1,2010.125,1,8.93333333333333,11,1000,12,131,0.0161538461538462,"PRUNEMP"
2011,1,2,2010.125,1,8.93333333333333,10,11,10.5,132,0.0719230769230769,"PRUNEMP"
2011,1,3,2010.125,1,8.93333333333333,9.5,10,9.75,133,0.251282051282051,"PRUNEMP"
2011,1,4,2010.125,1,8.93333333333333,9,9.5,9.25,134,0.294358974358974,"PRUNEMP"
2011,1,5,2010.125,1,8.93333333333333,8.5,9,8.75,135,0.196666666666667,"PRUNEMP"
2011,1,6,2010.125,1,8.93333333333333,8,8.5,8.25,136,0.103333333333333,"PRUNEMP"
2011,1,7,2010.125,1,8.93333333333333,7.5,8,7.75,137,0.0312820512820513,"PRUNEMP"
2011,1,8,2010.125,1,8.93333333333333,7,7.5,7.25,138,0.0117948717948718,"PRUNEMP"
2011,1,9,2010.125,1,8.93333333333333,6,7,6.5,139,0.0138461538461539,"PRUNEMP"
2011,1,10,2010.125,1,8.93333333333333,-1000,6,5,140,0.00935897435897435,"PRUNEMP"
2011,2,1,2010.375,1,8.93333333333333,11,1000,12,141,0.00905405405405406,"PRUNEMP"
2011,2,2,2010.375,1,8.93333333333333,10,11,10.5,142,0.0345945945945946,"PRUNEMP"
2011,2,3,2010.375,1,8.93333333333333,9.5,10,9.75,143,0.141383783783784,"PRUNEMP"
2011,2,4,2010.375,1,8.93333333333333,9,9.5,9.25,144,0.304410810810811,"PRUNEMP"
2011,2,5,2010.375,1,8.93333333333333,8.5,9,8.75,145,0.249913513513514,"PRUNEMP"
2011,2,6,2010.375,1,8.93333333333333,8,8.5,8.25,146,0.150291891891892,"PRUNEMP"
2011,2,7,2010.375,1,8.93333333333333,7.5,8,7.75,147,0.0508432432432432,"PRUNEMP"
2011,2,8,2010.375,1,8.93333333333333,7,7.5,7.25,148,0.0250054054054054,"PRUNEMP"
2011,2,9,2010.375,1,8.93333333333333,6,7,6.5,149,0.0241351351351351,"PRUNEMP"
2011,2,10,2010.375,1,8.93333333333333,-1000,6,5,150,0.0103675675675676,"PRUNEMP"
2011,3,1,2010.625,1,8.93333333333333,11,1000,12,151,0.0051545,"PRUNEMP"
2011,3,2,2010.625,1,8.93333333333333,10,11,10.5,152,0.046446375,"PRUNEMP"
2011,3,3,2010.625,1,8.93333333333333,9.5,10,9.75,153,0.18228315625,"PRUNEMP"
2011,3,4,2010.625,1,8.93333333333333,9,9.5,9.25,154,0.37738503125,"PRUNEMP"
2011,3,5,2010.625,1,8.93333333333333,8.5,9,8.75,155,0.24939740625,"PRUNEMP"
2011,3,6,2010.625,1,8.93333333333333,8,8.5,8.25,156,0.09460315625,"PRUNEMP"
2011,3,7,2010.625,1,8.93333333333333,7.5,8,7.75,157,0.03374721875,"PRUNEMP"
2011,3,8,2010.625,1,8.93333333333333,7,7.5,7.25,158,0.0090239375,"PRUNEMP"
2011,3,9,2010.625,1,8.93333333333333,6,7,6.5,159,0.0019271875,"PRUNEMP"
2011,3,10,2010.625,1,8.93333333333333,-1000,6,5,160,0,"PRUNEMP"
2011,4,1,2010.875,1,8.93333333333333,11,1000,12,161,0.00534,"PRUNEMP"
2011,4,2,2010.875,1,8.93333333333333,10,11,10.5,162,0.07648,"PRUNEMP"
2011,4,3,2010.875,1,8.93333333333333,9.5,10,9.75,163,0.25016,"PRUNEMP"
2011,4,4,2010.875,1,8.93333333333333,9,9.5,9.25,164,0.38506,"PRUNEMP"
2011,4,5,2010.875,1,8.93333333333333,8.5,9,8.75,165,0.1796375,"PRUNEMP"
2011,4,6,2010.875,1,8.93333333333333,8,8.5,8.25,166,0.0694575,"PRUNEMP"
2011,4,7,2010.875,1,8.93333333333333,7.5,8,7.75,167,0.0225175,"PRUNEMP"
2011,4,8,2010.875,1,8.93333333333333,7,7.5,7.25,168,0.0085575,"PRUNEMP"
2011,4,9,2010.875,1,8.93333333333333,6,7,6.5,169,0.0017775,"PRUNEMP"
2011,4,10,2010.875,1,8.93333333333333,-1000,6,5,170,0.001015,"PRUNEMP"
2011,1,1,2011.125,1,8.93333333333333,11,1000,12,171,0.0017948717948718,"PRUNEMP"
2011,1,2,2011.125,1,8.93333333333333,10,11,10.5,172,0.0246871794871795,"PRUNEMP"
2011,1,3,2011.125,1,8.93333333333333,9.5,10,9.75,173,0.188225641025641,"PRUNEMP"
2011,1,4,2011.125,1,8.93333333333333,9,9.5,9.25,174,0.38684,"PRUNEMP"
2011,1,5,2011.125,1,8.93333333333333,8.5,9,8.75,175,0.28665641025641,"PRUNEMP"
2011,1,6,2011.125,1,8.93333333333333,8,8.5,8.25,176,0.0816717948717949,"PRUNEMP"
2011,1,7,2011.125,1,8.93333333333333,7.5,8,7.75,177,0.0224290256410256,"PRUNEMP"
2011,1,8,2011.125,1,8.93333333333333,7,7.5,7.25,178,0.00564376923076923,"PRUNEMP"
2011,1,9,2011.125,1,8.93333333333333,6,7,6.5,179,0.00128207692307692,"PRUNEMP"
2011,1,10,2011.125,1,8.93333333333333,-1000,6,5,180,0.000769230769230769,"PRUNEMP"
2011,2,1,2011.375,1,8.93333333333333,11,1000,12,181,0.00189268292682927,"PRUNEMP"
2011,2,2,2011.375,1,8.93333333333333,10,11,10.5,182,0.00558780487804878,"PRUNEMP"
2011,2,3,2011.375,1,8.93333333333333,9.5,10,9.75,183,0.0344219512195122,"PRUNEMP"
2011,2,4,2011.375,1,8.93333333333333,9,9.5,9.25,184,0.184763414634146,"PRUNEMP"
2011,2,5,2011.375,1,8.93333333333333,8.5,9,8.75,185,0.507443902439024,"PRUNEMP"
2011,2,6,2011.375,1,8.93333333333333,8,8.5,8.25,186,0.213324390243902,"PRUNEMP"
2011,2,7,2011.375,1,8.93333333333333,7.5,8,7.75,187,0.0365390243902439,"PRUNEMP"
2011,2,8,2011.375,1,8.93333333333333,7,7.5,7.25,188,0.0101414634146341,"PRUNEMP"
2011,2,9,2011.375,1,8.93333333333333,6,7,6.5,189,0.00343170731707317,"PRUNEMP"
2011,2,10,2011.375,1,8.93333333333333,-1000,6,5,190,0.00245365853658537,"PRUNEMP"
2011,3,1,2011.625,1,8.93333333333333,11,1000,12,191,0.00387878787878788,"PRUNEMP"
2011,3,2,2011.625,1,8.93333333333333,10,11,10.5,192,0.0171515151515152,"PRUNEMP"
2011,3,3,2011.625,1,8.93333333333333,9.5,10,9.75,193,0.102260606060606,"PRUNEMP"
2011,3,4,2011.625,1,8.93333333333333,9,9.5,9.25,194,0.506527272727273,"PRUNEMP"
2011,3,5,2011.625,1,8.93333333333333,8.5,9,8.75,195,0.320181818181818,"PRUNEMP"
2011,3,6,2011.625,1,8.93333333333333,8,8.5,8.25,196,0.0390606060606061,"PRUNEMP"
2011,3,7,2011.625,1,8.93333333333333,7.5,8,7.75,197,0.00833333333333333,"PRUNEMP"
2011,3,8,2011.625,1,8.93333333333333,7,7.5,7.25,198,0.00148484848484848,"PRUNEMP"
2011,3,9,2011.625,1,8.93333333333333,6,7,6.5,199,0.000727272727272727,"PRUNEMP"
2011,3,10,2011.625,1,8.93333333333333,-1000,6,5,200,0.000424242424242424,"PRUNEMP"
2011,4,1,2011.875,1,8.93333333333333,11,1000,12,201,0.00126190476190476,"PRUNEMP"
2011,4,2,2011.875,1,8.93333333333333,10,11,10.5,202,0.0029047619047619,"PRUNEMP"
2011,4,3,2011.875,1,8.93333333333333,9.5,10,9.75,203,0.0502857142857143,"PRUNEMP"
2011,4,4,2011.875,1,8.93333333333333,9,9.5,9.25,204,0.740619047619048,"PRUNEMP"
2011,4,5,2011.875,1,8.93333333333333,8.5,9,8.75,205,0.190833333333333,"PRUNEMP"
2011,4,6,2011.875,1,8.93333333333333,8,8.5,8.25,206,0.0133571428571429,"PRUNEMP"
2011,4,7,2011.875,1,8.93333333333333,7.5,8,7.75,207,0.000535714285714286,"PRUNEMP"
2011,4,8,2011.875,1,8.93333333333333,7,7.5,7.25,208,0.000154761904761905,"PRUNEMP"
2011,4,9,2011.875,1,8.93333333333333,6,7,6.5,209,4.76190476190476e-05,"PRUNEMP"
2011,4,10,2011.875,1,8.93333333333333,-1000,6,5,210,0,"PRUNEMP"
2012,2,1,2009.375,1,8.075,11,1000,12,211,0.00438235294117647,"PRUNEMP"
2012,2,2,2009.375,1,8.075,10,11,10.5,212,0.0254120588235294,"PRUNEMP"
2012,2,3,2009.375,1,8.075,9.5,10,9.75,213,0.0324702941176471,"PRUNEMP"
2012,2,4,2009.375,1,8.075,9,9.5,9.25,214,0.0770588235294118,"PRUNEMP"
2012,2,5,2009.375,1,8.075,8.5,9,8.75,215,0.179558823529412,"PRUNEMP"
2012,2,6,2009.375,1,8.075,8,8.5,8.25,216,0.147705882352941,"PRUNEMP"
2012,2,7,2009.375,1,8.075,7.5,8,7.75,217,0.191264705882353,"PRUNEMP"
2012,2,8,2009.375,1,8.075,7,7.5,7.25,218,0.149411764705882,"PRUNEMP"
2012,2,9,2009.375,1,8.075,6,7,6.5,219,0.119647058823529,"PRUNEMP"
2012,2,10,2009.375,1,8.075,-1000,6,5,220,0.0730882352941176,"PRUNEMP"
2012,3,1,2009.625,1,8.075,11,1000,12,221,0.00318181818181818,"PRUNEMP"
2012,3,2,2009.625,1,8.075,10,11,10.5,222,0.0261818181818182,"PRUNEMP"
2012,3,3,2009.625,1,8.075,9.5,10,9.75,223,0.0404545454545455,"PRUNEMP"
2012,3,4,2009.625,1,8.075,9,9.5,9.25,224,0.0974090909090909,"PRUNEMP"
2012,3,5,2009.625,1,8.075,8.5,9,8.75,225,0.148727272727273,"PRUNEMP"
2012,3,6,2009.625,1,8.075,8,8.5,8.25,226,0.142636363636364,"PRUNEMP"
2012,3,7,2009.625,1,8.075,7.5,8,7.75,227,0.138454545454545,"PRUNEMP"
2012,3,8,2009.625,1,8.075,7,7.5,7.25,228,0.155454545454545,"PRUNEMP"
2012,3,9,2009.625,1,8.075,6,7,6.5,229,0.155727272727273,"PRUNEMP"
2012,3,10,2009.625,1,8.075,-1000,6,5,230,0.0918181818181818,"PRUNEMP"
2012,4,1,2009.875,1,8.075,11,1000,12,231,0.0066,"PRUNEMP"
2012,4,2,2009.875,1,8.075,10,11,10.5,232,0.0438,"PRUNEMP"
2012,4,3,2009.875,1,8.075,9.5,10,9.75,233,0.0776,"PRUNEMP"
2012,4,4,2009.875,1,8.075,9,9.5,9.25,234,0.1008,"PRUNEMP"
2012,4,5,2009.875,1,8.075,8.5,9,8.75,235,0.1834,"PRUNEMP"
2012,4,6,2009.875,1,8.075,8,8.5,8.25,236,0.1952,"PRUNEMP"
2012,4,7,2009.875,1,8.075,7.5,8,7.75,237,0.1786,"PRUNEMP"
2012,4,8,2009.875,1,8.075,7,7.5,7.25,238,0.116,"PRUNEMP"
2012,4,9,2009.875,1,8.075,6,7,6.5,239,0.056,"PRUNEMP"
2012,4,10,2009.875,1,8.075,-1000,6,5,240,0.042,"PRUNEMP"
2012,1,1,2010.125,1,8.075,11,1000,12,241,0.00555555555555555,"PRUNEMP"
2012,1,2,2010.125,1,8.075,10,11,10.5,242,0.0305555555555556,"PRUNEMP"
2012,1,3,2010.125,1,8.075,9.5,10,9.75,243,0.0657407407407407,"PRUNEMP"
2012,1,4,2010.125,1,8.075,9,9.5,9.25,244,0.154074074074074,"PRUNEMP"
2012,1,5,2010.125,1,8.075,8.5,9,8.75,245,0.172222222222222,"PRUNEMP"
2012,1,6,2010.125,1,8.075,8,8.5,8.25,246,0.198333333333333,"PRUNEMP"
2012,1,7,2010.125,1,8.075,7.5,8,7.75,247,0.17,"PRUNEMP"
2012,1,8,2010.125,1,8.075,7,7.5,7.25,248,0.122407407407407,"PRUNEMP"
2012,1,9,2010.125,1,8.075,6,7,6.5,249,0.0496296296296296,"PRUNEMP"
2012,1,10,2010.125,1,8.075,-1000,6,5,250,0.0314814814814815,"PRUNEMP"
2012,2,1,2010.375,1,8.075,11,1000,12,251,0.00142857142857143,"PRUNEMP"
2012,2,2,2010.375,1,8.075,10,11,10.5,252,0.0175,"PRUNEMP"
2012,2,3,2010.375,1,8.075,9.5,10,9.75,253,0.0314428571428571,"PRUNEMP"
2012,2,4,2010.375,1,8.075,9,9.5,9.25,254,0.1043,"PRUNEMP"
2012,2,5,2010.375,1,8.075,8.5,9,8.75,255,0.1681,"PRUNEMP"
2012,2,6,2010.375,1,8.075,8,8.5,8.25,256,0.227192857142857,"PRUNEMP"
2012,2,7,2010.375,1,8.075,7.5,8,7.75,257,0.197371428571429,"PRUNEMP"
2012,2,8,2010.375,1,8.075,7,7.5,7.25,258,0.118221428571429,"PRUNEMP"
2012,2,9,2010.375,1,8.075,6,7,6.5,259,0.0861142857142857,"PRUNEMP"
2012,2,10,2010.375,1,8.075,-1000,6,5,260,0.0483285714285714,"PRUNEMP"
2012,3,1,2010.625,1,8.075,11,1000,12,261,0.00343313636363636,"PRUNEMP"
2012,3,2,2010.625,1,8.075,10,11,10.5,262,0.0105427727272727,"PRUNEMP"
2012,3,3,2010.625,1,8.075,9.5,10,9.75,263,0.0613170909090909,"PRUNEMP"
2012,3,4,2010.625,1,8.075,9,9.5,9.25,264,0.171897727272727,"PRUNEMP"
2012,3,5,2010.625,1,8.075,8.5,9,8.75,265,0.203911772727273,"PRUNEMP"
2012,3,6,2010.625,1,8.075,8,8.5,8.25,266,0.223774318181818,"PRUNEMP"
2012,3,7,2010.625,1,8.075,7.5,8,7.75,267,0.189867318181818,"PRUNEMP"
2012,3,8,2010.625,1,8.075,7,7.5,7.25,268,0.0924984545454545,"PRUNEMP"
2012,3,9,2010.625,1,8.075,6,7,6.5,269,0.0359818181818182,"PRUNEMP"
2012,3,10,2010.625,1,8.075,-1000,6,5,270,0.007,"PRUNEMP"
2012,4,1,2010.875,1,8.075,11,1000,12,271,0.00518064516129032,"PRUNEMP"
2012,4,2,2010.875,1,8.075,10,11,10.5,272,0.0335483870967742,"PRUNEMP"
2012,4,3,2010.875,1,8.075,9.5,10,9.75,273,0.10618064516129,"PRUNEMP"
2012,4,4,2010.875,1,8.075,9,9.5,9.25,274,0.240351612903226,"PRUNEMP"
2012,4,5,2010.875,1,8.075,8.5,9,8.75,275,0.242235483870968,"PRUNEMP"
2012,4,6,2010.875,1,8.075,8,8.5,8.25,276,0.168212903225806,"PRUNEMP"
2012,4,7,2010.875,1,8.075,7.5,8,7.75,277,0.125987096774194,"PRUNEMP"
2012,4,8,2010.875,1,8.075,7,7.5,7.25,278,0.0479483870967742,"PRUNEMP"
2012,4,9,2010.875,1,8.075,6,7,6.5,279,0.0228838709677419,"PRUNEMP"
2012,4,10,2010.875,1,8.075,-1000,6,5,280,0.0074741935483871,"PRUNEMP"
2012,1,1,2011.125,1,8.075,11,1000,12,281,0.003344775,"PRUNEMP"
2012,1,2,2011.125,1,8.075,10,11,10.5,282,0.0095387,"PRUNEMP"
2012,1,3,2011.125,1,8.075,9.5,10,9.75,283,0.045341625,"PRUNEMP"
2012,1,4,2011.125,1,8.075,9,9.5,9.25,284,0.158477675,"PRUNEMP"
2012,1,5,2011.125,1,8.075,8.5,9,8.75,285,0.275472425,"PRUNEMP"
2012,1,6,2011.125,1,8.075,8,8.5,8.25,286,0.2554581,"PRUNEMP"
2012,1,7,2011.125,1,8.075,7.5,8,7.75,287,0.1612584,"PRUNEMP"
2012,1,8,2011.125,1,8.075,7,7.5,7.25,288,0.069586975,"PRUNEMP"
2012,1,9,2011.125,1,8.075,6,7,6.5,289,0.017451375,"PRUNEMP"
2012,1,10,2011.125,1,8.075,-1000,6,5,290,0.004069975,"PRUNEMP"
2012,2,1,2011.375,1,8.075,11,1000,12,291,0.0013075,"PRUNEMP"
2012,2,2,2011.375,1,8.075,10,11,10.5,292,0.0047675,"PRUNEMP"
2012,2,3,2011.375,1,8.075,9.5,10,9.75,293,0.0168775,"PRUNEMP"
2012,2,4,2011.375,1,8.075,9,9.5,9.25,294,0.06736,"PRUNEMP"
2012,2,5,2011.375,1,8.075,8.5,9,8.75,295,0.222395,"PRUNEMP"
2012,2,6,2011.375,1,8.075,8,8.5,8.25,296,0.318475,"PRUNEMP"
2012,2,7,2011.375,1,8.075,7.5,8,7.75,297,0.2626775,"PRUNEMP"
2012,2,8,2011.375,1,8.075,7,7.5,7.25,298,0.07328,"PRUNEMP"
2012,2,9,2011.375,1,8.075,6,7,6.5,299,0.02652,"PRUNEMP"
2012,2,10,2011.375,1,8.075,-1000,6,5,300,0.00634,"PRUNEMP"
2012,3,1,2011.625,1,8.075,11,1000,12,301,0.00438235294117647,"PRUNEMP"
2012,3,2,2011.625,1,8.075,10,11,10.5,302,0.0178705882352941,"PRUNEMP"
2012,3,3,2011.625,1,8.075,9.5,10,9.75,303,0.0776882352941177,"PRUNEMP"
2012,3,4,2011.625,1,8.075,9,9.5,9.25,304,0.210052941176471,"PRUNEMP"
2012,3,5,2011.625,1,8.075,8.5,9,8.75,305,0.347582352941176,"PRUNEMP"
2012,3,6,2011.625,1,8.075,8,8.5,8.25,306,0.253829411764706,"PRUNEMP"
2012,3,7,2011.625,1,8.075,7.5,8,7.75,307,0.069164705882353,"PRUNEMP"
2012,3,8,2011.625,1,8.075,7,7.5,7.25,308,0.0155470588235294,"PRUNEMP"
2012,3,9,2011.625,1,8.075,6,7,6.5,309,0.00320588235294118,"PRUNEMP"
2012,3,10,2011.625,1,8.075,-1000,6,5,310,0.000676470588235294,"PRUNEMP"
2012,4,1,2011.875,1,8.075,11,1000,12,311,0.00177380952380952,"PRUNEMP"
2012,4,2,2011.875,1,8.075,10,11,10.5,312,0.0155428571428571,"PRUNEMP"
2012,4,3,2011.875,1,8.075,9.5,10,9.75,313,0.0703333333333333,"PRUNEMP"
2012,4,4,2011.875,1,8.075,9,9.5,9.25,314,0.321157142857143,"PRUNEMP"
2012,4,5,2011.875,1,8.075,8.5,9,8.75,315,0.3703,"PRUNEMP"
2012,4,6,2011.875,1,8.075,8,8.5,8.25,316,0.160209523809524,"PRUNEMP"
2012,4,7,2011.875,1,8.075,7.5,8,7.75,317,0.0420285714285714,"PRUNEMP"
2012,4,8,2011.875,1,8.075,7,7.5,7.25,318,0.0127142857142857,"PRUNEMP"
2012,4,9,2011.875,1,8.075,6,7,6.5,319,0.00369047619047619,"PRUNEMP"
2012,4,10,2011.875,1,8.075,-1000,6,5,320,0.00225,"PRUNEMP"
2012,1,1,2012.125,1,8.075,11,1000,12,321,0.00138157894736842,"PRUNEMP"
2012,1,2,2012.125,1,8.075,10,11,10.5,322,0.00270526315789474,"PRUNEMP"
2012,1,3,2012.125,1,8.075,9.5,10,9.75,323,0.0162894736842105,"PRUNEMP"
2012,1,4,2012.125,1,8.075,9,9.5,9.25,324,0.0791842105263158,"PRUNEMP"
2012,1,5,2012.125,1,8.075,8.5,9,8.75,325,0.287831578947368,"PRUNEMP"
2012,1,6,2012.125,1,8.075,8,8.5,8.25,326,0.3777,"PRUNEMP"
2012,1,7,2012.125,1,8.075,7.5,8,7.75,327,0.186005263157895,"PRUNEMP"
2012,1,8,2012.125,1,8.075,7,7.5,7.25,328,0.0396263157894737,"PRUNEMP"
2012,1,9,2012.125,1,8.075,6,7,6.5,329,0.00694736842105263,"PRUNEMP"
2012,1,10,2012.125,1,8.075,-1000,6,5,330,0.00232894736842105,"PRUNEMP"
2012,2,1,2012.375,1,8.075,11,1000,12,331,0.000926470588235295,"PRUNEMP"
2012,2,2,2012.375,1,8.075,10,11,10.5,332,0.00147058823529412,"PRUNEMP"
2012,2,3,2012.375,1,8.075,9.5,10,9.75,333,0.00588235294117647,"PRUNEMP"
2012,2,4,2012.375,1,8.075,9,9.5,9.25,334,0.0285235294117647,"PRUNEMP"
2012,2,5,2012.375,1,8.075,8.5,9,8.75,335,0.155505882352941,"PRUNEMP"
2012,2,6,2012.375,1,8.075,8,8.5,8.25,336,0.513482352941177,"PRUNEMP"
2012,2,7,2012.375,1,8.075,7.5,8,7.75,337,0.2544,"PRUNEMP"
2012,2,8,2012.375,1,8.075,7,7.5,7.25,338,0.0353235294117647,"PRUNEMP"
2012,2,9,2012.375,1,8.075,6,7,6.5,339,0.00411764705882353,"PRUNEMP"
2012,2,10,2012.375,1,8.075,-1000,6,5,340,0.000367647058823529,"PRUNEMP"
2012,3,1,2012.625,1,8.075,11,1000,12,341,0.00205813953488372,"PRUNEMP"
2012,3,2,2012.625,1,8.075,10,11,10.5,342,0.00271395348837209,"PRUNEMP"
2012,3,3,2012.625,1,8.075,9.5,10,9.75,343,0.0044,"PRUNEMP"
2012,3,4,2012.625,1,8.075,9,9.5,9.25,344,0.0147209302325581,"PRUNEMP"
2012,3,5,2012.625,1,8.075,8.5,9,8.75,345,0.142290697674419,"PRUNEMP"
2012,3,6,2012.625,1,8.075,8,8.5,8.25,346,0.650053488372093,"PRUNEMP"
2012,3,7,2012.625,1,8.075,7.5,8,7.75,347,0.16213488372093,"PRUNEMP"
2012,3,8,2012.625,1,8.075,7,7.5,7.25,348,0.0171720930232558,"PRUNEMP"
2012,3,9,2012.625,1,8.075,6,7,6.5,349,0.00332790697674419,"PRUNEMP"
2012,3,10,2012.625,1,8.075,-1000,6,5,350,0.00112790697674419,"PRUNEMP"
2012,4,1,2012.875,1,8.075,11,1000,12,351,4.41176470588235e-05,"PRUNEMP"
2012,4,2,2012.875,1,8.075,10,11,10.5,352,0.000147058823529412,"PRUNEMP"
2012,4,3,2012.875,1,8.075,9.5,10,9.75,353,0.000882352941176471,"PRUNEMP"
2012,4,4,2012.875,1,8.075,9,9.5,9.25,354,0.00617647058823529,"PRUNEMP"
2012,4,5,2012.875,1,8.075,8.5,9,8.75,355,0.0467647058823529,"PRUNEMP"
2012,4,6,2012.875,1,8.075,8,8.5,8.25,356,0.722647058823529,"PRUNEMP"
2012,4,7,2012.875,1,8.075,7.5,8,7.75,357,0.21,"PRUNEMP"
2012,4,8,2012.875,1,8.075,7,7.5,7.25,358,0.0131176470588235,"PRUNEMP"
2012,4,9,2012.875,1,8.075,6,7,6.5,359,0.000147058823529412,"PRUNEMP"
2012,4,10,2012.875,1,8.075,-1000,6,5,360,7.35294117647059e-05,"PRUNEMP"
2013,1,1,2010.125,1,7.35833333333333,11,1000,12,361,0.003,"PRUNEMP"
2013,1,2,2010.125,1,7.35833333333333,10,11,10.5,362,0.0158,"PRUNEMP"
2013,1,3,2010.125,1,7.35833333333333,9.5,10,9.75,363,0.0352,"PRUNEMP"
2013,1,4,2010.125,1,7.35833333333333,9,9.5,9.25,364,0.082,"PRUNEMP"
2013,1,5,2010.125,1,7.35833333333333,8.5,9,8.75,365,0.1424,"PRUNEMP"
2013,1,6,2010.125,1,7.35833333333333,8,8.5,8.25,366,0.1556,"PRUNEMP"
2013,1,7,2010.125,1,7.35833333333333,7.5,8,7.75,367,0.1948,"PRUNEMP"
2013,1,8,2010.125,1,7.35833333333333,7,7.5,7.25,368,0.1348,"PRUNEMP"
2013,1,9,2010.125,1,7.35833333333333,6,7,6.5,369,0.1656,"PRUNEMP"
2013,1,10,2010.125,1,7.35833333333333,-1000,6,5,370,0.0708,"PRUNEMP"
2013,2,1,2010.375,1,7.35833333333333,11,1000,12,371,0.0016,"PRUNEMP"
2013,2,2,2010.375,1,7.35833333333333,10,11,10.5,372,0.0032,"PRUNEMP"
2013,2,3,2010.375,1,7.35833333333333,9.5,10,9.75,373,0.0132,"PRUNEMP"
2013,2,4,2010.375,1,7.35833333333333,9,9.5,9.25,374,0.052,"PRUNEMP"
2013,2,5,2010.375,1,7.35833333333333,8.5,9,8.75,375,0.110544,"PRUNEMP"
2013,2,6,2010.375,1,7.35833333333333,8,8.5,8.25,376,0.14656,"PRUNEMP"
2013,2,7,2010.375,1,7.35833333333333,7.5,8,7.75,377,0.189328,"PRUNEMP"
2013,2,8,2010.375,1,7.35833333333333,7,7.5,7.25,378,0.199664,"PRUNEMP"
2013,2,9,2010.375,1,7.35833333333333,6,7,6.5,379,0.187024,"PRUNEMP"
2013,2,10,2010.375,1,7.35833333333333,-1000,6,5,380,0.09688,"PRUNEMP"
2013,3,1,2010.625,1,7.35833333333333,11,1000,12,381,0.00240352380952381,"PRUNEMP"
2013,3,2,2010.625,1,7.35833333333333,10,11,10.5,382,0.00681804761904762,"PRUNEMP"
2013,3,3,2010.625,1,7.35833333333333,9.5,10,9.75,383,0.019799380952381,"PRUNEMP"
2013,3,4,2010.625,1,7.35833333333333,9,9.5,9.25,384,0.0893645238095238,"PRUNEMP"
2013,3,5,2010.625,1,7.35833333333333,8.5,9,8.75,385,0.139522047619048,"PRUNEMP"
2013,3,6,2010.625,1,7.35833333333333,8,8.5,8.25,386,0.158054,"PRUNEMP"
2013,3,7,2010.625,1,7.35833333333333,7.5,8,7.75,387,0.156107571428571,"PRUNEMP"
2013,3,8,2010.625,1,7.35833333333333,7,7.5,7.25,388,0.213513142857143,"PRUNEMP"
2013,3,9,2010.625,1,7.35833333333333,6,7,6.5,389,0.164151428571429,"PRUNEMP"
2013,3,10,2010.625,1,7.35833333333333,-1000,6,5,390,0.0502570952380952,"PRUNEMP"
2013,4,1,2010.875,1,7.35833333333333,11,1000,12,391,0.00441379310344828,"PRUNEMP"
2013,4,2,2010.875,1,7.35833333333333,10,11,10.5,392,0.0112172413793103,"PRUNEMP"
2013,4,3,2010.875,1,7.35833333333333,9.5,10,9.75,393,0.0364344827586207,"PRUNEMP"
2013,4,4,2010.875,1,7.35833333333333,9,9.5,9.25,394,0.122079310344828,"PRUNEMP"
2013,4,5,2010.875,1,7.35833333333333,8.5,9,8.75,395,0.203541379310345,"PRUNEMP"
2013,4,6,2010.875,1,7.35833333333333,8,8.5,8.25,396,0.193837931034483,"PRUNEMP"
2013,4,7,2010.875,1,7.35833333333333,7.5,8,7.75,397,0.1715,"PRUNEMP"
2013,4,8,2010.875,1,7.35833333333333,7,7.5,7.25,398,0.134275862068966,"PRUNEMP"
2013,4,9,2010.875,1,7.35833333333333,6,7,6.5,399,0.0935689655172414,"PRUNEMP"
2013,4,10,2010.875,1,7.35833333333333,-1000,6,5,400,0.0291344827586207,"PRUNEMP"
2013,1,1,2011.125,1,7.35833333333333,11,1000,12,401,0.00211928125,"PRUNEMP"
2013,1,2,2011.125,1,7.35833333333333,10,11,10.5,402,0.0073843125,"PRUNEMP"
2013,1,3,2011.125,1,7.35833333333333,9.5,10,9.75,403,0.01510328125,"PRUNEMP"
2013,1,4,2011.125,1,7.35833333333333,9,9.5,9.25,404,0.05944471875,"PRUNEMP"
2013,1,5,2011.125,1,7.35833333333333,8.5,9,8.75,405,0.16768946875,"PRUNEMP"
2013,1,6,2011.125,1,7.35833333333333,8,8.5,8.25,406,0.220808625,"PRUNEMP"
2013,1,7,2011.125,1,7.35833333333333,7.5,8,7.75,407,0.184939,"PRUNEMP"
2013,1,8,2011.125,1,7.35833333333333,7,7.5,7.25,408,0.1687916875,"PRUNEMP"
2013,1,9,2011.125,1,7.35833333333333,6,7,6.5,409,0.137136875,"PRUNEMP"
2013,1,10,2011.125,1,7.35833333333333,-1000,6,5,410,0.0365823125,"PRUNEMP"
2013,2,1,2011.375,1,7.35833333333333,11,1000,12,411,0.00146,"PRUNEMP"
2013,2,2,2011.375,1,7.35833333333333,10,11,10.5,412,0.00485,"PRUNEMP"
2013,2,3,2011.375,1,7.35833333333333,9.5,10,9.75,413,0.0135266666666667,"PRUNEMP"
2013,2,4,2011.375,1,7.35833333333333,9,9.5,9.25,414,0.0329233333333333,"PRUNEMP"
2013,2,5,2011.375,1,7.35833333333333,8.5,9,8.75,415,0.09207,"PRUNEMP"
2013,2,6,2011.375,1,7.35833333333333,8,8.5,8.25,416,0.1859,"PRUNEMP"
2013,2,7,2011.375,1,7.35833333333333,7.5,8,7.75,417,0.28819,"PRUNEMP"
2013,2,8,2011.375,1,7.35833333333333,7,7.5,7.25,418,0.233086666666667,"PRUNEMP"
2013,2,9,2011.375,1,7.35833333333333,6,7,6.5,419,0.103153333333333,"PRUNEMP"
2013,2,10,2011.375,1,7.35833333333333,-1000,6,5,420,0.04484,"PRUNEMP"
2013,3,1,2011.625,1,7.35833333333333,11,1000,12,421,0.00784615384615384,"PRUNEMP"
2013,3,2,2011.625,1,7.35833333333333,10,11,10.5,422,0.0161076923076923,"PRUNEMP"
2013,3,3,2011.625,1,7.35833333333333,9.5,10,9.75,423,0.0337923076923077,"PRUNEMP"
2013,3,4,2011.625,1,7.35833333333333,9,9.5,9.25,424,0.0969230769230769,"PRUNEMP"
2013,3,5,2011.625,1,7.35833333333333,8.5,9,8.75,425,0.1624,"PRUNEMP"
2013,3,6,2011.625,1,7.35833333333333,8,8.5,8.25,426,0.313715384615385,"PRUNEMP"
2013,3,7,2011.625,1,7.35833333333333,7.5,8,7.75,427,0.255076923076923,"PRUNEMP"
2013,3,8,2011.625,1,7.35833333333333,7,7.5,7.25,428,0.0892307692307692,"PRUNEMP"
2013,3,9,2011.625,1,7.35833333333333,6,7,6.5,429,0.0199769230769231,"PRUNEMP"
2013,3,10,2011.625,1,7.35833333333333,-1000,6,5,430,0.00496923076923077,"PRUNEMP"
2013,4,1,2011.875,1,7.35833333333333,11,1000,12,431,0.00352727272727273,"PRUNEMP"
2013,4,2,2011.875,1,7.35833333333333,10,11,10.5,432,0.0180363636363636,"PRUNEMP"
2013,4,3,2011.875,1,7.35833333333333,9.5,10,9.75,433,0.0553393939393939,"PRUNEMP"
2013,4,4,2011.875,1,7.35833333333333,9,9.5,9.25,434,0.136084848484848,"PRUNEMP"
2013,4,5,2011.875,1,7.35833333333333,8.5,9,8.75,435,0.245054545454545,"PRUNEMP"
2013,4,6,2011.875,1,7.35833333333333,8,8.5,8.25,436,0.239763636363636,"PRUNEMP"
2013,4,7,2011.875,1,7.35833333333333,7.5,8,7.75,437,0.193969696969697,"PRUNEMP"
2013,4,8,2011.875,1,7.35833333333333,7,7.5,7.25,438,0.0702242424242424,"PRUNEMP"
2013,4,9,2011.875,1,7.35833333333333,6,7,6.5,439,0.0292121212121212,"PRUNEMP"
2013,4,10,2011.875,1,7.35833333333333,-1000,6,5,440,0.00878787878787879,"PRUNEMP"
2013,1,1,2012.125,1,7.35833333333333,11,1000,12,441,0.00255,"PRUNEMP"
2013,1,2,2012.125,1,7.35833333333333,10,11,10.5,442,0.00429,"PRUNEMP"
2013,1,3,2012.125,1,7.35833333333333,9.5,10,9.75,443,0.018925,"PRUNEMP"
2013,1,4,2012.125,1,7.35833333333333,9,9.5,9.25,444,0.046845,"PRUNEMP"
2013,1,5,2012.125,1,7.35833333333333,8.5,9,8.75,445,0.14466,"PRUNEMP"
2013,1,6,2012.125,1,7.35833333333333,8,8.5,8.25,446,0.26384,"PRUNEMP"
2013,1,7,2012.125,1,7.35833333333333,7.5,8,7.75,447,0.25895,"PRUNEMP"
2013,1,8,2012.125,1,7.35833333333333,7,7.5,7.25,448,0.15353,"PRUNEMP"
2013,1,9,2012.125,1,7.35833333333333,6,7,6.5,449,0.08065,"PRUNEMP"
2013,1,10,2012.125,1,7.35833333333333,-1000,6,5,450,0.02576,"PRUNEMP"
2013,2,1,2012.375,1,7.35833333333333,11,1000,12,451,0.000688235294117647,"PRUNEMP"
2013,2,2,2012.375,1,7.35833333333333,10,11,10.5,452,0.00217647058823529,"PRUNEMP"
2013,2,3,2012.375,1,7.35833333333333,9.5,10,9.75,453,0.00482352941176471,"PRUNEMP"
2013,2,4,2012.375,1,7.35833333333333,9,9.5,9.25,454,0.0271,"PRUNEMP"
2013,2,5,2012.375,1,7.35833333333333,8.5,9,8.75,455,0.0800117647058824,"PRUNEMP"
2013,2,6,2012.375,1,7.35833333333333,8,8.5,8.25,456,0.266558823529412,"PRUNEMP"
2013,2,7,2012.375,1,7.35833333333333,7.5,8,7.75,457,0.351094117647059,"PRUNEMP"
2013,2,8,2012.375,1,7.35833333333333,7,7.5,7.25,458,0.199905882352941,"PRUNEMP"
2013,2,9,2012.375,1,7.35833333333333,6,7,6.5,459,0.0588823529411765,"PRUNEMP"
2013,2,10,2012.375,1,7.35833333333333,-1000,6,5,460,0.00875882352941177,"PRUNEMP"
2013,3,1,2012.625,1,7.35833333333333,11,1000,12,461,0.00342558139534884,"PRUNEMP"
2013,3,2,2012.625,1,7.35833333333333,10,11,10.5,462,0.00486511627906977,"PRUNEMP"
2013,3,3,2012.625,1,7.35833333333333,9.5,10,9.75,463,0.00755116279069768,"PRUNEMP"
2013,3,4,2012.625,1,7.35833333333333,9,9.5,9.25,464,0.029893023255814,"PRUNEMP"
2013,3,5,2012.625,1,7.35833333333333,8.5,9,8.75,465,0.135372093023256,"PRUNEMP"
2013,3,6,2012.625,1,7.35833333333333,8,8.5,8.25,466,0.322381395348837,"PRUNEMP"
2013,3,7,2012.625,1,7.35833333333333,7.5,8,7.75,467,0.336644186046512,"PRUNEMP"
2013,3,8,2012.625,1,7.35833333333333,7,7.5,7.25,468,0.1328,"PRUNEMP"
2013,3,9,2012.625,1,7.35833333333333,6,7,6.5,469,0.0240651162790698,"PRUNEMP"
2013,3,10,2012.625,1,7.35833333333333,-1000,6,5,470,0.00300232558139535,"PRUNEMP"
2013,4,1,2012.875,1,7.35833333333333,11,1000,12,471,0.00258823529411765,"PRUNEMP"
2013,4,2,2012.875,1,7.35833333333333,10,11,10.5,472,0.00397058823529412,"PRUNEMP"
2013,4,3,2012.875,1,7.35833333333333,9.5,10,9.75,473,0.00647058823529412,"PRUNEMP"
2013,4,4,2012.875,1,7.35833333333333,9,9.5,9.25,474,0.0119529411764706,"PRUNEMP"
2013,4,5,2012.875,1,7.35833333333333,8.5,9,8.75,475,0.0648823529411765,"PRUNEMP"
2013,4,6,2012.875,1,7.35833333333333,8,8.5,8.25,476,0.255294117647059,"PRUNEMP"
2013,4,7,2012.875,1,7.35833333333333,7.5,8,7.75,477,0.475035294117647,"PRUNEMP"
2013,4,8,2012.875,1,7.35833333333333,7,7.5,7.25,478,0.154164705882353,"PRUNEMP"
2013,4,9,2012.875,1,7.35833333333333,6,7,6.5,479,0.0253764705882353,"PRUNEMP"
2013,4,10,2012.875,1,7.35833333333333,-1000,6,5,480,0.000264705882352941,"PRUNEMP"
2013,1,1,2013.125,1,7.35833333333333,11,1000,12,481,0,"PRUNEMP"
2013,1,2,2013.125,1,7.35833333333333,10,11,10.5,482,0.000128205128205128,"PRUNEMP"
2013,1,3,2013.125,1,7.35833333333333,9.5,10,9.75,483,0.00182564102564103,"PRUNEMP"
2013,1,4,2013.125,1,7.35833333333333,9,9.5,9.25,484,0.00496410256410256,"PRUNEMP"
2013,1,5,2013.125,1,7.35833333333333,8.5,9,8.75,485,0.029848717948718,"PRUNEMP"
2013,1,6,2013.125,1,7.35833333333333,8,8.5,8.25,486,0.183497435897436,"PRUNEMP"
2013,1,7,2013.125,1,7.35833333333333,7.5,8,7.75,487,0.5204,"PRUNEMP"
2013,1,8,2013.125,1,7.35833333333333,7,7.5,7.25,488,0.218497435897436,"PRUNEMP"
2013,1,9,2013.125,1,7.35833333333333,6,7,6.5,489,0.0395564102564103,"PRUNEMP"
2013,1,10,2013.125,1,7.35833333333333,-1000,6,5,490,0.00128205128205128,"PRUNEMP"
2013,2,1,2013.375,1,7.35833333333333,11,1000,12,491,0,"PRUNEMP"
2013,2,2,2013.375,1,7.35833333333333,10,11,10.5,492,0,"PRUNEMP"
2013,2,3,2013.375,1,7.35833333333333,9.5,10,9.75,493,0.000277777777777778,"PRUNEMP"
2013,2,4,2013.375,1,7.35833333333333,9,9.5,9.25,494,0.0025,"PRUNEMP"
2013,2,5,2013.375,1,7.35833333333333,8.5,9,8.75,495,0.0182555555555556,"PRUNEMP"
2013,2,6,2013.375,1,7.35833333333333,8,8.5,8.25,496,0.0957888888888889,"PRUNEMP"
2013,2,7,2013.375,1,7.35833333333333,7.5,8,7.75,497,0.505383333333333,"PRUNEMP"
2013,2,8,2013.375,1,7.35833333333333,7,7.5,7.25,498,0.328072222222222,"PRUNEMP"
2013,2,9,2013.375,1,7.35833333333333,6,7,6.5,499,0.0469444444444444,"PRUNEMP"
2013,2,10,2013.375,1,7.35833333333333,-1000,6,5,500,0.00277777777777778,"PRUNEMP"
2013,3,1,2013.625,1,7.35833333333333,11,1000,12,501,0,"PRUNEMP"
2013,3,2,2013.625,1,7.35833333333333,10,11,10.5,502,0,"PRUNEMP"
2013,3,3,2013.625,1,7.35833333333333,9.5,10,9.75,503,0.000810810810810811,"PRUNEMP"
2013,3,4,2013.625,1,7.35833333333333,9,9.5,9.25,504,0.00121621621621622,"PRUNEMP"
2013,3,5,2013.625,1,7.35833333333333,8.5,9,8.75,505,0.00618918918918919,"PRUNEMP"
2013,3,6,2013.625,1,7.35833333333333,8,8.5,8.25,506,0.0480918918918919,"PRUNEMP"
2013,3,7,2013.625,1,7.35833333333333,7.5,8,7.75,507,0.494221621621622,"PRUNEMP"
2013,3,8,2013.625,1,7.35833333333333,7,7.5,7.25,508,0.393821621621622,"PRUNEMP"
2013,3,9,2013.625,1,7.35833333333333,6,7,6.5,509,0.0518378378378378,"PRUNEMP"
2013,3,10,2013.625,1,7.35833333333333,-1000,6,5,510,0.00381081081081081,"PRUNEMP"
2013,4,1,2013.875,1,7.35833333333333,11,1000,12,511,0,"PRUNEMP"
2013,4,2,2013.875,1,7.35833333333333,10,11,10.5,512,0,"PRUNEMP"
2013,4,3,2013.875,1,7.35833333333333,9.5,10,9.75,513,0.000256410256410257,"PRUNEMP"
2013,4,4,2013.875,1,7.35833333333333,9,9.5,9.25,514,0.000256410256410257,"PRUNEMP"
2013,4,5,2013.875,1,7.35833333333333,8.5,9,8.75,515,0.00205128205128205,"PRUNEMP"
2013,4,6,2013.875,1,7.35833333333333,8,8.5,8.25,516,0.0217948717948718,"PRUNEMP"
2013,4,7,2013.875,1,7.35833333333333,7.5,8,7.75,517,0.50188717948718,"PRUNEMP"
2013,4,8,2013.875,1,7.35833333333333,7,7.5,7.25,518,0.43734358974359,"PRUNEMP"
2013,4,9,2013.875,1,7.35833333333333,6,7,6.5,519,0.0343589743589744,"PRUNEMP"
2013,4,10,2013.875,1,7.35833333333333,-1000,6,5,520,0.00205128205128205,"PRUNEMP"
2014,1,1,2014.125,1,6.15833333333333,9,1000,10,521,0.000283658536585366,"PRUNEMP"
2014,1,2,2014.125,1,6.15833333333333,8,9,8.5,522,0.00111221951219512,"PRUNEMP"
2014,1,3,2014.125,1,6.15833333333333,7.5,8,7.75,523,0.0150029024390244,"PRUNEMP"
2014,1,4,2014.125,1,6.15833333333333,7,7.5,7.25,524,0.094122756097561,"PRUNEMP"
2014,1,5,2014.125,1,6.15833333333333,6.5,7,6.75,525,0.398477780487805,"PRUNEMP"
2014,1,6,2014.125,1,6.15833333333333,6,6.5,6.25,526,0.371183829268293,"PRUNEMP"
2014,1,7,2014.125,1,6.15833333333333,5.5,6,5.75,527,0.0960853658536585,"PRUNEMP"
2014,1,8,2014.125,1,6.15833333333333,5,5.5,5.25,528,0.0173168536585366,"PRUNEMP"
2014,1,9,2014.125,1,6.15833333333333,4,5,4.5,529,0.0044390243902439,"PRUNEMP"
2014,1,10,2014.125,1,6.15833333333333,-1000,4,3,530,0.00197560975609756,"PRUNEMP"
2014,2,1,2014.375,1,6.15833333333333,9,1000,10,531,0,"PRUNEMP"
2014,2,2,2014.375,1,6.15833333333333,8,9,8.5,532,0.000526315789473684,"PRUNEMP"
2014,2,3,2014.375,1,6.15833333333333,7.5,8,7.75,533,0.0103947368421053,"PRUNEMP"
2014,2,4,2014.375,1,6.15833333333333,7,7.5,7.25,534,0.0523842105263158,"PRUNEMP"
2014,2,5,2014.375,1,6.15833333333333,6.5,7,6.75,535,0.288957894736842,"PRUNEMP"
2014,2,6,2014.375,1,6.15833333333333,6,6.5,6.25,536,0.467231578947368,"PRUNEMP"
2014,2,7,2014.375,1,6.15833333333333,5.5,6,5.75,537,0.154242105263158,"PRUNEMP"
2014,2,8,2014.375,1,6.15833333333333,5,5.5,5.25,538,0.0247894736842105,"PRUNEMP"
2014,2,9,2014.375,1,6.15833333333333,4,5,4.5,539,0.0013421052631579,"PRUNEMP"
2014,2,10,2014.375,1,6.15833333333333,-1000,4,3,540,0.000131578947368421,"PRUNEMP"
2014,3,1,2014.625,1,6.15833333333333,9,1000,10,541,0,"PRUNEMP"
2014,3,2,2014.625,1,6.15833333333333,8,9,8.5,542,0,"PRUNEMP"
2014,3,3,2014.625,1,6.15833333333333,7.5,8,7.75,543,0.0033,"PRUNEMP"
2014,3,4,2014.625,1,6.15833333333333,7,7.5,7.25,544,0.01895,"PRUNEMP"
2014,3,5,2014.625,1,6.15833333333333,6.5,7,6.75,545,0.1737,"PRUNEMP"
2014,3,6,2014.625,1,6.15833333333333,6,6.5,6.25,546,0.61272,"PRUNEMP"
2014,3,7,2014.625,1,6.15833333333333,5.5,6,5.75,547,0.179505,"PRUNEMP"
2014,3,8,2014.625,1,6.15833333333333,5,5.5,5.25,548,0.0112,"PRUNEMP"
2014,3,9,2014.625,1,6.15833333333333,4,5,4.5,549,5e-04,"PRUNEMP"
2014,3,10,2014.625,1,6.15833333333333,-1000,4,3,550,0.000125,"PRUNEMP"
2014,4,1,2014.875,1,6.15833333333333,9,1000,10,551,0,"PRUNEMP"
2014,4,2,2014.875,1,6.15833333333333,8,9,8.5,552,0,"PRUNEMP"
2014,4,3,2014.875,1,6.15833333333333,7.5,8,7.75,553,0,"PRUNEMP"
2014,4,4,2014.875,1,6.15833333333333,7,7.5,7.25,554,0.00542105263157895,"PRUNEMP"
2014,4,5,2014.875,1,6.15833333333333,6.5,7,6.75,555,0.0742894736842105,"PRUNEMP"
2014,4,6,2014.875,1,6.15833333333333,6,6.5,6.25,556,0.767052631578947,"PRUNEMP"
2014,4,7,2014.875,1,6.15833333333333,5.5,6,5.75,557,0.135868421052632,"PRUNEMP"
2014,4,8,2014.875,1,6.15833333333333,5,5.5,5.25,558,0.015,"PRUNEMP"
2014,4,9,2014.875,1,6.15833333333333,4,5,4.5,559,0.0018421052631579,"PRUNEMP"
2014,4,10,2014.875,1,6.15833333333333,-1000,4,3,560,0.000526315789473685,"PRUNEMP"
2015,1,1,2014.125,1,5.275,9,1000,10,561,0.00162939024390244,"PRUNEMP"
2015,1,2,2014.125,1,5.275,8,9,8.5,562,0.00401263414634146,"PRUNEMP"
2015,1,3,2014.125,1,5.275,7.5,8,7.75,563,0.0148969756097561,"PRUNEMP"
2015,1,4,2014.125,1,5.275,7,7.5,7.25,564,0.0493646341463415,"PRUNEMP"
2015,1,5,2014.125,1,5.275,6.5,7,6.75,565,0.155429756097561,"PRUNEMP"
2015,1,6,2014.125,1,5.275,6,6.5,6.25,566,0.398978658536585,"PRUNEMP"
2015,1,7,2014.125,1,5.275,5.5,6,5.75,567,0.266569829268293,"PRUNEMP"
2015,1,8,2014.125,1,5.275,5,5.5,5.25,568,0.0931788292682927,"PRUNEMP"
2015,1,9,2014.125,1,5.275,4,5,4.5,569,0.0133683658536585,"PRUNEMP"
2015,1,10,2014.125,1,5.275,-1000,4,3,570,0.00257092682926829,"PRUNEMP"
2015,2,1,2014.375,1,5.275,9,1000,10,571,0.00266315789473684,"PRUNEMP"
2015,2,2,2014.375,1,5.275,8,9,8.5,572,0.00465789473684211,"PRUNEMP"
2015,2,3,2014.375,1,5.275,7.5,8,7.75,573,0.0138421052631579,"PRUNEMP"
2015,2,4,2014.375,1,5.275,7,7.5,7.25,574,0.0424,"PRUNEMP"
2015,2,5,2014.375,1,5.275,6.5,7,6.75,575,0.121873684210526,"PRUNEMP"
2015,2,6,2014.375,1,5.275,6,6.5,6.25,576,0.345726315789474,"PRUNEMP"
2015,2,7,2014.375,1,5.275,5.5,6,5.75,577,0.336484210526316,"PRUNEMP"
2015,2,8,2014.375,1,5.275,5,5.5,5.25,578,0.115926315789474,"PRUNEMP"
2015,2,9,2014.375,1,5.275,4,5,4.5,579,0.0141421052631579,"PRUNEMP"
2015,2,10,2014.375,1,5.275,-1000,4,3,580,0.00228421052631579,"PRUNEMP"
2015,3,1,2014.625,1,5.275,9,1000,10,581,0.00126,"PRUNEMP"
2015,3,2,2014.625,1,5.275,8,9,8.5,582,0.00178,"PRUNEMP"
2015,3,3,2014.625,1,5.275,7.5,8,7.75,583,0.004315,"PRUNEMP"
2015,3,4,2014.625,1,5.275,7,7.5,7.25,584,0.01757,"PRUNEMP"
2015,3,5,2014.625,1,5.275,6.5,7,6.75,585,0.073655,"PRUNEMP"
2015,3,6,2014.625,1,5.275,6,6.5,6.25,586,0.268105,"PRUNEMP"
2015,3,7,2014.625,1,5.275,5.5,6,5.75,587,0.43786,"PRUNEMP"
2015,3,8,2014.625,1,5.275,5,5.5,5.25,588,0.17361,"PRUNEMP"
2015,3,9,2014.625,1,5.275,4,5,4.5,589,0.020475,"PRUNEMP"
2015,3,10,2014.625,1,5.275,-1000,4,3,590,0.00137,"PRUNEMP"
2015,4,1,2014.875,1,5.275,9,1000,10,591,0.00105263157894737,"PRUNEMP"
2015,4,2,2014.875,1,5.275,8,9,8.5,592,0.0013421052631579,"PRUNEMP"
2015,4,3,2014.875,1,5.275,7.5,8,7.75,593,0.0018421052631579,"PRUNEMP"
2015,4,4,2014.875,1,5.275,7,7.5,7.25,594,0.00668947368421053,"PRUNEMP"
2015,4,5,2014.875,1,5.275,6.5,7,6.75,595,0.0412578947368421,"PRUNEMP"
2015,4,6,2014.875,1,5.275,6,6.5,6.25,596,0.173494736842105,"PRUNEMP"
2015,4,7,2014.875,1,5.275,5.5,6,5.75,597,0.472263157894737,"PRUNEMP"
2015,4,8,2014.875,1,5.275,5,5.5,5.25,598,0.278494736842105,"PRUNEMP"
2015,4,9,2014.875,1,5.275,4,5,4.5,599,0.0227473684210526,"PRUNEMP"
2015,4,10,2014.875,1,5.275,-1000,4,3,600,0.00081578947368421,"PRUNEMP"
2015,1,1,2015.125,1,5.275,9,1000,10,601,0,"PRUNEMP"
2015,1,2,2015.125,1,5.275,8,9,8.5,602,0.00121212121212121,"PRUNEMP"
2015,1,3,2015.125,1,5.275,7.5,8,7.75,603,0.00183030303030303,"PRUNEMP"
2015,1,4,2015.125,1,5.275,7,7.5,7.25,604,0.00447272727272727,"PRUNEMP"
2015,1,5,2015.125,1,5.275,6.5,7,6.75,605,0.0183151515151515,"PRUNEMP"
2015,1,6,2015.125,1,5.275,6,6.5,6.25,606,0.0935757575757576,"PRUNEMP"
2015,1,7,2015.125,1,5.275,5.5,6,5.75,607,0.380078787878788,"PRUNEMP"
2015,1,8,2015.125,1,5.275,5,5.5,5.25,608,0.438163636363636,"PRUNEMP"
2015,1,9,2015.125,1,5.275,4,5,4.5,609,0.0538363636363636,"PRUNEMP"
2015,1,10,2015.125,1,5.275,-1000,4,3,610,0.00851515151515152,"PRUNEMP"
2015,2,1,2015.375,1,5.275,9,1000,10,611,1.85945945945946e-05,"PRUNEMP"
2015,2,2,2015.375,1,5.275,8,9,8.5,612,0.000316756756756757,"PRUNEMP"
2015,2,3,2015.375,1,5.275,7.5,8,7.75,613,0.000659108108108108,"PRUNEMP"
2015,2,4,2015.375,1,5.275,7,7.5,7.25,614,0.00394081081081081,"PRUNEMP"
2015,2,5,2015.375,1,5.275,6.5,7,6.75,615,0.024997972972973,"PRUNEMP"
2015,2,6,2015.375,1,5.275,6,6.5,6.25,616,0.0739084054054054,"PRUNEMP"
2015,2,7,2015.375,1,5.275,5.5,6,5.75,617,0.282406162162162,"PRUNEMP"
2015,2,8,2015.375,1,5.275,5,5.5,5.25,618,0.492866783783784,"PRUNEMP"
2015,2,9,2015.375,1,5.275,4,5,4.5,619,0.112244,"PRUNEMP"
2015,2,10,2015.375,1,5.275,-1000,4,3,620,0.0086414054054054,"PRUNEMP"
2015,3,1,2015.625,1,5.275,9,1000,10,621,0,"PRUNEMP"
2015,3,2,2015.625,1,5.275,8,9,8.5,622,1.35135135135135e-07,"PRUNEMP"
2015,3,3,2015.625,1,5.275,7.5,8,7.75,623,4.05405405405405e-06,"PRUNEMP"
2015,3,4,2015.625,1,5.275,7,7.5,7.25,624,0.00117583783783784,"PRUNEMP"
2015,3,5,2015.625,1,5.275,6.5,7,6.75,625,0.00672751351351351,"PRUNEMP"
2015,3,6,2015.625,1,5.275,6,6.5,6.25,626,0.0307675675675676,"PRUNEMP"
2015,3,7,2015.625,1,5.275,5.5,6,5.75,627,0.240760162162162,"PRUNEMP"
2015,3,8,2015.625,1,5.275,5,5.5,5.25,628,0.619445,"PRUNEMP"
2015,3,9,2015.625,1,5.275,4,5,4.5,629,0.0945646216216216,"PRUNEMP"
2015,3,10,2015.625,1,5.275,-1000,4,3,630,0.00655508108108108,"PRUNEMP"
2015,4,1,2015.875,1,5.275,9,1000,10,631,0.000448648648648649,"PRUNEMP"
2015,4,2,2015.875,1,5.275,8,9,8.5,632,0.000148648648648649,"PRUNEMP"
2015,4,3,2015.875,1,5.275,7.5,8,7.75,633,0.000297297297297297,"PRUNEMP"
2015,4,4,2015.875,1,5.275,7,7.5,7.25,634,0.000597297297297297,"PRUNEMP"
2015,4,5,2015.875,1,5.275,6.5,7,6.75,635,0.00146486486486487,"PRUNEMP"
2015,4,6,2015.875,1,5.275,6,6.5,6.25,636,0.00508918918918919,"PRUNEMP"
2015,4,7,2015.875,1,5.275,5.5,6,5.75,637,0.0812810810810811,"PRUNEMP"
2015,4,8,2015.875,1,5.275,5,5.5,5.25,638,0.820872972972973,"PRUNEMP"
2015,4,9,2015.875,1,5.275,4,5,4.5,639,0.0840891891891892,"PRUNEMP"
2015,4,10,2015.875,1,5.275,-1000,4,3,640,0.00571081081081081,"PRUNEMP"
2016,1,1,2014.125,1,4.875,9,1000,10,641,0.00241996875,"PRUNEMP"
2016,1,2,2014.125,1,4.875,8,9,8.5,642,0.00620615625,"PRUNEMP"
2016,1,3,2014.125,1,4.875,7.5,8,7.75,643,0.01304890625,"PRUNEMP"
2016,1,4,2014.125,1,4.875,7,7.5,7.25,644,0.03958090625,"PRUNEMP"
2016,1,5,2014.125,1,4.875,6.5,7,6.75,645,0.0977519375,"PRUNEMP"
2016,1,6,2014.125,1,4.875,6,6.5,6.25,646,0.25371453125,"PRUNEMP"
2016,1,7,2014.125,1,4.875,5.5,6,5.75,647,0.3491266875,"PRUNEMP"
2016,1,8,2014.125,1,4.875,5,5.5,5.25,648,0.17756371875,"PRUNEMP"
2016,1,9,2014.125,1,4.875,4,5,4.5,649,0.05610496875,"PRUNEMP"
2016,1,10,2014.125,1,4.875,-1000,4,3,650,0.0044821875,"PRUNEMP"
2016,2,1,2014.375,1,4.875,9,1000,10,651,0.00195862068965517,"PRUNEMP"
2016,2,2,2014.375,1,4.875,8,9,8.5,652,0.00551724137931035,"PRUNEMP"
2016,2,3,2014.375,1,4.875,7.5,8,7.75,653,0.00922758620689655,"PRUNEMP"
2016,2,4,2014.375,1,4.875,7,7.5,7.25,654,0.0375310344827586,"PRUNEMP"
2016,2,5,2014.375,1,4.875,6.5,7,6.75,655,0.093551724137931,"PRUNEMP"
2016,2,6,2014.375,1,4.875,6,6.5,6.25,656,0.228689655172414,"PRUNEMP"
2016,2,7,2014.375,1,4.875,5.5,6,5.75,657,0.334772413793103,"PRUNEMP"
2016,2,8,2014.375,1,4.875,5,5.5,5.25,658,0.208510344827586,"PRUNEMP"
2016,2,9,2014.375,1,4.875,4,5,4.5,659,0.0734068965517241,"PRUNEMP"
2016,2,10,2014.375,1,4.875,-1000,4,3,660,0.00683448275862069,"PRUNEMP"
2016,3,1,2014.625,1,4.875,9,1000,10,661,0.00188,"PRUNEMP"
2016,3,2,2014.625,1,4.875,8,9,8.5,662,0.00386,"PRUNEMP"
2016,3,3,2014.625,1,4.875,7.5,8,7.75,663,0.00784,"PRUNEMP"
2016,3,4,2014.625,1,4.875,7,7.5,7.25,664,0.0212133333333333,"PRUNEMP"
2016,3,5,2014.625,1,4.875,6.5,7,6.75,665,0.0596266666666667,"PRUNEMP"
2016,3,6,2014.625,1,4.875,6,6.5,6.25,666,0.165493333333333,"PRUNEMP"
2016,3,7,2014.625,1,4.875,5.5,6,5.75,667,0.377566666666667,"PRUNEMP"
2016,3,8,2014.625,1,4.875,5,5.5,5.25,668,0.266893333333333,"PRUNEMP"
2016,3,9,2014.625,1,4.875,4,5,4.5,669,0.0870066666666667,"PRUNEMP"
2016,3,10,2014.625,1,4.875,-1000,4,3,670,0.00862,"PRUNEMP"
2016,4,1,2014.875,1,4.875,9,1000,10,671,0.0013125,"PRUNEMP"
2016,4,2,2014.875,1,4.875,8,9,8.5,672,0.00194375,"PRUNEMP"
2016,4,3,2014.875,1,4.875,7.5,8,7.75,673,0.00418125,"PRUNEMP"
2016,4,4,2014.875,1,4.875,7,7.5,7.25,674,0.00956875,"PRUNEMP"
2016,4,5,2014.875,1,4.875,6.5,7,6.75,675,0.03619375,"PRUNEMP"
2016,4,6,2014.875,1,4.875,6,6.5,6.25,676,0.12853125,"PRUNEMP"
2016,4,7,2014.875,1,4.875,5.5,6,5.75,677,0.36485625,"PRUNEMP"
2016,4,8,2014.875,1,4.875,5,5.5,5.25,678,0.33815,"PRUNEMP"
2016,4,9,2014.875,1,4.875,4,5,4.5,679,0.101575,"PRUNEMP"
2016,4,10,2014.875,1,4.875,-1000,4,3,680,0.0136875,"PRUNEMP"
2016,1,1,2015.125,1,4.875,9,1000,10,681,0.000921212121212121,"PRUNEMP"
2016,1,2,2015.125,1,4.875,8,9,8.5,682,0.00142424242424242,"PRUNEMP"
2016,1,3,2015.125,1,4.875,7.5,8,7.75,683,0.00273939393939394,"PRUNEMP"
2016,1,4,2015.125,1,4.875,7,7.5,7.25,684,0.00796363636363636,"PRUNEMP"
2016,1,5,2015.125,1,4.875,6.5,7,6.75,685,0.0268121212121212,"PRUNEMP"
2016,1,6,2015.125,1,4.875,6,6.5,6.25,686,0.0762666666666667,"PRUNEMP"
2016,1,7,2015.125,1,4.875,5.5,6,5.75,687,0.220018181818182,"PRUNEMP"
2016,1,8,2015.125,1,4.875,5,5.5,5.25,688,0.391757575757576,"PRUNEMP"
2016,1,9,2015.125,1,4.875,4,5,4.5,689,0.245715151515152,"PRUNEMP"
2016,1,10,2015.125,1,4.875,-1000,4,3,690,0.0263818181818182,"PRUNEMP"
2016,2,1,2015.375,1,4.875,9,1000,10,691,0.001007,"PRUNEMP"
2016,2,2,2015.375,1,4.875,8,9,8.5,692,0.00206624324324324,"PRUNEMP"
2016,2,3,2015.375,1,4.875,7.5,8,7.75,693,0.00388924324324324,"PRUNEMP"
2016,2,4,2015.375,1,4.875,7,7.5,7.25,694,0.0108487567567568,"PRUNEMP"
2016,2,5,2015.375,1,4.875,6.5,7,6.75,695,0.0268669189189189,"PRUNEMP"
2016,2,6,2015.375,1,4.875,6,6.5,6.25,696,0.0587824864864865,"PRUNEMP"
2016,2,7,2015.375,1,4.875,5.5,6,5.75,697,0.173943378378378,"PRUNEMP"
2016,2,8,2015.375,1,4.875,5,5.5,5.25,698,0.399573243243243,"PRUNEMP"
2016,2,9,2015.375,1,4.875,4,5,4.5,699,0.286883918918919,"PRUNEMP"
2016,2,10,2015.375,1,4.875,-1000,4,3,700,0.0361387837837838,"PRUNEMP"
2016,3,1,2015.625,1,4.875,9,1000,10,701,0.00216216216216216,"PRUNEMP"
2016,3,2,2015.625,1,4.875,8,9,8.5,702,0.00247581081081081,"PRUNEMP"
2016,3,3,2015.625,1,4.875,7.5,8,7.75,703,0.00297018918918919,"PRUNEMP"
2016,3,4,2015.625,1,4.875,7,7.5,7.25,704,0.00608237837837838,"PRUNEMP"
2016,3,5,2015.625,1,4.875,6.5,7,6.75,705,0.015978,"PRUNEMP"
2016,3,6,2015.625,1,4.875,6,6.5,6.25,706,0.0454461081081081,"PRUNEMP"
2016,3,7,2015.625,1,4.875,5.5,6,5.75,707,0.164265972972973,"PRUNEMP"
2016,3,8,2015.625,1,4.875,5,5.5,5.25,708,0.399051864864865,"PRUNEMP"
2016,3,9,2015.625,1,4.875,4,5,4.5,709,0.337981810810811,"PRUNEMP"
2016,3,10,2015.625,1,4.875,-1000,4,3,710,0.0235857027027027,"PRUNEMP"
2016,4,1,2015.875,1,4.875,9,1000,10,711,0.000718918918918919,"PRUNEMP"
2016,4,2,2015.875,1,4.875,8,9,8.5,712,0.00122972972972973,"PRUNEMP"
2016,4,3,2015.875,1,4.875,7.5,8,7.75,713,0.00218918918918919,"PRUNEMP"
2016,4,4,2015.875,1,4.875,7,7.5,7.25,714,0.00519189189189189,"PRUNEMP"
2016,4,5,2015.875,1,4.875,6.5,7,6.75,715,0.0112702702702703,"PRUNEMP"
2016,4,6,2015.875,1,4.875,6,6.5,6.25,716,0.0270081081081081,"PRUNEMP"
2016,4,7,2015.875,1,4.875,5.5,6,5.75,717,0.105254054054054,"PRUNEMP"
2016,4,8,2015.875,1,4.875,5,5.5,5.25,718,0.339591891891892,"PRUNEMP"
2016,4,9,2015.875,1,4.875,4,5,4.5,719,0.472905405405405,"PRUNEMP"
2016,4,10,2015.875,1,4.875,-1000,4,3,720,0.0346405405405405,"PRUNEMP"
2016,1,1,2016.125,1,4.875,9,1000,10,721,0.000571428571428571,"PRUNEMP"
2016,1,2,2016.125,1,4.875,8,9,8.5,722,0.000857142857142857,"PRUNEMP"
2016,1,3,2016.125,1,4.875,7.5,8,7.75,723,0.00114285714285714,"PRUNEMP"
2016,1,4,2016.125,1,4.875,7,7.5,7.25,724,0.00116571428571429,"PRUNEMP"
2016,1,5,2016.125,1,4.875,6.5,7,6.75,725,0.00212571428571429,"PRUNEMP"
2016,1,6,2016.125,1,4.875,6,6.5,6.25,726,0.00684571428571428,"PRUNEMP"
2016,1,7,2016.125,1,4.875,5.5,6,5.75,727,0.0521942857142857,"PRUNEMP"
2016,1,8,2016.125,1,4.875,5,5.5,5.25,728,0.25744,"PRUNEMP"
2016,1,9,2016.125,1,4.875,4,5,4.5,729,0.611657142857143,"PRUNEMP"
2016,1,10,2016.125,1,4.875,-1000,4,3,730,0.066,"PRUNEMP"
2016,2,1,2016.375,1,4.875,9,1000,10,731,0.000997222222222222,"PRUNEMP"
2016,2,2,2016.375,1,4.875,8,9,8.5,732,0.00119722222222222,"PRUNEMP"
2016,2,3,2016.375,1,4.875,7.5,8,7.75,733,0.00116388888888889,"PRUNEMP"
2016,2,4,2016.375,1,4.875,7,7.5,7.25,734,0.00185,"PRUNEMP"
2016,2,5,2016.375,1,4.875,6.5,7,6.75,735,0.00336111111111111,"PRUNEMP"
2016,2,6,2016.375,1,4.875,6,6.5,6.25,736,0.00589444444444444,"PRUNEMP"
2016,2,7,2016.375,1,4.875,5.5,6,5.75,737,0.0394333333333333,"PRUNEMP"
2016,2,8,2016.375,1,4.875,5,5.5,5.25,738,0.299819444444444,"PRUNEMP"
2016,2,9,2016.375,1,4.875,4,5,4.5,739,0.611297222222222,"PRUNEMP"
2016,2,10,2016.375,1,4.875,-1000,4,3,740,0.0349861111111111,"PRUNEMP"
2016,3,1,2016.625,1,4.875,9,1000,10,741,0.000114285714285714,"PRUNEMP"
2016,3,2,2016.625,1,4.875,8,9,8.5,742,0.000114285714285714,"PRUNEMP"
2016,3,3,2016.625,1,4.875,7.5,8,7.75,743,0.000228571428571428,"PRUNEMP"
2016,3,4,2016.625,1,4.875,7,7.5,7.25,744,0.000457142857142857,"PRUNEMP"
2016,3,5,2016.625,1,4.875,6.5,7,6.75,745,0.00265714285714286,"PRUNEMP"
2016,3,6,2016.625,1,4.875,6,6.5,6.25,746,0.0056,"PRUNEMP"
2016,3,7,2016.625,1,4.875,5.5,6,5.75,747,0.0237942857142857,"PRUNEMP"
2016,3,8,2016.625,1,4.875,5,5.5,5.25,748,0.216457142857143,"PRUNEMP"
2016,3,9,2016.625,1,4.875,4,5,4.5,749,0.717862857142857,"PRUNEMP"
2016,3,10,2016.625,1,4.875,-1000,4,3,750,0.0327142857142857,"PRUNEMP"
2016,4,1,2016.875,1,4.875,9,1000,10,751,0,"PRUNEMP"
2016,4,2,2016.875,1,4.875,8,9,8.5,752,0,"PRUNEMP"
2016,4,3,2016.875,1,4.875,7.5,8,7.75,753,0.000294117647058824,"PRUNEMP"
2016,4,4,2016.875,1,4.875,7,7.5,7.25,754,0.000294117647058824,"PRUNEMP"
2016,4,5,2016.875,1,4.875,6.5,7,6.75,755,0.000588235294117647,"PRUNEMP"
2016,4,6,2016.875,1,4.875,6,6.5,6.25,756,0.00176470588235294,"PRUNEMP"
2016,4,7,2016.875,1,4.875,5.5,6,5.75,757,0.0211764705882353,"PRUNEMP"
2016,4,8,2016.875,1,4.875,5,5.5,5.25,758,0.204388235294118,"PRUNEMP"
2016,4,9,2016.875,1,4.875,4,5,4.5,759,0.755611764705882,"PRUNEMP"
2016,4,10,2016.875,1,4.875,-1000,4,3,760,0.0158823529411765,"PRUNEMP"
2017,1,1,2014.125,1,4.35833333333333,9,1000,10,761,0.00292855172413793,"PRUNEMP"
2017,1,2,2014.125,1,4.35833333333333,8,9,8.5,762,0.00784993103448276,"PRUNEMP"
2017,1,3,2014.125,1,4.35833333333333,7.5,8,7.75,763,0.0140376551724138,"PRUNEMP"
2017,1,4,2014.125,1,4.35833333333333,7,7.5,7.25,764,0.0331301379310345,"PRUNEMP"
2017,1,5,2014.125,1,4.35833333333333,6.5,7,6.75,765,0.0776191034482759,"PRUNEMP"
2017,1,6,2014.125,1,4.35833333333333,6,6.5,6.25,766,0.161368689655172,"PRUNEMP"
2017,1,7,2014.125,1,4.35833333333333,5.5,6,5.75,767,0.292428034482759,"PRUNEMP"
2017,1,8,2014.125,1,4.35833333333333,5,5.5,5.25,768,0.279719965517241,"PRUNEMP"
2017,1,9,2014.125,1,4.35833333333333,4,5,4.5,769,0.110324862068966,"PRUNEMP"
2017,1,10,2014.125,1,4.35833333333333,-1000,4,3,770,0.0205930689655172,"PRUNEMP"
2017,2,1,2014.375,1,4.35833333333333,9,1000,10,771,0.00304285714285714,"PRUNEMP"
2017,2,2,2014.375,1,4.35833333333333,8,9,8.5,772,0.00664285714285714,"PRUNEMP"
2017,2,3,2014.375,1,4.35833333333333,7.5,8,7.75,773,0.0119142857142857,"PRUNEMP"
2017,2,4,2014.375,1,4.35833333333333,7,7.5,7.25,774,0.0305142857142857,"PRUNEMP"
2017,2,5,2014.375,1,4.35833333333333,6.5,7,6.75,775,0.0709214285714286,"PRUNEMP"
2017,2,6,2014.375,1,4.35833333333333,6,6.5,6.25,776,0.183585714285714,"PRUNEMP"
2017,2,7,2014.375,1,4.35833333333333,5.5,6,5.75,777,0.306257142857143,"PRUNEMP"
2017,2,8,2014.375,1,4.35833333333333,5,5.5,5.25,778,0.248885714285714,"PRUNEMP"
2017,2,9,2014.375,1,4.35833333333333,4,5,4.5,779,0.115728571428571,"PRUNEMP"
2017,2,10,2014.375,1,4.35833333333333,-1000,4,3,780,0.0225071428571429,"PRUNEMP"
2017,3,1,2014.625,1,4.35833333333333,9,1000,10,781,0.00294615384615385,"PRUNEMP"
2017,3,2,2014.625,1,4.35833333333333,8,9,8.5,782,0.00583846153846154,"PRUNEMP"
2017,3,3,2014.625,1,4.35833333333333,7.5,8,7.75,783,0.0110384615384615,"PRUNEMP"
2017,3,4,2014.625,1,4.35833333333333,7,7.5,7.25,784,0.0223384615384615,"PRUNEMP"
2017,3,5,2014.625,1,4.35833333333333,6.5,7,6.75,785,0.0534846153846154,"PRUNEMP"
2017,3,6,2014.625,1,4.35833333333333,6,6.5,6.25,786,0.142984615384615,"PRUNEMP"
2017,3,7,2014.625,1,4.35833333333333,5.5,6,5.75,787,0.290907692307692,"PRUNEMP"
2017,3,8,2014.625,1,4.35833333333333,5,5.5,5.25,788,0.302784615384615,"PRUNEMP"
2017,3,9,2014.625,1,4.35833333333333,4,5,4.5,789,0.139992307692308,"PRUNEMP"
2017,3,10,2014.625,1,4.35833333333333,-1000,4,3,790,0.0276846153846154,"PRUNEMP"
2017,4,1,2014.875,1,4.35833333333333,9,1000,10,791,0.00262962962962963,"PRUNEMP"
2017,4,2,2014.875,1,4.35833333333333,8,9,8.5,792,0.00443703703703704,"PRUNEMP"
2017,4,3,2014.875,1,4.35833333333333,7.5,8,7.75,793,0.00888148148148148,"PRUNEMP"
2017,4,4,2014.875,1,4.35833333333333,7,7.5,7.25,794,0.0167111111111111,"PRUNEMP"
2017,4,5,2014.875,1,4.35833333333333,6.5,7,6.75,795,0.0451185185185185,"PRUNEMP"
2017,4,6,2014.875,1,4.35833333333333,6,6.5,6.25,796,0.124037037037037,"PRUNEMP"
2017,4,7,2014.875,1,4.35833333333333,5.5,6,5.75,797,0.271044444444444,"PRUNEMP"
2017,4,8,2014.875,1,4.35833333333333,5,5.5,5.25,798,0.33902962962963,"PRUNEMP"
2017,4,9,2014.875,1,4.35833333333333,4,5,4.5,799,0.16197037037037,"PRUNEMP"
2017,4,10,2014.875,1,4.35833333333333,-1000,4,3,800,0.0261407407407407,"PRUNEMP"
2017,1,1,2015.125,1,4.35833333333333,9,1000,10,801,0.001424,"PRUNEMP"
2017,1,2,2015.125,1,4.35833333333333,8,9,8.5,802,0.00368,"PRUNEMP"
2017,1,3,2015.125,1,4.35833333333333,7.5,8,7.75,803,0.006944,"PRUNEMP"
2017,1,4,2015.125,1,4.35833333333333,7,7.5,7.25,804,0.018792,"PRUNEMP"
2017,1,5,2015.125,1,4.35833333333333,6.5,7,6.75,805,0.043248,"PRUNEMP"
2017,1,6,2015.125,1,4.35833333333333,6,6.5,6.25,806,0.092704,"PRUNEMP"
2017,1,7,2015.125,1,4.35833333333333,5.5,6,5.75,807,0.179624,"PRUNEMP"
2017,1,8,2015.125,1,4.35833333333333,5,5.5,5.25,808,0.290728,"PRUNEMP"
2017,1,9,2015.125,1,4.35833333333333,4,5,4.5,809,0.313808,"PRUNEMP"
2017,1,10,2015.125,1,4.35833333333333,-1000,4,3,810,0.049048,"PRUNEMP"
2017,2,1,2015.375,1,4.35833333333333,9,1000,10,811,0.00170041379310345,"PRUNEMP"
2017,2,2,2015.375,1,4.35833333333333,8,9,8.5,812,0.00449372413793103,"PRUNEMP"
2017,2,3,2015.375,1,4.35833333333333,7.5,8,7.75,813,0.00823386206896552,"PRUNEMP"
2017,2,4,2015.375,1,4.35833333333333,7,7.5,7.25,814,0.0181181379310345,"PRUNEMP"
2017,2,5,2015.375,1,4.35833333333333,6.5,7,6.75,815,0.0399945862068966,"PRUNEMP"
2017,2,6,2015.375,1,4.35833333333333,6,6.5,6.25,816,0.0771955862068966,"PRUNEMP"
2017,2,7,2015.375,1,4.35833333333333,5.5,6,5.75,817,0.169535172413793,"PRUNEMP"
2017,2,8,2015.375,1,4.35833333333333,5,5.5,5.25,818,0.317687344827586,"PRUNEMP"
2017,2,9,2015.375,1,4.35833333333333,4,5,4.5,819,0.286914931034483,"PRUNEMP"
2017,2,10,2015.375,1,4.35833333333333,-1000,4,3,820,0.0761262413793103,"PRUNEMP"
2017,3,1,2015.625,1,4.35833333333333,9,1000,10,821,0.00292857142857143,"PRUNEMP"
2017,3,2,2015.625,1,4.35833333333333,8,9,8.5,822,0.00464296428571429,"PRUNEMP"
2017,3,3,2015.625,1,4.35833333333333,7.5,8,7.75,823,0.00765185714285714,"PRUNEMP"
2017,3,4,2015.625,1,4.35833333333333,7,7.5,7.25,824,0.0138225714285714,"PRUNEMP"
2017,3,5,2015.625,1,4.35833333333333,6.5,7,6.75,825,0.0325129285714286,"PRUNEMP"
2017,3,6,2015.625,1,4.35833333333333,6,6.5,6.25,826,0.06881875,"PRUNEMP"
2017,3,7,2015.625,1,4.35833333333333,5.5,6,5.75,827,0.183796285714286,"PRUNEMP"
2017,3,8,2015.625,1,4.35833333333333,5,5.5,5.25,828,0.319558285714286,"PRUNEMP"
2017,3,9,2015.625,1,4.35833333333333,4,5,4.5,829,0.314180107142857,"PRUNEMP"
2017,3,10,2015.625,1,4.35833333333333,-1000,4,3,830,0.0520876785714286,"PRUNEMP"
2017,4,1,2015.875,1,4.35833333333333,9,1000,10,831,0.00156363636363636,"PRUNEMP"
2017,4,2,2015.875,1,4.35833333333333,8,9,8.5,832,0.00177878787878788,"PRUNEMP"
2017,4,3,2015.875,1,4.35833333333333,7.5,8,7.75,833,0.00317575757575758,"PRUNEMP"
2017,4,4,2015.875,1,4.35833333333333,7,7.5,7.25,834,0.00918484848484848,"PRUNEMP"
2017,4,5,2015.875,1,4.35833333333333,6.5,7,6.75,835,0.0187333333333333,"PRUNEMP"
2017,4,6,2015.875,1,4.35833333333333,6,6.5,6.25,836,0.038130303030303,"PRUNEMP"
2017,4,7,2015.875,1,4.35833333333333,5.5,6,5.75,837,0.091169696969697,"PRUNEMP"
2017,4,8,2015.875,1,4.35833333333333,5,5.5,5.25,838,0.297772727272727,"PRUNEMP"
2017,4,9,2015.875,1,4.35833333333333,4,5,4.5,839,0.450178787878788,"PRUNEMP"
2017,4,10,2015.875,1,4.35833333333333,-1000,4,3,840,0.0883121212121212,"PRUNEMP"
2017,1,1,2016.125,1,4.35833333333333,9,1000,10,841,6e-04,"PRUNEMP"
2017,1,2,2016.125,1,4.35833333333333,8,9,8.5,842,0.00144705882352941,"PRUNEMP"
2017,1,3,2016.125,1,4.35833333333333,7.5,8,7.75,843,0.00167058823529412,"PRUNEMP"
2017,1,4,2016.125,1,4.35833333333333,7,7.5,7.25,844,0.00553529411764706,"PRUNEMP"
2017,1,5,2016.125,1,4.35833333333333,6.5,7,6.75,845,0.0117117647058824,"PRUNEMP"
2017,1,6,2016.125,1,4.35833333333333,6,6.5,6.25,846,0.0257176470588235,"PRUNEMP"
2017,1,7,2016.125,1,4.35833333333333,5.5,6,5.75,847,0.0766235294117647,"PRUNEMP"
2017,1,8,2016.125,1,4.35833333333333,5,5.5,5.25,848,0.2417,"PRUNEMP"
2017,1,9,2016.125,1,4.35833333333333,4,5,4.5,849,0.531629411764706,"PRUNEMP"
2017,1,10,2016.125,1,4.35833333333333,-1000,4,3,850,0.103364705882353,"PRUNEMP"
2017,2,1,2016.375,1,4.35833333333333,9,1000,10,851,0.00144722222222222,"PRUNEMP"
2017,2,2,2016.375,1,4.35833333333333,8,9,8.5,852,0.00133333333333333,"PRUNEMP"
2017,2,3,2016.375,1,4.35833333333333,7.5,8,7.75,853,0.00143055555555556,"PRUNEMP"
2017,2,4,2016.375,1,4.35833333333333,7,7.5,7.25,854,0.00406944444444444,"PRUNEMP"
2017,2,5,2016.375,1,4.35833333333333,6.5,7,6.75,855,0.009525,"PRUNEMP"
2017,2,6,2016.375,1,4.35833333333333,6,6.5,6.25,856,0.0215333333333333,"PRUNEMP"
2017,2,7,2016.375,1,4.35833333333333,5.5,6,5.75,857,0.0653027777777778,"PRUNEMP"
2017,2,8,2016.375,1,4.35833333333333,5,5.5,5.25,858,0.271502777777778,"PRUNEMP"
2017,2,9,2016.375,1,4.35833333333333,4,5,4.5,859,0.539163888888889,"PRUNEMP"
2017,2,10,2016.375,1,4.35833333333333,-1000,4,3,860,0.0846916666666667,"PRUNEMP"
2017,3,1,2016.625,1,4.35833333333333,9,1000,10,861,6e-04,"PRUNEMP"
2017,3,2,2016.625,1,4.35833333333333,8,9,8.5,862,0.000651428571428571,"PRUNEMP"
2017,3,3,2016.625,1,4.35833333333333,7.5,8,7.75,863,0.00125142857142857,"PRUNEMP"
2017,3,4,2016.625,1,4.35833333333333,7,7.5,7.25,864,0.00368,"PRUNEMP"
2017,3,5,2016.625,1,4.35833333333333,6.5,7,6.75,865,0.00825714285714286,"PRUNEMP"
2017,3,6,2016.625,1,4.35833333333333,6,6.5,6.25,866,0.0205428571428571,"PRUNEMP"
2017,3,7,2016.625,1,4.35833333333333,5.5,6,5.75,867,0.0570914285714286,"PRUNEMP"
2017,3,8,2016.625,1,4.35833333333333,5,5.5,5.25,868,0.231348571428571,"PRUNEMP"
2017,3,9,2016.625,1,4.35833333333333,4,5,4.5,869,0.616017142857143,"PRUNEMP"
2017,3,10,2016.625,1,4.35833333333333,-1000,4,3,870,0.06056,"PRUNEMP"
2017,4,1,2016.875,1,4.35833333333333,9,1000,10,871,0.000147058823529412,"PRUNEMP"
2017,4,2,2016.875,1,4.35833333333333,8,9,8.5,872,0.000294117647058824,"PRUNEMP"
2017,4,3,2016.875,1,4.35833333333333,7.5,8,7.75,873,0.00088235294117647,"PRUNEMP"
2017,4,4,2016.875,1,4.35833333333333,7,7.5,7.25,874,0.00135294117647059,"PRUNEMP"
2017,4,5,2016.875,1,4.35833333333333,6.5,7,6.75,875,0.00387647058823529,"PRUNEMP"
2017,4,6,2016.875,1,4.35833333333333,6,6.5,6.25,876,0.0134470588235294,"PRUNEMP"
2017,4,7,2016.875,1,4.35833333333333,5.5,6,5.75,877,0.0698352941176471,"PRUNEMP"
2017,4,8,2016.875,1,4.35833333333333,5,5.5,5.25,878,0.264764705882353,"PRUNEMP"
2017,4,9,2016.875,1,4.35833333333333,4,5,4.5,879,0.590341176470588,"PRUNEMP"
2017,4,10,2016.875,1,4.35833333333333,-1000,4,3,880,0.0550588235294118,"PRUNEMP"
2017,1,1,2017.125,1,4.35833333333333,9,1000,10,881,0.000723529411764706,"PRUNEMP"
2017,1,2,2017.125,1,4.35833333333333,8,9,8.5,882,0.00149705882352941,"PRUNEMP"
2017,1,3,2017.125,1,4.35833333333333,7.5,8,7.75,883,0.00175882352941176,"PRUNEMP"
2017,1,4,2017.125,1,4.35833333333333,7,7.5,7.25,884,0.00242941176470588,"PRUNEMP"
2017,1,5,2017.125,1,4.35833333333333,6.5,7,6.75,885,0.00447058823529412,"PRUNEMP"
2017,1,6,2017.125,1,4.35833333333333,6,6.5,6.25,886,0.0104264705882353,"PRUNEMP"
2017,1,7,2017.125,1,4.35833333333333,5.5,6,5.75,887,0.0619323529411765,"PRUNEMP"
2017,1,8,2017.125,1,4.35833333333333,5,5.5,5.25,888,0.2115,"PRUNEMP"
2017,1,9,2017.125,1,4.35833333333333,4,5,4.5,889,0.654,"PRUNEMP"
2017,1,10,2017.125,1,4.35833333333333,-1000,4,3,890,0.0512617647058824,"PRUNEMP"
2017,2,1,2017.375,1,4.35833333333333,9,1000,10,891,0.000344827586206897,"PRUNEMP"
2017,2,2,2017.375,1,4.35833333333333,8,9,8.5,892,0.000344827586206897,"PRUNEMP"
2017,2,3,2017.375,1,4.35833333333333,7.5,8,7.75,893,0.000344827586206897,"PRUNEMP"
2017,2,4,2017.375,1,4.35833333333333,7,7.5,7.25,894,0.000344827586206897,"PRUNEMP"
2017,2,5,2017.375,1,4.35833333333333,6.5,7,6.75,895,0.000689655172413793,"PRUNEMP"
2017,2,6,2017.375,1,4.35833333333333,6,6.5,6.25,896,0.00172413793103448,"PRUNEMP"
2017,2,7,2017.375,1,4.35833333333333,5.5,6,5.75,897,0.0293793103448276,"PRUNEMP"
2017,2,8,2017.375,1,4.35833333333333,5,5.5,5.25,898,0.151034482758621,"PRUNEMP"
2017,2,9,2017.375,1,4.35833333333333,4,5,4.5,899,0.753365517241379,"PRUNEMP"
2017,2,10,2017.375,1,4.35833333333333,-1000,4,3,900,0.0624275862068965,"PRUNEMP"
2017,3,1,2017.625,1,4.35833333333333,9,1000,10,901,0,"PRUNEMP"
2017,3,2,2017.625,1,4.35833333333333,8,9,8.5,902,0,"PRUNEMP"
2017,3,3,2017.625,1,4.35833333333333,7.5,8,7.75,903,0,"PRUNEMP"
2017,3,4,2017.625,1,4.35833333333333,7,7.5,7.25,904,0.000625,"PRUNEMP"
2017,3,5,2017.625,1,4.35833333333333,6.5,7,6.75,905,0.0009375,"PRUNEMP"
2017,3,6,2017.625,1,4.35833333333333,6,6.5,6.25,906,0.00125,"PRUNEMP"
2017,3,7,2017.625,1,4.35833333333333,5.5,6,5.75,907,0.0071875,"PRUNEMP"
2017,3,8,2017.625,1,4.35833333333333,5,5.5,5.25,908,0.0781375,"PRUNEMP"
2017,3,9,2017.625,1,4.35833333333333,4,5,4.5,909,0.820925,"PRUNEMP"
2017,3,10,2017.625,1,4.35833333333333,-1000,4,3,910,0.0909375,"PRUNEMP"
2017,4,1,2017.875,1,4.35833333333333,9,1000,10,911,0.00034375,"PRUNEMP"
2017,4,2,2017.875,1,4.35833333333333,8,9,8.5,912,0.00034375,"PRUNEMP"
2017,4,3,2017.875,1,4.35833333333333,7.5,8,7.75,913,0.00034375,"PRUNEMP"
2017,4,4,2017.875,1,4.35833333333333,7,7.5,7.25,914,0.00034375,"PRUNEMP"
2017,4,5,2017.875,1,4.35833333333333,6.5,7,6.75,915,0.00065625,"PRUNEMP"
2017,4,6,2017.875,1,4.35833333333333,6,6.5,6.25,916,0.00128125,"PRUNEMP"
2017,4,7,2017.875,1,4.35833333333333,5.5,6,5.75,917,0.00284375,"PRUNEMP"
2017,4,8,2017.875,1,4.35833333333333,5,5.5,5.25,918,0.02690625,"PRUNEMP"
2017,4,9,2017.875,1,4.35833333333333,4,5,4.5,919,0.8975625,"PRUNEMP"
2017,4,10,2017.875,1,4.35833333333333,-1000,4,3,920,0.069375,"PRUNEMP"
2018,1,1,2015.125,1,3.89166666666667,9,1000,10,921,0.000714285714285714,"PRUNEMP"
2018,1,2,2015.125,1,3.89166666666667,8,9,8.5,922,0.00516190476190476,"PRUNEMP"
2018,1,3,2015.125,1,3.89166666666667,7.5,8,7.75,923,0.0109047619047619,"PRUNEMP"
2018,1,4,2015.125,1,3.89166666666667,7,7.5,7.25,924,0.0180761904761905,"PRUNEMP"
2018,1,5,2015.125,1,3.89166666666667,6.5,7,6.75,925,0.0448952380952381,"PRUNEMP"
2018,1,6,2015.125,1,3.89166666666667,6,6.5,6.25,926,0.089752380952381,"PRUNEMP"
2018,1,7,2015.125,1,3.89166666666667,5.5,6,5.75,927,0.192409523809524,"PRUNEMP"
2018,1,8,2015.125,1,3.89166666666667,5,5.5,5.25,928,0.292942857142857,"PRUNEMP"
2018,1,9,2015.125,1,3.89166666666667,4,5,4.5,929,0.2974,"PRUNEMP"
2018,1,10,2015.125,1,3.89166666666667,-1000,4,3,930,0.0477428571428571,"PRUNEMP"
2018,2,1,2015.375,1,3.89166666666667,9,1000,10,931,0.002674875,"PRUNEMP"
2018,2,2,2015.375,1,3.89166666666667,8,9,8.5,932,0.00578625,"PRUNEMP"
2018,2,3,2015.375,1,3.89166666666667,7.5,8,7.75,933,0.009614875,"PRUNEMP"
2018,2,4,2015.375,1,3.89166666666667,7,7.5,7.25,934,0.020818875,"PRUNEMP"
2018,2,5,2015.375,1,3.89166666666667,6.5,7,6.75,935,0.0412730833333333,"PRUNEMP"
2018,2,6,2015.375,1,3.89166666666667,6,6.5,6.25,936,0.076474625,"PRUNEMP"
2018,2,7,2015.375,1,3.89166666666667,5.5,6,5.75,937,0.178874458333333,"PRUNEMP"
2018,2,8,2015.375,1,3.89166666666667,5,5.5,5.25,938,0.289948041666667,"PRUNEMP"
2018,2,9,2015.375,1,3.89166666666667,4,5,4.5,939,0.262414708333333,"PRUNEMP"
2018,2,10,2015.375,1,3.89166666666667,-1000,4,3,940,0.112120208333333,"PRUNEMP"
2018,3,1,2015.625,1,3.89166666666667,9,1000,10,941,0.00283846153846154,"PRUNEMP"
2018,3,2,2015.625,1,3.89166666666667,8,9,8.5,942,0.00566946153846154,"PRUNEMP"
2018,3,3,2015.625,1,3.89166666666667,7.5,8,7.75,943,0.0116493076923077,"PRUNEMP"
2018,3,4,2015.625,1,3.89166666666667,7,7.5,7.25,944,0.0179923461538462,"PRUNEMP"
2018,3,5,2015.625,1,3.89166666666667,6.5,7,6.75,945,0.0363815769230769,"PRUNEMP"
2018,3,6,2015.625,1,3.89166666666667,6,6.5,6.25,946,0.0713379615384615,"PRUNEMP"
2018,3,7,2015.625,1,3.89166666666667,5.5,6,5.75,947,0.172832807692308,"PRUNEMP"
2018,3,8,2015.625,1,3.89166666666667,5,5.5,5.25,948,0.303159076923077,"PRUNEMP"
2018,3,9,2015.625,1,3.89166666666667,4,5,4.5,949,0.311962653846154,"PRUNEMP"
2018,3,10,2015.625,1,3.89166666666667,-1000,4,3,950,0.0661763846153846,"PRUNEMP"
2018,4,1,2015.875,1,3.89166666666667,9,1000,10,951,0.00216,"PRUNEMP"
2018,4,2,2015.875,1,3.89166666666667,8,9,8.5,952,0.003292,"PRUNEMP"
2018,4,3,2015.875,1,3.89166666666667,7.5,8,7.75,953,0.005488,"PRUNEMP"
2018,4,4,2015.875,1,3.89166666666667,7,7.5,7.25,954,0.01378,"PRUNEMP"
2018,4,5,2015.875,1,3.89166666666667,6.5,7,6.75,955,0.02476,"PRUNEMP"
2018,4,6,2015.875,1,3.89166666666667,6,6.5,6.25,956,0.055252,"PRUNEMP"
2018,4,7,2015.875,1,3.89166666666667,5.5,6,5.75,957,0.119576,"PRUNEMP"
2018,4,8,2015.875,1,3.89166666666667,5,5.5,5.25,958,0.295468,"PRUNEMP"
2018,4,9,2015.875,1,3.89166666666667,4,5,4.5,959,0.400852,"PRUNEMP"
2018,4,10,2015.875,1,3.89166666666667,-1000,4,3,960,0.079372,"PRUNEMP"
2018,1,1,2016.125,1,3.89166666666667,9,1000,10,961,0.00107692307692308,"PRUNEMP"
2018,1,2,2016.125,1,3.89166666666667,8,9,8.5,962,0.00392307692307692,"PRUNEMP"
2018,1,3,2016.125,1,3.89166666666667,7.5,8,7.75,963,0.00475384615384615,"PRUNEMP"
2018,1,4,2016.125,1,3.89166666666667,7,7.5,7.25,964,0.0100307692307692,"PRUNEMP"
2018,1,5,2016.125,1,3.89166666666667,6.5,7,6.75,965,0.0171384615384615,"PRUNEMP"
2018,1,6,2016.125,1,3.89166666666667,6,6.5,6.25,966,0.0527230769230769,"PRUNEMP"
2018,1,7,2016.125,1,3.89166666666667,5.5,6,5.75,967,0.112661538461538,"PRUNEMP"
2018,1,8,2016.125,1,3.89166666666667,5,5.5,5.25,968,0.245569230769231,"PRUNEMP"
2018,1,9,2016.125,1,3.89166666666667,4,5,4.5,969,0.441907692307692,"PRUNEMP"
2018,1,10,2016.125,1,3.89166666666667,-1000,4,3,970,0.110215384615385,"PRUNEMP"
2018,2,1,2016.375,1,3.89166666666667,9,1000,10,971,0.00212592592592593,"PRUNEMP"
2018,2,2,2016.375,1,3.89166666666667,8,9,8.5,972,0.00278888888888889,"PRUNEMP"
2018,2,3,2016.375,1,3.89166666666667,7.5,8,7.75,973,0.00395185185185185,"PRUNEMP"
2018,2,4,2016.375,1,3.89166666666667,7,7.5,7.25,974,0.0101740740740741,"PRUNEMP"
2018,2,5,2016.375,1,3.89166666666667,6.5,7,6.75,975,0.0191962962962963,"PRUNEMP"
2018,2,6,2016.375,1,3.89166666666667,6,6.5,6.25,976,0.0413703703703704,"PRUNEMP"
2018,2,7,2016.375,1,3.89166666666667,5.5,6,5.75,977,0.0932185185185185,"PRUNEMP"
2018,2,8,2016.375,1,3.89166666666667,5,5.5,5.25,978,0.249444444444444,"PRUNEMP"
2018,2,9,2016.375,1,3.89166666666667,4,5,4.5,979,0.475874074074074,"PRUNEMP"
2018,2,10,2016.375,1,3.89166666666667,-1000,4,3,980,0.101855555555556,"PRUNEMP"
2018,3,1,2016.625,1,3.89166666666667,9,1000,10,981,0.00179285714285714,"PRUNEMP"
2018,3,2,2016.625,1,3.89166666666667,8,9,8.5,982,0.00342857142857143,"PRUNEMP"
2018,3,3,2016.625,1,3.89166666666667,7.5,8,7.75,983,0.00457857142857143,"PRUNEMP"
2018,3,4,2016.625,1,3.89166666666667,7,7.5,7.25,984,0.0104357142857143,"PRUNEMP"
2018,3,5,2016.625,1,3.89166666666667,6.5,7,6.75,985,0.0190071428571429,"PRUNEMP"
2018,3,6,2016.625,1,3.89166666666667,6,6.5,6.25,986,0.03355,"PRUNEMP"
2018,3,7,2016.625,1,3.89166666666667,5.5,6,5.75,987,0.0869,"PRUNEMP"
2018,3,8,2016.625,1,3.89166666666667,5,5.5,5.25,988,0.275885714285714,"PRUNEMP"
2018,3,9,2016.625,1,3.89166666666667,4,5,4.5,989,0.463164285714286,"PRUNEMP"
2018,3,10,2016.625,1,3.89166666666667,-1000,4,3,990,0.101257142857143,"PRUNEMP"
2018,4,1,2016.875,1,3.89166666666667,9,1000,10,991,0.000357142857142857,"PRUNEMP"
2018,4,2,2016.875,1,3.89166666666667,8,9,8.5,992,0.000914285714285714,"PRUNEMP"
2018,4,3,2016.875,1,3.89166666666667,7.5,8,7.75,993,0.00179285714285714,"PRUNEMP"
2018,4,4,2016.875,1,3.89166666666667,7,7.5,7.25,994,0.00563571428571429,"PRUNEMP"
2018,4,5,2016.875,1,3.89166666666667,6.5,7,6.75,995,0.0151714285714286,"PRUNEMP"
2018,4,6,2016.875,1,3.89166666666667,6,6.5,6.25,996,0.04045,"PRUNEMP"
2018,4,7,2016.875,1,3.89166666666667,5.5,6,5.75,997,0.114371428571429,"PRUNEMP"
2018,4,8,2016.875,1,3.89166666666667,5,5.5,5.25,998,0.279885714285714,"PRUNEMP"
2018,4,9,2016.875,1,3.89166666666667,4,5,4.5,999,0.4519,"PRUNEMP"
2018,4,10,2016.875,1,3.89166666666667,-1000,4,3,1000,0.0895214285714286,"PRUNEMP"
2018,1,1,2017.125,1,3.89166666666667,9,1000,10,1001,0.00085,"PRUNEMP"
2018,1,2,2017.125,1,3.89166666666667,8,9,8.5,1002,0.00177941176470588,"PRUNEMP"
2018,1,3,2017.125,1,3.89166666666667,7.5,8,7.75,1003,0.00236764705882353,"PRUNEMP"
2018,1,4,2017.125,1,3.89166666666667,7,7.5,7.25,1004,0.00579411764705882,"PRUNEMP"
2018,1,5,2017.125,1,3.89166666666667,6.5,7,6.75,1005,0.00854411764705882,"PRUNEMP"
2018,1,6,2017.125,1,3.89166666666667,6,6.5,6.25,1006,0.0241176470588235,"PRUNEMP"
2018,1,7,2017.125,1,3.89166666666667,5.5,6,5.75,1007,0.0965529411764706,"PRUNEMP"
2018,1,8,2017.125,1,3.89166666666667,5,5.5,5.25,1008,0.225567647058824,"PRUNEMP"
2018,1,9,2017.125,1,3.89166666666667,4,5,4.5,1009,0.535008823529412,"PRUNEMP"
2018,1,10,2017.125,1,3.89166666666667,-1000,4,3,1010,0.0994176470588235,"PRUNEMP"
2018,2,1,2017.375,1,3.89166666666667,9,1000,10,1011,0.000344827586206897,"PRUNEMP"
2018,2,2,2017.375,1,3.89166666666667,8,9,8.5,1012,0.000386206896551724,"PRUNEMP"
2018,2,3,2017.375,1,3.89166666666667,7.5,8,7.75,1013,0.000441379310344828,"PRUNEMP"
2018,2,4,2017.375,1,3.89166666666667,7,7.5,7.25,1014,0.000496551724137931,"PRUNEMP"
2018,2,5,2017.375,1,3.89166666666667,6.5,7,6.75,1015,0.00350344827586207,"PRUNEMP"
2018,2,6,2017.375,1,3.89166666666667,6,6.5,6.25,1016,0.0243931034482759,"PRUNEMP"
2018,2,7,2017.375,1,3.89166666666667,5.5,6,5.75,1017,0.0527103448275862,"PRUNEMP"
2018,2,8,2017.375,1,3.89166666666667,5,5.5,5.25,1018,0.192910344827586,"PRUNEMP"
2018,2,9,2017.375,1,3.89166666666667,4,5,4.5,1019,0.582648275862069,"PRUNEMP"
2018,2,10,2017.375,1,3.89166666666667,-1000,4,3,1020,0.142165517241379,"PRUNEMP"
2018,3,1,2017.625,1,3.89166666666667,9,1000,10,1021,0.0003125,"PRUNEMP"
2018,3,2,2017.625,1,3.89166666666667,8,9,8.5,1022,0.000625,"PRUNEMP"
2018,3,3,2017.625,1,3.89166666666667,7.5,8,7.75,1023,0.000625,"PRUNEMP"
2018,3,4,2017.625,1,3.89166666666667,7,7.5,7.25,1024,0.0009875,"PRUNEMP"
2018,3,5,2017.625,1,3.89166666666667,6.5,7,6.75,1025,0.004,"PRUNEMP"
2018,3,6,2017.625,1,3.89166666666667,6,6.5,6.25,1026,0.01060625,"PRUNEMP"
2018,3,7,2017.625,1,3.89166666666667,5.5,6,5.75,1027,0.03261875,"PRUNEMP"
2018,3,8,2017.625,1,3.89166666666667,5,5.5,5.25,1028,0.11266875,"PRUNEMP"
2018,3,9,2017.625,1,3.89166666666667,4,5,4.5,1029,0.61943125,"PRUNEMP"
2018,3,10,2017.625,1,3.89166666666667,-1000,4,3,1030,0.218125,"PRUNEMP"
2018,4,1,2017.875,1,3.89166666666667,9,1000,10,1031,0.00034375,"PRUNEMP"
2018,4,2,2017.875,1,3.89166666666667,8,9,8.5,1032,0.00034375,"PRUNEMP"
2018,4,3,2017.875,1,3.89166666666667,7.5,8,7.75,1033,0.00034375,"PRUNEMP"
2018,4,4,2017.875,1,3.89166666666667,7,7.5,7.25,1034,0.00034375,"PRUNEMP"
2018,4,5,2017.875,1,3.89166666666667,6.5,7,6.75,1035,0.00034375,"PRUNEMP"
2018,4,6,2017.875,1,3.89166666666667,6,6.5,6.25,1036,0.00255625,"PRUNEMP"
2018,4,7,2017.875,1,3.89166666666667,5.5,6,5.75,1037,0.01614375,"PRUNEMP"
2018,4,8,2017.875,1,3.89166666666667,5,5.5,5.25,1038,0.0745375,"PRUNEMP"
2018,4,9,2017.875,1,3.89166666666667,4,5,4.5,1039,0.57200625,"PRUNEMP"
2018,4,10,2017.875,1,3.89166666666667,-1000,4,3,1040,0.3330375,"PRUNEMP"
2018,1,1,2018.125,1,3.89166666666667,9,1000,10,1041,0.000344827586206897,"PRUNEMP"
2018,1,2,2018.125,1,3.89166666666667,8,9,8.5,1042,0.000344827586206897,"PRUNEMP"
2018,1,3,2018.125,1,3.89166666666667,7.5,8,7.75,1043,0.000344827586206897,"PRUNEMP"
2018,1,4,2018.125,1,3.89166666666667,7,7.5,7.25,1044,0.000344827586206897,"PRUNEMP"
2018,1,5,2018.125,1,3.89166666666667,6.5,7,6.75,1045,0.000344827586206897,"PRUNEMP"
2018,1,6,2018.125,1,3.89166666666667,6,6.5,6.25,1046,0.00209655172413793,"PRUNEMP"
2018,1,7,2018.125,1,3.89166666666667,5.5,6,5.75,1047,0.00521379310344828,"PRUNEMP"
2018,1,8,2018.125,1,3.89166666666667,5,5.5,5.25,1048,0.0306758620689655,"PRUNEMP"
2018,1,9,2018.125,1,3.89166666666667,4,5,4.5,1049,0.456386206896552,"PRUNEMP"
2018,1,10,2018.125,1,3.89166666666667,-1000,4,3,1050,0.503903448275862,"PRUNEMP"
2018,2,1,2018.375,1,3.89166666666667,9,1000,10,1051,0,"PRUNEMP"
2018,2,2,2018.375,1,3.89166666666667,8,9,8.5,1052,0,"PRUNEMP"
2018,2,3,2018.375,1,3.89166666666667,7.5,8,7.75,1053,0,"PRUNEMP"
2018,2,4,2018.375,1,3.89166666666667,7,7.5,7.25,1054,0,"PRUNEMP"
2018,2,5,2018.375,1,3.89166666666667,6.5,7,6.75,1055,0,"PRUNEMP"
2018,2,6,2018.375,1,3.89166666666667,6,6.5,6.25,1056,0.00107142857142857,"PRUNEMP"
2018,2,7,2018.375,1,3.89166666666667,5.5,6,5.75,1057,0.00178571428571429,"PRUNEMP"
2018,2,8,2018.375,1,3.89166666666667,5,5.5,5.25,1058,0.0218142857142857,"PRUNEMP"
2018,2,9,2018.375,1,3.89166666666667,4,5,4.5,1059,0.399314285714286,"PRUNEMP"
2018,2,10,2018.375,1,3.89166666666667,-1000,4,3,1060,0.576014285714286,"PRUNEMP"
2018,3,1,2018.625,1,3.89166666666667,9,1000,10,1061,0,"PRUNEMP"
2018,3,2,2018.625,1,3.89166666666667,8,9,8.5,1062,0,"PRUNEMP"
2018,3,3,2018.625,1,3.89166666666667,7.5,8,7.75,1063,0,"PRUNEMP"
2018,3,4,2018.625,1,3.89166666666667,7,7.5,7.25,1064,0,"PRUNEMP"
2018,3,5,2018.625,1,3.89166666666667,6.5,7,6.75,1065,0,"PRUNEMP"
2018,3,6,2018.625,1,3.89166666666667,6,6.5,6.25,1066,0.000344827586206897,"PRUNEMP"
2018,3,7,2018.625,1,3.89166666666667,5.5,6,5.75,1067,0.00137931034482759,"PRUNEMP"
2018,3,8,2018.625,1,3.89166666666667,5,5.5,5.25,1068,0.0189655172413793,"PRUNEMP"
2018,3,9,2018.625,1,3.89166666666667,4,5,4.5,1069,0.365758620689655,"PRUNEMP"
2018,3,10,2018.625,1,3.89166666666667,-1000,4,3,1070,0.613551724137931,"PRUNEMP"
2018,4,1,2018.875,1,3.89166666666667,9,1000,10,1071,0,"PRUNEMP"
2018,4,2,2018.875,1,3.89166666666667,8,9,8.5,1072,0,"PRUNEMP"
2018,4,3,2018.875,1,3.89166666666667,7.5,8,7.75,1073,0,"PRUNEMP"
2018,4,4,2018.875,1,3.89166666666667,7,7.5,7.25,1074,0,"PRUNEMP"
2018,4,5,2018.875,1,3.89166666666667,6.5,7,6.75,1075,0,"PRUNEMP"
2018,4,6,2018.875,1,3.89166666666667,6,6.5,6.25,1076,0.000344827586206897,"PRUNEMP"
2018,4,7,2018.875,1,3.89166666666667,5.5,6,5.75,1077,0.000689655172413793,"PRUNEMP"
2018,4,8,2018.875,1,3.89166666666667,5,5.5,5.25,1078,0.0127586206896552,"PRUNEMP"
2018,4,9,2018.875,1,3.89166666666667,4,5,4.5,1079,0.155103448275862,"PRUNEMP"
2018,4,10,2018.875,1,3.89166666666667,-1000,4,3,1080,0.831103448275862,"PRUNEMP"
2019,1,1,2016.125,1,3.675,9,1000,10,1081,0.0016695652173913,"PRUNEMP"
2019,1,2,2016.125,1,3.675,8,9,8.5,1082,0.00518260869565217,"PRUNEMP"
2019,1,3,2016.125,1,3.675,7.5,8,7.75,1083,0.00629565217391304,"PRUNEMP"
2019,1,4,2016.125,1,3.675,7,7.5,7.25,1084,0.0160521739130435,"PRUNEMP"
2019,1,5,2016.125,1,3.675,6.5,7,6.75,1085,0.0280173913043478,"PRUNEMP"
2019,1,6,2016.125,1,3.675,6,6.5,6.25,1086,0.0643826086956522,"PRUNEMP"
2019,1,7,2016.125,1,3.675,5.5,6,5.75,1087,0.133686956521739,"PRUNEMP"
2019,1,8,2016.125,1,3.675,5,5.5,5.25,1088,0.248834782608696,"PRUNEMP"
2019,1,9,2016.125,1,3.675,4,5,4.5,1089,0.382226086956522,"PRUNEMP"
2019,1,10,2016.125,1,3.675,-1000,4,3,1090,0.113652173913043,"PRUNEMP"
2019,2,1,2016.375,1,3.675,9,1000,10,1091,0.00253846153846154,"PRUNEMP"
2019,2,2,2016.375,1,3.675,8,9,8.5,1092,0.00380769230769231,"PRUNEMP"
2019,2,3,2016.375,1,3.675,7.5,8,7.75,1093,0.00493461538461538,"PRUNEMP"
2019,2,4,2016.375,1,3.675,7,7.5,7.25,1094,0.0142846153846154,"PRUNEMP"
2019,2,5,2016.375,1,3.675,6.5,7,6.75,1095,0.0272307692307692,"PRUNEMP"
2019,2,6,2016.375,1,3.675,6,6.5,6.25,1096,0.0467076923076923,"PRUNEMP"
2019,2,7,2016.375,1,3.675,5.5,6,5.75,1097,0.104415384615385,"PRUNEMP"
2019,2,8,2016.375,1,3.675,5,5.5,5.25,1098,0.263584615384615,"PRUNEMP"
2019,2,9,2016.375,1,3.675,4,5,4.5,1099,0.421092307692308,"PRUNEMP"
2019,2,10,2016.375,1,3.675,-1000,4,3,1100,0.111403846153846,"PRUNEMP"
2019,3,1,2016.625,1,3.675,9,1000,10,1101,0.00243846153846154,"PRUNEMP"
2019,3,2,2016.625,1,3.675,8,9,8.5,1102,0.00531538461538461,"PRUNEMP"
2019,3,3,2016.625,1,3.675,7.5,8,7.75,1103,0.00624615384615385,"PRUNEMP"
2019,3,4,2016.625,1,3.675,7,7.5,7.25,1104,0.0119230769230769,"PRUNEMP"
2019,3,5,2016.625,1,3.675,6.5,7,6.75,1105,0.0234538461538462,"PRUNEMP"
2019,3,6,2016.625,1,3.675,6,6.5,6.25,1106,0.0418230769230769,"PRUNEMP"
2019,3,7,2016.625,1,3.675,5.5,6,5.75,1107,0.111192307692308,"PRUNEMP"
2019,3,8,2016.625,1,3.675,5,5.5,5.25,1108,0.302892307692308,"PRUNEMP"
2019,3,9,2016.625,1,3.675,4,5,4.5,1109,0.387538461538462,"PRUNEMP"
2019,3,10,2016.625,1,3.675,-1000,4,3,1110,0.107176923076923,"PRUNEMP"
2019,4,1,2016.875,1,3.675,9,1000,10,1111,0.00093076923076923,"PRUNEMP"
2019,4,2,2016.875,1,3.675,8,9,8.5,1112,0.00166923076923077,"PRUNEMP"
2019,4,3,2016.875,1,3.675,7.5,8,7.75,1113,0.003,"PRUNEMP"
2019,4,4,2016.875,1,3.675,7,7.5,7.25,1114,0.00743846153846154,"PRUNEMP"
2019,4,5,2016.875,1,3.675,6.5,7,6.75,1115,0.0215076923076923,"PRUNEMP"
2019,4,6,2016.875,1,3.675,6,6.5,6.25,1116,0.0562230769230769,"PRUNEMP"
2019,4,7,2016.875,1,3.675,5.5,6,5.75,1117,0.134076923076923,"PRUNEMP"
2019,4,8,2016.875,1,3.675,5,5.5,5.25,1118,0.266538461538462,"PRUNEMP"
2019,4,9,2016.875,1,3.675,4,5,4.5,1119,0.395092307692308,"PRUNEMP"
2019,4,10,2016.875,1,3.675,-1000,4,3,1120,0.113523076923077,"PRUNEMP"
2019,1,1,2017.125,1,3.675,9,1000,10,1121,0.000958333333333333,"PRUNEMP"
2019,1,2,2017.125,1,3.675,8,9,8.5,1122,0.0031625,"PRUNEMP"
2019,1,3,2017.125,1,3.675,7.5,8,7.75,1123,0.0045625,"PRUNEMP"
2019,1,4,2017.125,1,3.675,7,7.5,7.25,1124,0.00857083333333333,"PRUNEMP"
2019,1,5,2017.125,1,3.675,6.5,7,6.75,1125,0.0187041666666667,"PRUNEMP"
2019,1,6,2017.125,1,3.675,6,6.5,6.25,1126,0.0414541666666667,"PRUNEMP"
2019,1,7,2017.125,1,3.675,5.5,6,5.75,1127,0.1135125,"PRUNEMP"
2019,1,8,2017.125,1,3.675,5,5.5,5.25,1128,0.2611125,"PRUNEMP"
2019,1,9,2017.125,1,3.675,4,5,4.5,1129,0.432216666666667,"PRUNEMP"
2019,1,10,2017.125,1,3.675,-1000,4,3,1130,0.115745833333333,"PRUNEMP"
2019,2,1,2017.375,1,3.675,9,1000,10,1131,8.69565217391304e-05,"PRUNEMP"
2019,2,2,2017.375,1,3.675,8,9,8.5,1132,0.000434782608695652,"PRUNEMP"
2019,2,3,2017.375,1,3.675,7.5,8,7.75,1133,0.000747826086956522,"PRUNEMP"
2019,2,4,2017.375,1,3.675,7,7.5,7.25,1134,0.00452173913043478,"PRUNEMP"
2019,2,5,2017.375,1,3.675,6.5,7,6.75,1135,0.0133478260869565,"PRUNEMP"
2019,2,6,2017.375,1,3.675,6,6.5,6.25,1136,0.0418782608695652,"PRUNEMP"
2019,2,7,2017.375,1,3.675,5.5,6,5.75,1137,0.0854173913043478,"PRUNEMP"
2019,2,8,2017.375,1,3.675,5,5.5,5.25,1138,0.253913043478261,"PRUNEMP"
2019,2,9,2017.375,1,3.675,4,5,4.5,1139,0.43095652173913,"PRUNEMP"
2019,2,10,2017.375,1,3.675,-1000,4,3,1140,0.168695652173913,"PRUNEMP"
2019,3,1,2017.625,1,3.675,9,1000,10,1141,0.000448,"PRUNEMP"
2019,3,2,2017.625,1,3.675,8,9,8.5,1142,0.001232,"PRUNEMP"
2019,3,3,2017.625,1,3.675,7.5,8,7.75,1143,0.001568,"PRUNEMP"
2019,3,4,2017.625,1,3.675,7,7.5,7.25,1144,0.005584,"PRUNEMP"
2019,3,5,2017.625,1,3.675,6.5,7,6.75,1145,0.009736,"PRUNEMP"
2019,3,6,2017.625,1,3.675,6,6.5,6.25,1146,0.023016,"PRUNEMP"
2019,3,7,2017.625,1,3.675,5.5,6,5.75,1147,0.064488,"PRUNEMP"
2019,3,8,2017.625,1,3.675,5,5.5,5.25,1148,0.159856,"PRUNEMP"
2019,3,9,2017.625,1,3.675,4,5,4.5,1149,0.50668,"PRUNEMP"
2019,3,10,2017.625,1,3.675,-1000,4,3,1150,0.227392,"PRUNEMP"
2019,4,1,2017.875,1,3.675,9,1000,10,1151,3.7037037037037e-05,"PRUNEMP"
2019,4,2,2017.875,1,3.675,8,9,8.5,1152,3.7037037037037e-05,"PRUNEMP"
2019,4,3,2017.875,1,3.675,7.5,8,7.75,1153,0.000125925925925926,"PRUNEMP"
2019,4,4,2017.875,1,3.675,7,7.5,7.25,1154,0.000933333333333334,"PRUNEMP"
2019,4,5,2017.875,1,3.675,6.5,7,6.75,1155,0.00748148148148148,"PRUNEMP"
2019,4,6,2017.875,1,3.675,6,6.5,6.25,1156,0.0184666666666667,"PRUNEMP"
2019,4,7,2017.875,1,3.675,5.5,6,5.75,1157,0.0553407407407407,"PRUNEMP"
2019,4,8,2017.875,1,3.675,5,5.5,5.25,1158,0.135607407407407,"PRUNEMP"
2019,4,9,2017.875,1,3.675,4,5,4.5,1159,0.451666666666667,"PRUNEMP"
2019,4,10,2017.875,1,3.675,-1000,4,3,1160,0.330303703703704,"PRUNEMP"
2019,1,1,2018.125,1,3.675,9,1000,10,1161,0.000344827586206897,"PRUNEMP"
2019,1,2,2018.125,1,3.675,8,9,8.5,1162,0.000386206896551724,"PRUNEMP"
2019,1,3,2018.125,1,3.675,7.5,8,7.75,1163,0.000386206896551724,"PRUNEMP"
2019,1,4,2018.125,1,3.675,7,7.5,7.25,1164,0.000593103448275862,"PRUNEMP"
2019,1,5,2018.125,1,3.675,6.5,7,6.75,1165,0.00144827586206897,"PRUNEMP"
2019,1,6,2018.125,1,3.675,6,6.5,6.25,1166,0.00826896551724138,"PRUNEMP"
2019,1,7,2018.125,1,3.675,5.5,6,5.75,1167,0.0280758620689655,"PRUNEMP"
2019,1,8,2018.125,1,3.675,5,5.5,5.25,1168,0.0872965517241379,"PRUNEMP"
2019,1,9,2018.125,1,3.675,4,5,4.5,1169,0.357875862068966,"PRUNEMP"
2019,1,10,2018.125,1,3.675,-1000,4,3,1170,0.515324137931034,"PRUNEMP"
2019,2,1,2018.375,1,3.675,9,1000,10,1171,0,"PRUNEMP"
2019,2,2,2018.375,1,3.675,8,9,8.5,1172,0,"PRUNEMP"
2019,2,3,2018.375,1,3.675,7.5,8,7.75,1173,4.28571428571428e-05,"PRUNEMP"
2019,2,4,2018.375,1,3.675,7,7.5,7.25,1174,0.000742857142857143,"PRUNEMP"
2019,2,5,2018.375,1,3.675,6.5,7,6.75,1175,0.00121428571428571,"PRUNEMP"
2019,2,6,2018.375,1,3.675,6,6.5,6.25,1176,0.00366428571428571,"PRUNEMP"
2019,2,7,2018.375,1,3.675,5.5,6,5.75,1177,0.0235071428571429,"PRUNEMP"
2019,2,8,2018.375,1,3.675,5,5.5,5.25,1178,0.0739357142857143,"PRUNEMP"
2019,2,9,2018.375,1,3.675,4,5,4.5,1179,0.33885,"PRUNEMP"
2019,2,10,2018.375,1,3.675,-1000,4,3,1180,0.558042857142857,"PRUNEMP"
2019,3,1,2018.625,1,3.675,9,1000,10,1181,0,"PRUNEMP"
2019,3,2,2018.625,1,3.675,8,9,8.5,1182,0,"PRUNEMP"
2019,3,3,2018.625,1,3.675,7.5,8,7.75,1183,1.37931034482759e-05,"PRUNEMP"
2019,3,4,2018.625,1,3.675,7,7.5,7.25,1184,0,"PRUNEMP"
2019,3,5,2018.625,1,3.675,6.5,7,6.75,1185,8.27586206896552e-05,"PRUNEMP"
2019,3,6,2018.625,1,3.675,6,6.5,6.25,1186,0.00392413793103448,"PRUNEMP"
2019,3,7,2018.625,1,3.675,5.5,6,5.75,1187,0.0134413793103448,"PRUNEMP"
2019,3,8,2018.625,1,3.675,5,5.5,5.25,1188,0.0599172413793103,"PRUNEMP"
2019,3,9,2018.625,1,3.675,4,5,4.5,1189,0.330455172413793,"PRUNEMP"
2019,3,10,2018.625,1,3.675,-1000,4,3,1190,0.592165517241379,"PRUNEMP"
2019,4,1,2018.875,1,3.675,9,1000,10,1191,0,"PRUNEMP"
2019,4,2,2018.875,1,3.675,8,9,8.5,1192,0,"PRUNEMP"
2019,4,3,2018.875,1,3.675,7.5,8,7.75,1193,0,"PRUNEMP"
2019,4,4,2018.875,1,3.675,7,7.5,7.25,1194,0,"PRUNEMP"
2019,4,5,2018.875,1,3.675,6.5,7,6.75,1195,0,"PRUNEMP"
2019,4,6,2018.875,1,3.675,6,6.5,6.25,1196,0.00103448275862069,"PRUNEMP"
2019,4,7,2018.875,1,3.675,5.5,6,5.75,1197,0.00713793103448276,"PRUNEMP"
2019,4,8,2018.875,1,3.675,5,5.5,5.25,1198,0.0456275862068966,"PRUNEMP"
2019,4,9,2018.875,1,3.675,4,5,4.5,1199,0.273027586206897,"PRUNEMP"
2019,4,10,2018.875,1,3.675,-1000,4,3,1200,0.673172413793103,"PRUNEMP"
2019,1,1,2019.125,1,3.675,9,1000,10,1201,0,"PRUNEMP"
2019,1,2,2019.125,1,3.675,8,9,8.5,1202,0,"PRUNEMP"
2019,1,3,2019.125,1,3.675,7.5,8,7.75,1203,0,"PRUNEMP"
2019,1,4,2019.125,1,3.675,7,7.5,7.25,1204,0,"PRUNEMP"
2019,1,5,2019.125,1,3.675,6.5,7,6.75,1205,0,"PRUNEMP"
2019,1,6,2019.125,1,3.675,6,6.5,6.25,1206,0.000364516129032258,"PRUNEMP"
2019,1,7,2019.125,1,3.675,5.5,6,5.75,1207,0.00688387096774194,"PRUNEMP"
2019,1,8,2019.125,1,3.675,5,5.5,5.25,1208,0.0398548387096774,"PRUNEMP"
2019,1,9,2019.125,1,3.675,4,5,4.5,1209,0.2873,"PRUNEMP"
2019,1,10,2019.125,1,3.675,-1000,4,3,1210,0.665596774193548,"PRUNEMP"
2019,2,1,2019.375,1,3.675,9,1000,10,1211,0,"PRUNEMP"
2019,2,2,2019.375,1,3.675,8,9,8.5,1212,0,"PRUNEMP"
2019,2,3,2019.375,1,3.675,7.5,8,7.75,1213,0,"PRUNEMP"
2019,2,4,2019.375,1,3.675,7,7.5,7.25,1214,0,"PRUNEMP"
2019,2,5,2019.375,1,3.675,6.5,7,6.75,1215,3.125e-06,"PRUNEMP"
2019,2,6,2019.375,1,3.675,6,6.5,6.25,1216,0.000940625,"PRUNEMP"
2019,2,7,2019.375,1,3.675,5.5,6,5.75,1217,0.005084375,"PRUNEMP"
2019,2,8,2019.375,1,3.675,5,5.5,5.25,1218,0.02369240625,"PRUNEMP"
2019,2,9,2019.375,1,3.675,4,5,4.5,1219,0.2180421875,"PRUNEMP"
2019,2,10,2019.375,1,3.675,-1000,4,3,1220,0.75223728125,"PRUNEMP"
2019,3,1,2019.625,1,3.675,9,1000,10,1221,0,"PRUNEMP"
2019,3,2,2019.625,1,3.675,8,9,8.5,1222,0,"PRUNEMP"
2019,3,3,2019.625,1,3.675,7.5,8,7.75,1223,0,"PRUNEMP"
2019,3,4,2019.625,1,3.675,7,7.5,7.25,1224,0,"PRUNEMP"
2019,3,5,2019.625,1,3.675,6.5,7,6.75,1225,0,"PRUNEMP"
2019,3,6,2019.625,1,3.675,6,6.5,6.25,1226,0.001,"PRUNEMP"
2019,3,7,2019.625,1,3.675,5.5,6,5.75,1227,0.00166666666666667,"PRUNEMP"
2019,3,8,2019.625,1,3.675,5,5.5,5.25,1228,0.0113433333333333,"PRUNEMP"
2019,3,9,2019.625,1,3.675,4,5,4.5,1229,0.15887,"PRUNEMP"
2019,3,10,2019.625,1,3.675,-1000,4,3,1230,0.82712,"PRUNEMP"
2019,4,1,2019.875,1,3.675,9,1000,10,1231,0,"PRUNEMP"
2019,4,2,2019.875,1,3.675,8,9,8.5,1232,0,"PRUNEMP"
2019,4,3,2019.875,1,3.675,7.5,8,7.75,1233,0,"PRUNEMP"
2019,4,4,2019.875,1,3.675,7,7.5,7.25,1234,0,"PRUNEMP"
2019,4,5,2019.875,1,3.675,6.5,7,6.75,1235,0,"PRUNEMP"
2019,4,6,2019.875,1,3.675,6,6.5,6.25,1236,0.000967741935483871,"PRUNEMP"
2019,4,7,2019.875,1,3.675,5.5,6,5.75,1237,0.00161290322580645,"PRUNEMP"
2019,4,8,2019.875,1,3.675,5,5.5,5.25,1238,0.0067741935483871,"PRUNEMP"
2019,4,9,2019.875,1,3.675,4,5,4.5,1239,0.105132258064516,"PRUNEMP"
2019,4,10,2019.875,1,3.675,-1000,4,3,1240,0.885512903225806,"PRUNEMP"
2020,2,1,2020.375,1,8.09166666666667,15,1000,16,1241,0.135228571428571,"PRUNEMP"
2020,2,2,2020.375,1,8.09166666666667,12,15,13.5,1242,0.255628571428571,"PRUNEMP"
2020,2,3,2020.375,1,8.09166666666667,10,12,11,1243,0.260028571428571,"PRUNEMP"
2020,2,4,2020.375,1,8.09166666666667,8,10,9,1244,0.220828571428571,"PRUNEMP"
2020,2,5,2020.375,1,8.09166666666667,7,8,7.5,1245,0.084,"PRUNEMP"
2020,2,6,2020.375,1,8.09166666666667,6,7,6.5,1246,0.0402857142857143,"PRUNEMP"
2020,2,7,2020.375,1,8.09166666666667,5,6,5.5,1247,0.00371428571428571,"PRUNEMP"
2020,2,8,2020.375,1,8.09166666666667,4,5,4.5,1248,0.000285714285714286,"PRUNEMP"
2020,2,9,2020.375,1,8.09166666666667,3,4,3.5,1249,0,"PRUNEMP"
2020,2,10,2020.375,1,8.09166666666667,-1000,3,2,1250,0,"PRUNEMP"
2020,3,1,2020.625,1,8.09166666666667,15,1000,16,1251,0.0409222222222222,"PRUNEMP"
2020,3,2,2020.625,1,8.09166666666667,12,15,13.5,1252,0.0553740740740741,"PRUNEMP"
2020,3,3,2020.625,1,8.09166666666667,10,12,11,1253,0.199007407407407,"PRUNEMP"
2020,3,4,2020.625,1,8.09166666666667,8,10,9,1254,0.520211111111111,"PRUNEMP"
2020,3,5,2020.625,1,8.09166666666667,7,8,7.5,1255,0.1367,"PRUNEMP"
2020,3,6,2020.625,1,8.09166666666667,6,7,6.5,1256,0.0363037037037037,"PRUNEMP"
2020,3,7,2020.625,1,8.09166666666667,5,6,5.5,1257,0.00851851851851852,"PRUNEMP"
2020,3,8,2020.625,1,8.09166666666667,4,5,4.5,1258,0.00259259259259259,"PRUNEMP"
2020,3,9,2020.625,1,8.09166666666667,3,4,3.5,1259,0.00037037037037037,"PRUNEMP"
2020,3,10,2020.625,1,8.09166666666667,-1000,3,2,1260,0,"PRUNEMP"
2020,4,1,2020.875,1,8.09166666666667,15,1000,16,1261,0.000357142857142857,"PRUNEMP"
2020,4,2,2020.875,1,8.09166666666667,12,15,13.5,1262,0.00607142857142857,"PRUNEMP"
2020,4,3,2020.875,1,8.09166666666667,10,12,11,1263,0.0621428571428571,"PRUNEMP"
2020,4,4,2020.875,1,8.09166666666667,8,10,9,1264,0.6,"PRUNEMP"
2020,4,5,2020.875,1,8.09166666666667,7,8,7.5,1265,0.245542857142857,"PRUNEMP"
2020,4,6,2020.875,1,8.09166666666667,6,7,6.5,1266,0.0623107142857143,"PRUNEMP"
2020,4,7,2020.875,1,8.09166666666667,5,6,5.5,1267,0.0178285714285714,"PRUNEMP"
2020,4,8,2020.875,1,8.09166666666667,4,5,4.5,1268,0.00431785714285714,"PRUNEMP"
2020,4,9,2020.875,1,8.09166666666667,3,4,3.5,1269,0.00142857142857143,"PRUNEMP"
2020,4,10,2020.875,1,8.09166666666667,-1000,3,2,1270,0,"PRUNEMP"
2021,2,1,2020.375,1,5.35833333333333,15,1000,16,1271,0.0408529411764706,"PRUNEMP"
2021,2,2,2020.375,1,5.35833333333333,12,15,13.5,1272,0.106205882352941,"PRUNEMP"
2021,2,3,2020.375,1,5.35833333333333,10,12,11,1273,0.139382352941176,"PRUNEMP"
2021,2,4,2020.375,1,5.35833333333333,8,10,9,1274,0.183705882352941,"PRUNEMP"
2021,2,5,2020.375,1,5.35833333333333,7,8,7.5,1275,0.212764705882353,"PRUNEMP"
2021,2,6,2020.375,1,5.35833333333333,6,7,6.5,1276,0.165029411764706,"PRUNEMP"
2021,2,7,2020.375,1,5.35833333333333,5,6,5.5,1277,0.106,"PRUNEMP"
2021,2,8,2020.375,1,5.35833333333333,4,5,4.5,1278,0.0404705882352941,"PRUNEMP"
2021,2,9,2020.375,1,5.35833333333333,3,4,3.5,1279,0.00529411764705882,"PRUNEMP"
2021,2,10,2020.375,1,5.35833333333333,-1000,3,2,1280,0.000294117647058824,"PRUNEMP"
2021,3,1,2020.625,1,5.35833333333333,15,1000,16,1281,0.0120740740740741,"PRUNEMP"
2021,3,2,2020.625,1,5.35833333333333,12,15,13.5,1282,0.0278148148148148,"PRUNEMP"
2021,3,3,2020.625,1,5.35833333333333,10,12,11,1283,0.110518518518519,"PRUNEMP"
2021,3,4,2020.625,1,5.35833333333333,8,10,9,1284,0.297148148148148,"PRUNEMP"
2021,3,5,2020.625,1,5.35833333333333,7,8,7.5,1285,0.271555555555556,"PRUNEMP"
2021,3,6,2020.625,1,5.35833333333333,6,7,6.5,1286,0.172666666666667,"PRUNEMP"
2021,3,7,2020.625,1,5.35833333333333,5,6,5.5,1287,0.0888888888888889,"PRUNEMP"
2021,3,8,2020.625,1,5.35833333333333,4,5,4.5,1288,0.0145925925925926,"PRUNEMP"
2021,3,9,2020.625,1,5.35833333333333,3,4,3.5,1289,0.00285185185185185,"PRUNEMP"
2021,3,10,2020.625,1,5.35833333333333,-1000,3,2,1290,0.00188888888888889,"PRUNEMP"
2021,4,1,2020.875,1,5.35833333333333,15,1000,16,1291,0,"PRUNEMP"
2021,4,2,2020.875,1,5.35833333333333,12,15,13.5,1292,0.00214285714285714,"PRUNEMP"
2021,4,3,2020.875,1,5.35833333333333,10,12,11,1293,0.00681428571428571,"PRUNEMP"
2021,4,4,2020.875,1,5.35833333333333,8,10,9,1294,0.0672392857142857,"PRUNEMP"
2021,4,5,2020.875,1,5.35833333333333,7,8,7.5,1295,0.220978571428571,"PRUNEMP"
2021,4,6,2020.875,1,5.35833333333333,6,7,6.5,1296,0.351864285714286,"PRUNEMP"
2021,4,7,2020.875,1,5.35833333333333,5,6,5.5,1297,0.258882142857143,"PRUNEMP"
2021,4,8,2020.875,1,5.35833333333333,4,5,4.5,1298,0.0823785714285714,"PRUNEMP"
2021,4,9,2020.875,1,5.35833333333333,3,4,3.5,1299,0.00781785714285714,"PRUNEMP"
2021,4,10,2020.875,1,5.35833333333333,-1000,3,2,1300,0.00188214285714286,"PRUNEMP"
2021,1,1,2021.125,1,5.35833333333333,15,1000,16,1301,0.00062503125,"PRUNEMP"
2021,1,2,2021.125,1,5.35833333333333,12,15,13.5,1302,0.00125,"PRUNEMP"
2021,1,3,2021.125,1,5.35833333333333,10,12,11,1303,0.0025,"PRUNEMP"
2021,1,4,2021.125,1,5.35833333333333,8,10,9,1304,0.01781259375,"PRUNEMP"
2021,1,5,2021.125,1,5.35833333333333,7,8,7.5,1305,0.08849453125,"PRUNEMP"
2021,1,6,2021.125,1,5.35833333333333,6,7,6.5,1306,0.3280366875,"PRUNEMP"
2021,1,7,2021.125,1,5.35833333333333,5,6,5.5,1307,0.3909178125,"PRUNEMP"
2021,1,8,2021.125,1,5.35833333333333,4,5,4.5,1308,0.14755084375,"PRUNEMP"
2021,1,9,2021.125,1,5.35833333333333,3,4,3.5,1309,0.0215625,"PRUNEMP"
2021,1,10,2021.125,1,5.35833333333333,-1000,3,2,1310,0.00125,"PRUNEMP"
2021,2,1,2021.375,1,5.35833333333333,15,1000,16,1311,0.000333333333333333,"PRUNEMP"
2021,2,2,2021.375,1,5.35833333333333,12,15,13.5,1312,0.000999999999999999,"PRUNEMP"
2021,2,3,2021.375,1,5.35833333333333,10,12,11,1313,0.00202333333333333,"PRUNEMP"
2021,2,4,2021.375,1,5.35833333333333,8,10,9,1314,0.01048,"PRUNEMP"
2021,2,5,2021.375,1,5.35833333333333,7,8,7.5,1315,0.0463333333333333,"PRUNEMP"
2021,2,6,2021.375,1,5.35833333333333,6,7,6.5,1316,0.199123333333333,"PRUNEMP"
2021,2,7,2021.375,1,5.35833333333333,5,6,5.5,1317,0.523453333333333,"PRUNEMP"
2021,2,8,2021.375,1,5.35833333333333,4,5,4.5,1318,0.200216666666667,"PRUNEMP"
2021,2,9,2021.375,1,5.35833333333333,3,4,3.5,1319,0.0140333333333333,"PRUNEMP"
2021,2,10,2021.375,1,5.35833333333333,-1000,3,2,1320,0.00300333333333333,"PRUNEMP"
2021,3,1,2021.625,1,5.35833333333333,15,1000,16,1321,0,"PRUNEMP"
2021,3,2,2021.625,1,5.35833333333333,12,15,13.5,1322,0,"PRUNEMP"
2021,3,3,2021.625,1,5.35833333333333,10,12,11,1323,0.000333333333333333,"PRUNEMP"
2021,3,4,2021.625,1,5.35833333333333,8,10,9,1324,0.0192466666666667,"PRUNEMP"
2021,3,5,2021.625,1,5.35833333333333,7,8,7.5,1325,0.0308566666666667,"PRUNEMP"
2021,3,6,2021.625,1,5.35833333333333,6,7,6.5,1326,0.12398,"PRUNEMP"
2021,3,7,2021.625,1,5.35833333333333,5,6,5.5,1327,0.663873333333333,"PRUNEMP"
2021,3,8,2021.625,1,5.35833333333333,4,5,4.5,1328,0.149823333333333,"PRUNEMP"
2021,3,9,2021.625,1,5.35833333333333,3,4,3.5,1329,0.00920666666666667,"PRUNEMP"
2021,3,10,2021.625,1,5.35833333333333,-1000,3,2,1330,0.00268,"PRUNEMP"
2021,4,1,2021.875,1,5.35833333333333,15,1000,16,1331,0,"PRUNEMP"
2021,4,2,2021.875,1,5.35833333333333,12,15,13.5,1332,0,"PRUNEMP"
2021,4,3,2021.875,1,5.35833333333333,10,12,11,1333,0,"PRUNEMP"
2021,4,4,2021.875,1,5.35833333333333,8,10,9,1334,0.00103448275862069,"PRUNEMP"
2021,4,5,2021.875,1,5.35833333333333,7,8,7.5,1335,0.00482758620689655,"PRUNEMP"
2021,4,6,2021.875,1,5.35833333333333,6,7,6.5,1336,0.058448275862069,"PRUNEMP"
2021,4,7,2021.875,1,5.35833333333333,5,6,5.5,1337,0.698965517241379,"PRUNEMP"
2021,4,8,2021.875,1,5.35833333333333,4,5,4.5,1338,0.205689655172414,"PRUNEMP"
2021,4,9,2021.875,1,5.35833333333333,3,4,3.5,1339,0.0248275862068966,"PRUNEMP"
2021,4,10,2021.875,1,5.35833333333333,-1000,3,2,1340,0.00620689655172414,"PRUNEMP"
