"event","time","p","resolution","quarter","bin","realization","grpd_time_event"
2007,2007.125,0.00135135135135135,1,1,1,2.3,1
2007,2007.125,0.0054054054054054,1,1,2,2.3,1
2007,2007.125,0.022972972972973,1,1,3,2.3,1
2007,2007.125,0.123513513513514,1,1,4,2.3,1
2007,2007.125,0.38,1,1,5,2.3,1
2007,2007.125,0.34972972972973,1,1,6,2.3,1
2007,2007.125,0.0889189189189189,1,1,7,2.3,1
2007,2007.125,0.0208108108108108,1,1,8,2.3,1
2007,2007.125,0.00672972972972973,1,1,9,2.3,1
2007,2007.125,0.000567567567567568,1,1,10,2.3,1
2007,2007.375,0.00175,1,2,1,2.3,3
2007,2007.375,0.00975,1,2,2,2.3,3
2007,2007.375,0.0405,1,2,3,2.3,3
2007,2007.375,0.172625,1,2,4,2.3,3
2007,2007.375,0.426,1,2,5,2.3,3
2007,2007.375,0.279625,1,2,6,2.3,3
2007,2007.375,0.056,1,2,7,2.3,3
2007,2007.375,0.01075,1,2,8,2.3,3
2007,2007.375,0.00275,1,2,9,2.3,3
2007,2007.375,0.00025,1,2,10,2.3,3
2007,2007.625,0.00128571428571429,1,3,1,2.3,5
2007,2007.625,0.00828571428571429,1,3,2,2.3,5
2007,2007.625,0.024,1,3,3,2.3,5
2007,2007.625,0.0947142857142857,1,3,4,2.3,5
2007,2007.625,0.422285714285714,1,3,5,2.3,5
2007,2007.625,0.371714285714286,1,3,6,2.3,5
2007,2007.625,0.0664285714285714,1,3,7,2.3,5
2007,2007.625,0.00942857142857143,1,3,8,2.3,5
2007,2007.625,0.00114285714285714,1,3,9,2.3,5
2007,2007.625,0.000714285714285714,1,3,10,2.3,5
2007,2007.875,0.00384615384615385,1,4,1,2.3,7
2007,2007.875,0.01,1,4,2,2.3,7
2007,2007.875,0.022948717948718,1,4,3,2.3,7
2007,2007.875,0.0673076923076923,1,4,4,2.3,7
2007,2007.875,0.346410256410256,1,4,5,2.3,7
2007,2007.875,0.477435897435897,1,4,6,2.3,7
2007,2007.875,0.057948717948718,1,4,7,2.3,7
2007,2007.875,0.012051282051282,1,4,8,2.3,7
2007,2007.875,0.00102564102564103,1,4,9,2.3,7
2007,2007.875,0.00102564102564103,1,4,10,2.3,7
2007,2007.999,0,2,5,1,2.3,9
2007,2007.999,0,2,5,2,2.3,9
2007,2007.999,0,2,5,3,2.3,9
2007,2007.999,0,2,5,4,2.3,9
2007,2007.999,1,2,5,5,2.3,9
2007,2007.999,0,2,5,6,2.3,9
2007,2007.999,0,2,5,7,2.3,9
2007,2007.999,0,2,5,8,2.3,9
2007,2007.999,0,2,5,9,2.3,9
2007,2007.999,0,2,5,10,2.3,9
2008,2007.125,0.00121212121212121,1,1,1,1.4,2
2008,2007.125,0.00636363636363636,1,1,2,1.4,2
2008,2007.125,0.0242424242424242,1,1,3,1.4,2
2008,2007.125,0.130606060606061,1,1,4,1.4,2
2008,2007.125,0.377878787878788,1,1,5,1.4,2
2008,2007.125,0.310606060606061,1,1,6,1.4,2
2008,2007.125,0.113939393939394,1,1,7,1.4,2
2008,2007.125,0.0257575757575758,1,1,8,1.4,2
2008,2007.125,0.00757575757575758,1,1,9,1.4,2
2008,2007.125,0.00181818181818182,1,1,10,1.4,2
2008,2007.375,0.00282051282051282,1,2,1,1.4,4
2008,2007.375,0.0102564102564103,1,2,2,1.4,4
2008,2007.375,0.0417948717948718,1,2,3,1.4,4
2008,2007.375,0.165897435897436,1,2,4,1.4,4
2008,2007.375,0.407179487179487,1,2,5,1.4,4
2008,2007.375,0.26948717948718,1,2,6,1.4,4
2008,2007.375,0.0856410256410256,1,2,7,1.4,4
2008,2007.375,0.0123076923076923,1,2,8,1.4,4
2008,2007.375,0.0041025641025641,1,2,9,1.4,4
2008,2007.375,0.000512820512820513,1,2,10,1.4,4
2008,2007.625,0.00214285714285714,1,3,1,1.4,6
2008,2007.625,0.0108571428571429,1,3,2,1.4,6
2008,2007.625,0.0271428571428571,1,3,3,1.4,6
2008,2007.625,0.134714285714286,1,3,4,1.4,6
2008,2007.625,0.403428571428571,1,3,5,1.4,6
2008,2007.625,0.316285714285714,1,3,6,1.4,6
2008,2007.625,0.0887142857142857,1,3,7,1.4,6
2008,2007.625,0.0125714285714286,1,3,8,1.4,6
2008,2007.625,0.00314285714285714,1,3,9,1.4,6
2008,2007.625,0.001,1,3,10,1.4,6
2008,2007.875,0.00641025641025641,1,4,1,1.4,8
2008,2007.875,0.0133333333333333,1,4,2,1.4,8
2008,2007.875,0.0344871794871795,1,4,3,1.4,8
2008,2007.875,0.118076923076923,1,4,4,1.4,8
2008,2007.875,0.362820512820513,1,4,5,1.4,8
2008,2007.875,0.352820512820513,1,4,6,1.4,8
2008,2007.875,0.0866666666666667,1,4,7,1.4,8
2008,2007.875,0.02,1,4,8,1.4,8
2008,2007.875,0.00461538461538461,1,4,9,1.4,8
2008,2007.875,0.000769230769230769,1,4,10,1.4,8
2008,2008.125,0.00894736842105263,1,1,1,1.4,10
2008,2008.125,0.0165789473684211,1,1,2,1.4,10
2008,2008.125,0.0381578947368421,1,1,3,1.4,10
2008,2008.125,0.148947368421053,1,1,4,1.4,10
2008,2008.125,0.350526315789474,1,1,5,1.4,10
2008,2008.125,0.317631578947368,1,1,6,1.4,10
2008,2008.125,0.0947368421052632,1,1,7,1.4,10
2008,2008.125,0.0171052631578947,1,1,8,1.4,10
2008,2008.125,0.00552631578947368,1,1,9,1.4,10
2008,2008.125,0.00184210526315789,1,1,10,1.4,10
2008,2008.375,0.00833513513513514,1,2,1,1.4,12
2008,2008.375,0.0156756756756757,1,2,2,1.4,12
2008,2008.375,0.0570972972972973,1,2,3,1.4,12
2008,2008.375,0.196764864864865,1,2,4,1.4,12
2008,2008.375,0.441910810810811,1,2,5,1.4,12
2008,2008.375,0.235954054054054,1,2,6,1.4,12
2008,2008.375,0.036354054054054,1,2,7,1.4,12
2008,2008.375,0.00540540540540541,1,2,8,1.4,12
2008,2008.375,0.00172162162162162,1,2,9,1.4,12
2008,2008.375,0.000759459459459459,1,2,10,1.4,12
2008,2008.625,0.00266216216216216,1,3,1,1.4,14
2008,2008.625,0.00748648648648648,1,3,2,1.4,14
2008,2008.625,0.0336486486486487,1,3,3,1.4,14
2008,2008.625,0.198324324324324,1,3,4,1.4,14
2008,2008.625,0.481081081081081,1,3,5,1.4,14
2008,2008.625,0.236864864864865,1,3,6,1.4,14
2008,2008.625,0.029972972972973,1,3,7,1.4,14
2008,2008.625,0.00483783783783784,1,3,8,1.4,14
2008,2008.625,0.0012972972972973,1,3,9,1.4,14
2008,2008.625,0.0037972972972973,1,3,10,1.4,14
2008,2008.875,0.000736842105263158,1,4,1,1.4,16
2008,2008.875,0.00398684210526316,1,4,2,1.4,16
2008,2008.875,0.0244736842105263,1,4,3,1.4,16
2008,2008.875,0.25578947368421,1,4,4,1.4,16
2008,2008.875,0.527631578947368,1,4,5,1.4,16
2008,2008.875,0.146578947368421,1,4,6,1.4,16
2008,2008.875,0.0331578947368421,1,4,7,1.4,16
2008,2008.875,0.00513157894736842,1,4,8,1.4,16
2008,2008.875,0.00230263157894737,1,4,9,1.4,16
2008,2008.875,0.00018421052631579,1,4,10,1.4,16
2008,2008.999,0,2,5,1,1.4,18
2008,2008.999,0,2,5,2,1.4,18
2008,2008.999,0,2,5,3,1.4,18
2008,2008.999,0,2,5,4,1.4,18
2008,2008.999,0,2,5,5,1.4,18
2008,2008.999,0,2,5,6,1.4,18
2008,2008.999,1,2,5,7,1.4,18
2008,2008.999,0,2,5,8,1.4,18
2008,2008.999,0,2,5,9,1.4,18
2008,2008.999,0,2,5,10,1.4,18
2009,2008.125,0.0108571428571429,1,1,1,1.4,11
2009,2008.125,0.0225714285714286,1,1,2,1.4,11
2009,2008.125,0.0445714285714286,1,1,3,1.4,11
2009,2008.125,0.163714285714286,1,1,4,1.4,11
2009,2008.125,0.314,1,1,5,1.4,11
2009,2008.125,0.296571428571429,1,1,6,1.4,11
2009,2008.125,0.109142857142857,1,1,7,1.4,11
2009,2008.125,0.0297142857142857,1,1,8,1.4,11
2009,2008.125,0.00685714285714286,1,1,9,1.4,11
2009,2008.125,0.002,1,1,10,1.4,11
2009,2008.375,0.0113542857142857,1,2,1,1.4,13
2009,2008.375,0.0223685714285714,1,2,2,1.4,13
2009,2008.375,0.0609828571428571,1,2,3,1.4,13
2009,2008.375,0.195211428571429,1,2,4,1.4,13
2009,2008.375,0.368925714285714,1,2,5,1.4,13
2009,2008.375,0.266177142857143,1,2,6,1.4,13
2009,2008.375,0.0599457142857143,1,2,7,1.4,13
2009,2008.375,0.0111142857142857,1,2,8,1.4,13
2009,2008.375,0.0032,1,2,9,1.4,13
2009,2008.375,0.000705714285714286,1,2,10,1.4,13
2009,2008.625,0.00593243243243243,1,3,1,1.4,15
2009,2008.625,0.0154054054054054,1,3,2,1.4,15
2009,2008.625,0.0432432432432432,1,3,3,1.4,15
2009,2008.625,0.169567567567568,1,3,4,1.4,15
2009,2008.625,0.369486486486487,1,3,5,1.4,15
2009,2008.625,0.310405405405405,1,3,6,1.4,15
2009,2008.625,0.0671351351351351,1,3,7,1.4,15
2009,2008.625,0.0126891891891892,1,3,8,1.4,15
2009,2008.625,0.00198648648648649,1,3,9,1.4,15
2009,2008.625,0.00414864864864865,1,3,10,1.4,15
2009,2008.875,0.00157894736842105,1,4,1,1.4,17
2009,2008.875,0.0075,1,4,2,1.4,17
2009,2008.875,0.03,1,4,3,1.4,17
2009,2008.875,0.107894736842105,1,4,4,1.4,17
2009,2008.875,0.281578947368421,1,4,5,1.4,17
2009,2008.875,0.303947368421053,1,4,6,1.4,17
2009,2008.875,0.179473684210526,1,4,7,1.4,17
2009,2008.875,0.0773684210526316,1,4,8,1.4,17
2009,2008.875,0.0085,1,4,9,1.4,17
2009,2008.875,0.0021578947368421,1,4,10,1.4,17
2009,2009.125,0.00147058823529412,1,1,1,1.4,19
2009,2009.125,0.00205882352941176,1,1,2,1.4,19
2009,2009.125,0.00647058823529412,1,1,3,1.4,19
2009,2009.125,0.0232352941176471,1,1,4,1.4,19
2009,2009.125,0.0561764705882353,1,1,5,1.4,19
2009,2009.125,0.158529411764706,1,1,6,1.4,19
2009,2009.125,0.282352941176471,1,1,7,1.4,19
2009,2009.125,0.262352941176471,1,1,8,1.4,19
2009,2009.125,0.156470588235294,1,1,9,1.4,19
2009,2009.125,0.0508823529411765,1,1,10,1.4,19
2009,2009.375,0.000297297297297297,1,2,1,1.4,21
2009,2009.375,0.00978378378378378,1,2,2,1.4,21
2009,2009.375,0.0166756756756757,1,2,3,1.4,21
2009,2009.375,0.0217567567567568,1,2,4,1.4,21
2009,2009.375,0.0714864864864865,1,2,5,1.4,21
2009,2009.375,0.242162162162162,1,2,6,1.4,21
2009,2009.375,0.35972972972973,1,2,7,1.4,21
2009,2009.375,0.212432432432432,1,2,8,1.4,21
2009,2009.375,0.0497297297297297,1,2,9,1.4,21
2009,2009.375,0.0159459459459459,1,2,10,1.4,21
2009,2009.625,0.00037037037037037,1,3,1,1.4,23
2009,2009.625,0.00037037037037037,1,3,2,1.4,23
2009,2009.625,0.00222222222222222,1,3,3,1.4,23
2009,2009.625,0.0255555555555556,1,3,4,1.4,23
2009,2009.625,0.12962962962963,1,3,5,1.4,23
2009,2009.625,0.271481481481481,1,3,6,1.4,23
2009,2009.625,0.392592592592593,1,3,7,1.4,23
2009,2009.625,0.142592592592593,1,3,8,1.4,23
2009,2009.625,0.0288888888888889,1,3,9,1.4,23
2009,2009.625,0.0062962962962963,1,3,10,1.4,23
2009,2009.875,0.00125,1,4,1,1.4,25
2009,2009.875,0.0034375,1,4,2,1.4,25
2009,2009.875,0.0071875,1,4,3,1.4,25
2009,2009.875,0.0190625,1,4,4,1.4,25
2009,2009.875,0.043125,1,4,5,1.4,25
2009,2009.875,0.3409375,1,4,6,1.4,25
2009,2009.875,0.4396875,1,4,7,1.4,25
2009,2009.875,0.093125,1,4,8,1.4,25
2009,2009.875,0.021875,1,4,9,1.4,25
2009,2009.875,0.0303125,1,4,10,1.4,25
2009,2009.999,0,2,5,1,1.4,27
2009,2009.999,0,2,5,2,1.4,27
2009,2009.999,0,2,5,3,1.4,27
2009,2009.999,0,2,5,4,1.4,27
2009,2009.999,0,2,5,5,1.4,27
2009,2009.999,0,2,5,6,1.4,27
2009,2009.999,1,2,5,7,1.4,27
2009,2009.999,0,2,5,8,1.4,27
2009,2009.999,0,2,5,9,1.4,27
2009,2009.999,0,2,5,10,1.4,27
2010,2009.125,0.00117647058823529,1,1,1,1.1,20
2010,2009.125,0.00205882352941176,1,1,2,1.1,20
2010,2009.125,0.0117647058823529,1,1,3,1.1,20
2010,2009.125,0.0594117647058824,1,1,4,1.1,20
2010,2009.125,0.160588235294118,1,1,5,1.1,20
2010,2009.125,0.211176470588235,1,1,6,1.1,20
2010,2009.125,0.228823529411765,1,1,7,1.1,20
2010,2009.125,0.185882352941176,1,1,8,1.1,20
2010,2009.125,0.0926470588235294,1,1,9,1.1,20
2010,2009.125,0.0464705882352941,1,1,10,1.1,20
2010,2009.375,0.000567567567567568,1,2,1,1.1,22
2010,2009.375,0.00221621621621622,1,2,2,1.1,22
2010,2009.375,0.00925675675675676,1,2,3,1.1,22
2010,2009.375,0.0602702702702703,1,2,4,1.1,22
2010,2009.375,0.161202702702703,1,2,5,1.1,22
2010,2009.375,0.251081081081081,1,2,6,1.1,22
2010,2009.375,0.252162162162162,1,2,7,1.1,22
2010,2009.375,0.154594594594595,1,2,8,1.1,22
2010,2009.375,0.0754054054054054,1,2,9,1.1,22
2010,2009.375,0.0332432432432433,1,2,10,1.1,22
2010,2009.625,0.000185185185185185,1,3,1,1.1,24
2010,2009.625,0.000740740740740741,1,3,2,1.1,24
2010,2009.625,0.0244444444444444,1,3,3,1.1,24
2010,2009.625,0.09,1,3,4,1.1,24
2010,2009.625,0.177037037037037,1,3,5,1.1,24
2010,2009.625,0.198518518518519,1,3,6,1.1,24
2010,2009.625,0.220740740740741,1,3,7,1.1,24
2010,2009.625,0.192962962962963,1,3,8,1.1,24
2010,2009.625,0.0744444444444445,1,3,9,1.1,24
2010,2009.625,0.0209259259259259,1,3,10,1.1,24
2010,2009.875,0.001875,1,4,1,1.1,26
2010,2009.875,0.006875,1,4,2,1.1,26
2010,2009.875,0.01734375,1,4,3,1.1,26
2010,2009.875,0.071875,1,4,4,1.1,26
2010,2009.875,0.1328125,1,4,5,1.1,26
2010,2009.875,0.2090625,1,4,6,1.1,26
2010,2009.875,0.3140625,1,4,7,1.1,26
2010,2009.875,0.1759375,1,4,8,1.1,26
2010,2009.875,0.05046875,1,4,9,1.1,26
2010,2009.875,0.0196875,1,4,10,1.1,26
2010,2010.125,0.00088235294117647,1,1,1,1.1,28
2010,2010.125,0.00161764705882353,1,1,2,1.1,28
2010,2010.125,0.00691176470588235,1,1,3,1.1,28
2010,2010.125,0.0279411764705882,1,1,4,1.1,28
2010,2010.125,0.135588235294118,1,1,5,1.1,28
2010,2010.125,0.272941176470588,1,1,6,1.1,28
2010,2010.125,0.302647058823529,1,1,7,1.1,28
2010,2010.125,0.180294117647059,1,1,8,1.1,28
2010,2010.125,0.0541176470588235,1,1,9,1.1,28
2010,2010.125,0.0170588235294118,1,1,10,1.1,28
2010,2010.375,0.000621212121212121,1,2,1,1.1,30
2010,2010.375,0.00109090909090909,1,2,2,1.1,30
2010,2010.375,0.00495454545454546,1,2,3,1.1,30
2010,2010.375,0.0155272727272727,1,2,4,1.1,30
2010,2010.375,0.0651151515151515,1,2,5,1.1,30
2010,2010.375,0.255781818181818,1,2,6,1.1,30
2010,2010.375,0.367139393939394,1,2,7,1.1,30
2010,2010.375,0.217466666666667,1,2,8,1.1,30
2010,2010.375,0.058060606060606,1,2,9,1.1,30
2010,2010.375,0.0142424242424242,1,2,10,1.1,30
2010,2010.625,0.00076923076923077,1,3,1,1.1,32
2010,2010.625,0.00115384615384615,1,3,2,1.1,32
2010,2010.625,0.00192307692307692,1,3,3,1.1,32
2010,2010.625,0.00615384615384615,1,3,4,1.1,32
2010,2010.625,0.0313384615384615,1,3,5,1.1,32
2010,2010.625,0.187823076923077,1,3,6,1.1,32
2010,2010.625,0.404669230769231,1,3,7,1.1,32
2010,2010.625,0.282938461538462,1,3,8,1.1,32
2010,2010.625,0.0645769230769231,1,3,9,1.1,32
2010,2010.625,0.0186538461538461,1,3,10,1.1,32
2010,2010.875,0.0027027027027027,1,4,1,1.1,34
2010,2010.875,0.00224324324324324,1,4,2,1.1,34
2010,2010.875,0.00424324324324324,1,4,3,1.1,34
2010,2010.875,0.0133243243243243,1,4,4,1.1,34
2010,2010.875,0.0325135135135135,1,4,5,1.1,34
2010,2010.875,0.0945405405405405,1,4,6,1.1,34
2010,2010.875,0.457021621621622,1,4,7,1.1,34
2010,2010.875,0.365221621621622,1,4,8,1.1,34
2010,2010.875,0.0245405405405405,1,4,9,1.1,34
2010,2010.875,0.00364864864864865,1,4,10,1.1,34
2010,2010.999,0,2,5,1,1.1,36
2010,2010.999,0,2,5,2,1.1,36
2010,2010.999,0,2,5,3,1.1,36
2010,2010.999,0,2,5,4,1.1,36
2010,2010.999,0,2,5,5,1.1,36
2010,2010.999,0,2,5,6,1.1,36
2010,2010.999,1,2,5,7,1.1,36
2010,2010.999,0,2,5,8,1.1,36
2010,2010.999,0,2,5,9,1.1,36
2010,2010.999,0,2,5,10,1.1,36
2011,2010.125,0.00151515151515152,1,1,1,1.8,29
2011,2010.125,0.00257575757575758,1,1,2,1.8,29
2011,2010.125,0.036969696969697,1,1,3,1.8,29
2011,2010.125,0.0984848484848485,1,1,4,1.8,29
2011,2010.125,0.181666666666667,1,1,5,1.8,29
2011,2010.125,0.24969696969697,1,1,6,1.8,29
2011,2010.125,0.214545454545455,1,1,7,1.8,29
2011,2010.125,0.141212121212121,1,1,8,1.8,29
2011,2010.125,0.0613636363636364,1,1,9,1.8,29
2011,2010.125,0.011969696969697,1,1,10,1.8,29
2011,2010.375,0.000635294117647059,1,2,1,1.8,31
2011,2010.375,0.0044,1,2,2,1.8,31
2011,2010.375,0.0284117647058824,1,2,3,1.8,31
2011,2010.375,0.0763176470588235,1,2,4,1.8,31
2011,2010.375,0.158464705882353,1,2,5,1.8,31
2011,2010.375,0.281647058823529,1,2,6,1.8,31
2011,2010.375,0.228364705882353,1,2,7,1.8,31
2011,2010.375,0.1476,1,2,8,1.8,31
2011,2010.375,0.0586411764705882,1,2,9,1.8,31
2011,2010.375,0.0155176470588235,1,2,10,1.8,31
2011,2010.625,8e-04,1,3,1,1.8,33
2011,2010.625,0.00213846153846154,1,3,2,1.8,33
2011,2010.625,0.00981538461538461,1,3,3,1.8,33
2011,2010.625,0.0395307692307692,1,3,4,1.8,33
2011,2010.625,0.147761538461538,1,3,5,1.8,33
2011,2010.625,0.273692307692308,1,3,6,1.8,33
2011,2010.625,0.2945,1,3,7,1.8,33
2011,2010.625,0.167115384615385,1,3,8,1.8,33
2011,2010.625,0.0491,1,3,9,1.8,33
2011,2010.625,0.0155461538461538,1,3,10,1.8,33
2011,2010.875,0.00483333333333333,1,4,1,1.8,35
2011,2010.875,0.00398333333333333,1,4,2,1.8,35
2011,2010.875,0.0118444444444444,1,4,3,1.8,35
2011,2010.875,0.0366111111111111,1,4,4,1.8,35
2011,2010.875,0.112916666666667,1,4,5,1.8,35
2011,2010.875,0.233255555555556,1,4,6,1.8,35
2011,2010.875,0.317972222222222,1,4,7,1.8,35
2011,2010.875,0.202627777777778,1,4,8,1.8,35
2011,2010.875,0.0606722222222222,1,4,9,1.8,35
2011,2010.875,0.0152833333333333,1,4,10,1.8,35
2011,2011.125,0.000606060606060606,1,1,1,1.8,37
2011,2011.125,0.00121212121212121,1,1,2,1.8,37
2011,2011.125,0.00546666666666667,1,1,3,1.8,37
2011,2011.125,0.0161575757575758,1,1,4,1.8,37
2011,2011.125,0.0858545454545454,1,1,5,1.8,37
2011,2011.125,0.260109090909091,1,1,6,1.8,37
2011,2011.125,0.336709090909091,1,1,7,1.8,37
2011,2011.125,0.214678787878788,1,1,8,1.8,37
2011,2011.125,0.059460606060606,1,1,9,1.8,37
2011,2011.125,0.0197454545454545,1,1,10,1.8,37
2011,2011.375,0.001875,1,2,1,1.8,39
2011,2011.375,0.0028125,1,2,2,1.8,39
2011,2011.375,0.0065875,1,2,3,1.8,39
2011,2011.375,0.031025,1,2,4,1.8,39
2011,2011.375,0.171375,1,2,5,1.8,39
2011,2011.375,0.3741375,1,2,6,1.8,39
2011,2011.375,0.2891625,1,2,7,1.8,39
2011,2011.375,0.09095,1,2,8,1.8,39
2011,2011.375,0.027,1,2,9,1.8,39
2011,2011.375,0.005075,1,2,10,1.8,39
2011,2011.625,0.00403448275862069,1,3,1,1.8,41
2011,2011.625,0.0118620689655172,1,3,2,1.8,41
2011,2011.625,0.0337241379310345,1,3,3,1.8,41
2011,2011.625,0.0544275862068965,1,3,4,1.8,41
2011,2011.625,0.177903448275862,1,3,5,1.8,41
2011,2011.625,0.443675862068966,1,3,6,1.8,41
2011,2011.625,0.214724137931034,1,3,7,1.8,41
2011,2011.625,0.0485448275862069,1,3,8,1.8,41
2011,2011.625,0.00820689655172414,1,3,9,1.8,41
2011,2011.625,0.00289655172413793,1,3,10,1.8,41
2011,2011.875,0.000307692307692308,1,4,1,1.8,43
2011,2011.875,0.000384615384615385,1,4,2,1.8,43
2011,2011.875,0.0206666666666667,1,4,3,1.8,43
2011,2011.875,0.078,1,4,4,1.8,43
2011,2011.875,0.224138461538462,1,4,5,1.8,43
2011,2011.875,0.581682051282051,1,4,6,1.8,43
2011,2011.875,0.0819487179487179,1,4,7,1.8,43
2011,2011.875,0.0114102564102564,1,4,8,1.8,43
2011,2011.875,0.000923076923076923,1,4,9,1.8,43
2011,2011.875,0.000538461538461538,1,4,10,1.8,43
2011,2011.999,0,2,5,1,1.8,45
2011,2011.999,0,2,5,2,1.8,45
2011,2011.999,0,2,5,3,1.8,45
2011,2011.999,0,2,5,4,1.8,45
2011,2011.999,0,2,5,5,1.8,45
2011,2011.999,1,2,5,6,1.8,45
2011,2011.999,0,2,5,7,1.8,45
2011,2011.999,0,2,5,8,1.8,45
2011,2011.999,0,2,5,9,1.8,45
2011,2011.999,0,2,5,10,1.8,45
2012,2011.125,0.0007375,1,1,1,1.8,38
2012,2011.125,0.0051125,1,1,2,1.8,38
2012,2011.125,0.0246875,1,1,3,1.8,38
2012,2011.125,0.06705,1,1,4,1.8,38
2012,2011.125,0.1771875,1,1,5,1.8,38
2012,2011.125,0.3208125,1,1,6,1.8,38
2012,2011.125,0.23050625,1,1,7,1.8,38
2012,2011.125,0.11995625,1,1,8,1.8,38
2012,2011.125,0.0421375,1,1,9,1.8,38
2012,2011.125,0.0118125,1,1,10,1.8,38
2012,2011.375,0.002675,1,2,1,1.8,40
2012,2011.375,0.0076,1,2,2,1.8,40
2012,2011.375,0.03120625,1,2,3,1.8,40
2012,2011.375,0.09943125,1,2,4,1.8,40
2012,2011.375,0.17938125,1,2,5,1.8,40
2012,2011.375,0.33763125,1,2,6,1.8,40
2012,2011.375,0.22539375,1,2,7,1.8,40
2012,2011.375,0.08206875,1,2,8,1.8,40
2012,2011.375,0.0281875,1,2,9,1.8,40
2012,2011.375,0.006425,1,2,10,1.8,40
2012,2011.625,0.00318571428571429,1,3,1,1.8,42
2012,2011.625,0.0114285714285714,1,3,2,1.8,42
2012,2011.625,0.0372571428571429,1,3,3,1.8,42
2012,2011.625,0.1106,1,3,4,1.8,42
2012,2011.625,0.198271428571429,1,3,5,1.8,42
2012,2011.625,0.322557142857143,1,3,6,1.8,42
2012,2011.625,0.213785714285714,1,3,7,1.8,42
2012,2011.625,0.0760571428571429,1,3,8,1.8,42
2012,2011.625,0.0212785714285714,1,3,9,1.8,42
2012,2011.625,0.00557857142857143,1,3,10,1.8,42
2012,2011.875,0.00436315789473684,1,4,1,1.8,44
2012,2011.875,0.0084421052631579,1,4,2,1.8,44
2012,2011.875,0.0353473684210526,1,4,3,1.8,44
2012,2011.875,0.090921052631579,1,4,4,1.8,44
2012,2011.875,0.211305263157895,1,4,5,1.8,44
2012,2011.875,0.334305263157895,1,4,6,1.8,44
2012,2011.875,0.221768421052632,1,4,7,1.8,44
2012,2011.875,0.0662578947368421,1,4,8,1.8,44
2012,2011.875,0.0226315789473684,1,4,9,1.8,44
2012,2011.875,0.00465789473684211,1,4,10,1.8,44
2012,2012.125,0.00825,1,1,1,1.8,46
2012,2012.125,0.00616111111111111,1,1,2,1.8,46
2012,2012.125,0.0272,1,1,3,1.8,46
2012,2012.125,0.0942166666666667,1,1,4,1.8,46
2012,2012.125,0.2648,1,1,5,1.8,46
2012,2012.125,0.340383333333333,1,1,6,1.8,46
2012,2012.125,0.179588888888889,1,1,7,1.8,46
2012,2012.125,0.0560333333333333,1,1,8,1.8,46
2012,2012.125,0.0186833333333333,1,1,9,1.8,46
2012,2012.125,0.00468333333333333,1,1,10,1.8,46
2012,2012.375,0.000483870967741935,1,2,1,1.8,48
2012,2012.375,0.00193548387096774,1,2,2,1.8,48
2012,2012.375,0.0209354838709677,1,2,3,1.8,48
2012,2012.375,0.100064516129032,1,2,4,1.8,48
2012,2012.375,0.344670967741936,1,2,5,1.8,48
2012,2012.375,0.392890322580645,1,2,6,1.8,48
2012,2012.375,0.112245161290323,1,2,7,1.8,48
2012,2012.375,0.0196258064516129,1,2,8,1.8,48
2012,2012.375,0.00553548387096774,1,2,9,1.8,48
2012,2012.375,0.00161290322580645,1,2,10,1.8,48
2012,2012.625,0.0016925,1,3,1,1.8,50
2012,2012.625,0.00251,1,3,2,1.8,50
2012,2012.625,0.01682,1,3,3,1.8,50
2012,2012.625,0.07959,1,3,4,1.8,50
2012,2012.625,0.353645,1,3,5,1.8,50
2012,2012.625,0.3907225,1,3,6,1.8,50
2012,2012.625,0.123855,1,3,7,1.8,50
2012,2012.625,0.020645,1,3,8,1.8,50
2012,2012.625,0.0072325,1,3,9,1.8,50
2012,2012.625,0.0032875,1,3,10,1.8,50
2012,2012.875,1.47058823529412e-05,1,4,1,1.8,52
2012,2012.875,0.000338235294117647,1,4,2,1.8,52
2012,2012.875,0.00647058823529412,1,4,3,1.8,52
2012,2012.875,0.0455882352941176,1,4,4,1.8,52
2012,2012.875,0.258123529411765,1,4,5,1.8,52
2012,2012.875,0.553123529411765,1,4,6,1.8,52
2012,2012.875,0.123988235294118,1,4,7,1.8,52
2012,2012.875,0.0111764705882353,1,4,8,1.8,52
2012,2012.875,0.000911764705882353,1,4,9,1.8,52
2012,2012.875,0.000264705882352941,1,4,10,1.8,52
2012,2012.999,0,2,5,1,1.8,54
2012,2012.999,0,2,5,2,1.8,54
2012,2012.999,0,2,5,3,1.8,54
2012,2012.999,0,2,5,4,1.8,54
2012,2012.999,0,2,5,5,1.8,54
2012,2012.999,1,2,5,6,1.8,54
2012,2012.999,0,2,5,7,1.8,54
2012,2012.999,0,2,5,8,1.8,54
2012,2012.999,0,2,5,9,1.8,54
2012,2012.999,0,2,5,10,1.8,54
2013,2012.125,0.0129030303030303,1,1,1,1.6,47
2013,2012.125,0.0135333333333333,1,1,2,1.6,47
2013,2012.125,0.0532606060606061,1,1,3,1.6,47
2013,2012.125,0.135909090909091,1,1,4,1.6,47
2013,2012.125,0.284145454545455,1,1,5,1.6,47
2013,2012.125,0.318054545454545,1,1,6,1.6,47
2013,2012.125,0.124448484848485,1,1,7,1.6,47
2013,2012.125,0.040969696969697,1,1,8,1.6,47
2013,2012.125,0.0132484848484848,1,1,9,1.6,47
2013,2012.125,0.00352727272727273,1,1,10,1.6,47
2013,2012.375,0.00214,1,2,1,1.6,49
2013,2012.375,0.00937333333333333,1,2,2,1.6,49
2013,2012.375,0.04802,1,2,3,1.6,49
2013,2012.375,0.141726666666667,1,2,4,1.6,49
2013,2012.375,0.2827,1,2,5,1.6,49
2013,2012.375,0.343606666666667,1,2,6,1.6,49
2013,2012.375,0.128193333333333,1,2,7,1.6,49
2013,2012.375,0.0321066666666667,1,2,8,1.6,49
2013,2012.375,0.0101066666666667,1,2,9,1.6,49
2013,2012.375,0.00202666666666667,1,2,10,1.6,49
2013,2012.625,0.00365,1,3,1,1.6,51
2013,2012.625,0.00723157894736842,1,3,2,1.6,51
2013,2012.625,0.0298157894736842,1,3,3,1.6,51
2013,2012.625,0.115784210526316,1,3,4,1.6,51
2013,2012.625,0.321065789473684,1,3,5,1.6,51
2013,2012.625,0.316610526315789,1,3,6,1.6,51
2013,2012.625,0.143381578947368,1,3,7,1.6,51
2013,2012.625,0.04735,1,3,8,1.6,51
2013,2012.625,0.0112947368421053,1,3,9,1.6,51
2013,2012.625,0.00381578947368421,1,3,10,1.6,51
2013,2012.875,0.000151515151515151,1,4,1,1.6,53
2013,2012.875,0.00669090909090909,1,4,2,1.6,53
2013,2012.875,0.0232060606060606,1,4,3,1.6,53
2013,2012.875,0.109381818181818,1,4,4,1.6,53
2013,2012.875,0.329854545454545,1,4,5,1.6,53
2013,2012.875,0.330048484848485,1,4,6,1.6,53
2013,2012.875,0.151793939393939,1,4,7,1.6,53
2013,2012.875,0.0407818181818182,1,4,8,1.6,53
2013,2012.875,0.00635151515151515,1,4,9,1.6,53
2013,2012.875,0.00173939393939394,1,4,10,1.6,53
2013,2013.125,2.36842105263158e-05,1,1,1,1.6,55
2013,2013.125,0.00294473684210526,1,1,2,1.6,55
2013,2013.125,0.0214210526315789,1,1,3,1.6,55
2013,2013.125,0.0646,1,1,4,1.6,55
2013,2013.125,0.266842105263158,1,1,5,1.6,55
2013,2013.125,0.4132,1,1,6,1.6,55
2013,2013.125,0.185094736842105,1,1,7,1.6,55
2013,2013.125,0.0396526315789474,1,1,8,1.6,55
2013,2013.125,0.00522631578947368,1,1,9,1.6,55
2013,2013.125,0.000994736842105263,1,1,10,1.6,55
2013,2013.375,0.000294117647058824,1,2,1,1.6,57
2013,2013.375,0.00117647058823529,1,2,2,1.6,57
2013,2013.375,0.00794117647058824,1,2,3,1.6,57
2013,2013.375,0.0294941176470588,1,2,4,1.6,57
2013,2013.375,0.174729411764706,1,2,5,1.6,57
2013,2013.375,0.4402,1,2,6,1.6,57
2013,2013.375,0.282282352941176,1,2,7,1.6,57
2013,2013.375,0.0573529411764706,1,2,8,1.6,57
2013,2013.375,0.00615294117647059,1,2,9,1.6,57
2013,2013.375,0.000376470588235294,1,2,10,1.6,57
2013,2013.625,0.000285714285714286,1,3,1,1.6,59
2013,2013.625,0.00147142857142857,1,3,2,1.6,59
2013,2013.625,0.00681428571428571,1,3,3,1.6,59
2013,2013.625,0.0282857142857143,1,3,4,1.6,59
2013,2013.625,0.142594285714286,1,3,5,1.6,59
2013,2013.625,0.325314285714286,1,3,6,1.6,59
2013,2013.625,0.372137142857143,1,3,7,1.6,59
2013,2013.625,0.0995542857142857,1,3,8,1.6,59
2013,2013.625,0.0192114285714286,1,3,9,1.6,59
2013,2013.625,0.00433142857142857,1,3,10,1.6,59
2013,2013.875,0.000277777777777778,1,4,1,1.6,61
2013,2013.875,0.000319444444444445,1,4,2,1.6,61
2013,2013.875,0.004125,1,4,3,1.6,61
2013,2013.875,0.0163888888888889,1,4,4,1.6,61
2013,2013.875,0.0866666666666667,1,4,5,1.6,61
2013,2013.875,0.230422222222222,1,4,6,1.6,61
2013,2013.875,0.536877777777778,1,4,7,1.6,61
2013,2013.875,0.101311111111111,1,4,8,1.6,61
2013,2013.875,0.0183333333333333,1,4,9,1.6,61
2013,2013.875,0.00527777777777778,1,4,10,1.6,61
2013,2013.999,0,2,5,1,1.6,63
2013,2013.999,0,2,5,2,1.6,63
2013,2013.999,0,2,5,3,1.6,63
2013,2013.999,0,2,5,4,1.6,63
2013,2013.999,0,2,5,5,1.6,63
2013,2013.999,1,2,5,6,1.6,63
2013,2013.999,0,2,5,7,1.6,63
2013,2013.999,0,2,5,8,1.6,63
2013,2013.999,0,2,5,9,1.6,63
2013,2013.999,0,2,5,10,1.6,63
2014,2013.125,0.000291666666666667,1,1,1,1.5,56
2014,2013.125,0.00370833333333333,1,1,2,1.5,56
2014,2013.125,0.0301388888888889,1,1,3,1.5,56
2014,2013.125,0.114016666666667,1,1,4,1.5,56
2014,2013.125,0.317355555555556,1,1,5,1.5,56
2014,2013.125,0.358833333333333,1,1,6,1.5,56
2014,2013.125,0.132561111111111,1,1,7,1.5,56
2014,2013.125,0.0325388888888889,1,1,8,1.5,56
2014,2013.125,0.00697222222222222,1,1,9,1.5,56
2014,2013.125,0.00358333333333333,1,1,10,1.5,56
2014,2013.375,0.00132941176470588,1,2,1,1.5,58
2014,2013.375,0.00350588235294118,1,2,2,1.5,58
2014,2013.375,0.0193176470588235,1,2,3,1.5,58
2014,2013.375,0.100947058823529,1,2,4,1.5,58
2014,2013.375,0.301535294117647,1,2,5,1.5,58
2014,2013.375,0.357511764705882,1,2,6,1.5,58
2014,2013.375,0.158817647058824,1,2,7,1.5,58
2014,2013.375,0.0443647058823529,1,2,8,1.5,58
2014,2013.375,0.00938823529411765,1,2,9,1.5,58
2014,2013.375,0.00328235294117647,1,2,10,1.5,58
2014,2013.625,0.00176,1,3,1,1.5,60
2014,2013.625,0.00364,1,3,2,1.5,60
2014,2013.625,0.0182742857142857,1,3,3,1.5,60
2014,2013.625,0.0729657142857143,1,3,4,1.5,60
2014,2013.625,0.259182857142857,1,3,5,1.5,60
2014,2013.625,0.391205714285714,1,3,6,1.5,60
2014,2013.625,0.184405714285714,1,3,7,1.5,60
2014,2013.625,0.05024,1,3,8,1.5,60
2014,2013.625,0.0136857142857143,1,3,9,1.5,60
2014,2013.625,0.00464,1,3,10,1.5,60
2014,2013.875,0.000833333333333334,1,4,1,1.5,62
2014,2013.875,0.00236111111111111,1,4,2,1.5,62
2014,2013.875,0.0136444444444444,1,4,3,1.5,62
2014,2013.875,0.0648555555555556,1,4,4,1.5,62
2014,2013.875,0.253522222222222,1,4,5,1.5,62
2014,2013.875,0.371994444444444,1,4,6,1.5,62
2014,2013.875,0.209188888888889,1,4,7,1.5,62
2014,2013.875,0.0642277777777778,1,4,8,1.5,62
2014,2013.875,0.0159722222222222,1,4,9,1.5,62
2014,2013.875,0.0034,1,4,10,1.5,62
2014,2014.125,0.000278236842105263,1,1,1,1.5,64
2014,2014.125,0.000607894736842105,1,1,2,1.5,64
2014,2014.125,0.0160818684210526,1,1,3,1.5,64
2014,2014.125,0.0783510263157895,1,1,4,1.5,64
2014,2014.125,0.198818657894737,1,1,5,1.5,64
2014,2014.125,0.383359947368421,1,1,6,1.5,64
2014,2014.125,0.239843026315789,1,1,7,1.5,64
2014,2014.125,0.0660177894736842,1,1,8,1.5,64
2014,2014.125,0.0142256052631579,1,1,9,1.5,64
2014,2014.125,0.00241592105263158,1,1,10,1.5,64
2014,2014.375,0,1,2,1,1.5,66
2014,2014.375,0.000381578947368421,1,2,2,1.5,66
2014,2014.375,0.00943947368421053,1,2,3,1.5,66
2014,2014.375,0.0474526315789474,1,2,4,1.5,66
2014,2014.375,0.186715789473684,1,2,5,1.5,66
2014,2014.375,0.392636842105263,1,2,6,1.5,66
2014,2014.375,0.288468421052632,1,2,7,1.5,66
2014,2014.375,0.0609842105263158,1,2,8,1.5,66
2014,2014.375,0.0110526315789474,1,2,9,1.5,66
2014,2014.375,0.00286842105263158,1,2,10,1.5,66
2014,2014.625,0,1,3,1,1.5,68
2014,2014.625,0.000208333333333333,1,3,2,1.5,68
2014,2014.625,0.0120805555555556,1,3,3,1.5,68
2014,2014.625,0.0551777777777778,1,3,4,1.5,68
2014,2014.625,0.236233333333333,1,3,5,1.5,68
2014,2014.625,0.462572222222222,1,3,6,1.5,68
2014,2014.625,0.199138888888889,1,3,7,1.5,68
2014,2014.625,0.0293111111111111,1,3,8,1.5,68
2014,2014.625,0.00491428571428571,1,3,9,1.5,68
2014,2014.625,5e-04,1,3,10,1.5,68
2014,2014.875,0,1,4,1,1.5,70
2014,2014.875,7.8125e-05,1,4,2,1.5,70
2014,2014.875,0.006234375,1,4,3,1.5,70
2014,2014.875,0.0215,1,4,4,1.5,70
2014,2014.875,0.12456875,1,4,5,1.5,70
2014,2014.875,0.51630625,1,4,6,1.5,70
2014,2014.875,0.29453125,1,4,7,1.5,70
2014,2014.875,0.0298125,1,4,8,1.5,70
2014,2014.875,0.00625,1,4,9,1.5,70
2014,2014.875,0.00071875,1,4,10,1.5,70
2014,2014.999,0,2,5,1,1.5,72
2014,2014.999,0,2,5,2,1.5,72
2014,2014.999,0,2,5,3,1.5,72
2014,2014.999,0,2,5,4,1.5,72
2014,2014.999,0,2,5,5,1.5,72
2014,2014.999,1,2,5,6,1.5,72
2014,2014.999,0,2,5,7,1.5,72
2014,2014.999,0,2,5,8,1.5,72
2014,2014.999,0,2,5,9,1.5,72
2014,2014.999,0,2,5,10,1.5,72
2015,2014.125,0.000953756756756757,1,1,1,1.1,65
2015,2014.125,0.00464324324324324,1,1,2,1.1,65
2015,2014.125,0.0214888648648649,1,1,3,1.1,65
2015,2014.125,0.113300567567568,1,1,4,1.1,65
2015,2014.125,0.246195675675676,1,1,5,1.1,65
2015,2014.125,0.360031081081081,1,1,6,1.1,65
2015,2014.125,0.181090540540541,1,1,7,1.1,65
2015,2014.125,0.0526281081081081,1,1,8,1.1,65
2015,2014.125,0.0155113783783784,1,1,9,1.1,65
2015,2014.125,0.00415678378378378,1,1,10,1.1,65
2015,2014.375,0.00101578947368421,1,2,1,1.1,67
2015,2014.375,0.00416315789473684,1,2,2,1.1,67
2015,2014.375,0.0223157894736842,1,2,3,1.1,67
2015,2014.375,0.105447368421053,1,2,4,1.1,67
2015,2014.375,0.249794736842105,1,2,5,1.1,67
2015,2014.375,0.376257894736842,1,2,6,1.1,67
2015,2014.375,0.178789473684211,1,2,7,1.1,67
2015,2014.375,0.0446526315789474,1,2,8,1.1,67
2015,2014.375,0.0117368421052632,1,2,9,1.1,67
2015,2014.375,0.00582631578947369,1,2,10,1.1,67
2015,2014.625,0.0010972972972973,1,3,1,1.1,69
2015,2014.625,0.00527027027027027,1,3,2,1.1,69
2015,2014.625,0.0252216216216216,1,3,3,1.1,69
2015,2014.625,0.0923621621621622,1,3,4,1.1,69
2015,2014.625,0.299821621621622,1,3,5,1.1,69
2015,2014.625,0.380021621621622,1,3,6,1.1,69
2015,2014.625,0.150291891891892,1,3,7,1.1,69
2015,2014.625,0.0351837837837838,1,3,8,1.1,69
2015,2014.625,0.00862702702702703,1,3,9,1.1,69
2015,2014.625,0.0021027027027027,1,3,10,1.1,69
2015,2014.875,0.00190625,1,4,1,1.1,71
2015,2014.875,0.0040875,1,4,2,1.1,71
2015,2014.875,0.02349375,1,4,3,1.1,71
2015,2014.875,0.0836125,1,4,4,1.1,71
2015,2014.875,0.2723125,1,4,5,1.1,71
2015,2014.875,0.3857625,1,4,6,1.1,71
2015,2014.875,0.1744,1,4,7,1.1,71
2015,2014.875,0.0380875,1,4,8,1.1,71
2015,2014.875,0.0152125,1,4,9,1.1,71
2015,2014.875,0.001125,1,4,10,1.1,71
2015,2015.125,0.00159333333333333,1,1,1,1.1,73
2015,2015.125,0.00365,1,1,2,1.1,73
2015,2015.125,0.01875,1,1,3,1.1,73
2015,2015.125,0.0494066666666667,1,1,4,1.1,73
2015,2015.125,0.135973333333333,1,1,5,1.1,73
2015,2015.125,0.32562,1,1,6,1.1,73
2015,2015.125,0.277173333333333,1,1,7,1.1,73
2015,2015.125,0.145893333333333,1,1,8,1.1,73
2015,2015.125,0.03466,1,1,9,1.1,73
2015,2015.125,0.00728,1,1,10,1.1,73
2015,2015.375,0.00185648571428571,1,2,1,1.1,75
2015,2015.375,0.00199868571428571,1,2,2,1.1,75
2015,2015.375,0.0101516571428571,1,2,3,1.1,75
2015,2015.375,0.0346118857142857,1,2,4,1.1,75
2015,2015.375,0.1132866,1,2,5,1.1,75
2015,2015.375,0.354705657142857,1,2,6,1.1,75
2015,2015.375,0.317584257142857,1,2,7,1.1,75
2015,2015.375,0.1267064,1,2,8,1.1,75
2015,2015.375,0.0341532,1,2,9,1.1,75
2015,2015.375,0.00494517142857143,1,2,10,1.1,75
2015,2015.625,0.000588235294117647,1,3,1,1.1,77
2015,2015.625,0.00102941176470588,1,3,2,1.1,77
2015,2015.625,0.00735294117647059,1,3,3,1.1,77
2015,2015.625,0.0359588235294118,1,3,4,1.1,77
2015,2015.625,0.128947058823529,1,3,5,1.1,77
2015,2015.625,0.362393823529412,1,3,6,1.1,77
2015,2015.625,0.360988235294118,1,3,7,1.1,77
2015,2015.625,0.0820061764705882,1,3,8,1.1,77
2015,2015.625,0.0164705882352941,1,3,9,1.1,77
2015,2015.625,0.00426470588235294,1,3,10,1.1,77
2015,2015.875,0.000303030303030303,1,4,1,1.1,79
2015,2015.875,0.00136363636363636,1,4,2,1.1,79
2015,2015.875,0.00575757575757576,1,4,3,1.1,79
2015,2015.875,0.0175757575757576,1,4,4,1.1,79
2015,2015.875,0.0554545454545455,1,4,5,1.1,79
2015,2015.875,0.289345454545455,1,4,6,1.1,79
2015,2015.875,0.522775757575758,1,4,7,1.1,79
2015,2015.875,0.0766666666666667,1,4,8,1.1,79
2015,2015.875,0.0248484848484849,1,4,9,1.1,79
2015,2015.875,0.00590909090909091,1,4,10,1.1,79
2015,2015.999,0,2,5,1,1.1,81
2015,2015.999,0,2,5,2,1.1,81
2015,2015.999,0,2,5,3,1.1,81
2015,2015.999,0,2,5,4,1.1,81
2015,2015.999,0,2,5,5,1.1,81
2015,2015.999,0,2,5,6,1.1,81
2015,2015.999,1,2,5,7,1.1,81
2015,2015.999,0,2,5,8,1.1,81
2015,2015.999,0,2,5,9,1.1,81
2015,2015.999,0,2,5,10,1.1,81
2016,2015.125,0.00404,1,1,1,1.8,74
2016,2015.125,0.00583333333333333,1,1,2,1.8,74
2016,2015.125,0.0249266666666667,1,1,3,1.8,74
2016,2015.125,0.0900533333333333,1,1,4,1.8,74
2016,2015.125,0.306386666666667,1,1,5,1.8,74
2016,2015.125,0.335273333333333,1,1,6,1.8,74
2016,2015.125,0.158166666666667,1,1,7,1.8,74
2016,2015.125,0.05356,1,1,8,1.8,74
2016,2015.125,0.0149466666666667,1,1,9,1.8,74
2016,2015.125,0.00681333333333333,1,1,10,1.8,74
2016,2015.375,0.00753757142857143,1,2,1,1.8,76
2016,2015.375,0.00812577142857143,1,2,2,1.8,76
2016,2015.375,0.0224945142857143,1,2,3,1.8,76
2016,2015.375,0.0890844571428571,1,2,4,1.8,76
2016,2015.375,0.233391685714286,1,2,5,1.8,76
2016,2015.375,0.353369028571429,1,2,6,1.8,76
2016,2015.375,0.186482885714286,1,2,7,1.8,76
2016,2015.375,0.0706368857142857,1,2,8,1.8,76
2016,2015.375,0.0224938285714286,1,2,9,1.8,76
2016,2015.375,0.0063834,1,2,10,1.8,76
2016,2015.625,0.00404242424242424,1,3,1,1.8,78
2016,2015.625,0.00526666666666667,1,3,2,1.8,78
2016,2015.625,0.0187939393939394,1,3,3,1.8,78
2016,2015.625,0.0925030303030303,1,3,4,1.8,78
2016,2015.625,0.217040424242424,1,3,5,1.8,78
2016,2015.625,0.363588121212121,1,3,6,1.8,78
2016,2015.625,0.218534181818182,1,3,7,1.8,78
2016,2015.625,0.0602554242424242,1,3,8,1.8,78
2016,2015.625,0.0165575757575758,1,3,9,1.8,78
2016,2015.625,0.00341818181818182,1,3,10,1.8,78
2016,2015.875,0.00112121212121212,1,4,1,1.8,80
2016,2015.875,0.00206060606060606,1,4,2,1.8,80
2016,2015.875,0.0142484848484849,1,4,3,1.8,80
2016,2015.875,0.0755575757575758,1,4,4,1.8,80
2016,2015.875,0.186187878787879,1,4,5,1.8,80
2016,2015.875,0.404890909090909,1,4,6,1.8,80
2016,2015.875,0.221248484848485,1,4,7,1.8,80
2016,2015.875,0.0772969696969697,1,4,8,1.8,80
2016,2015.875,0.0163151515151515,1,4,9,1.8,80
2016,2015.875,0.00107272727272727,1,4,10,1.8,80
2016,2016.125,0.0014,1,1,1,1.8,82
2016,2016.125,0.00133888888888889,1,1,2,1.8,82
2016,2016.125,0.00851111111111111,1,1,3,1.8,82
2016,2016.125,0.0516888888888889,1,1,4,1.8,82
2016,2016.125,0.188866666666667,1,1,5,1.8,82
2016,2016.125,0.390155555555556,1,1,6,1.8,82
2016,2016.125,0.250333333333333,1,1,7,1.8,82
2016,2016.125,0.0868666666666667,1,1,8,1.8,82
2016,2016.125,0.0188444444444444,1,1,9,1.8,82
2016,2016.125,0.00199444444444444,1,1,10,1.8,82
2016,2016.375,0.00156486486486487,1,2,1,1.8,84
2016,2016.375,0.00150540540540541,1,2,2,1.8,84
2016,2016.375,0.00961891891891892,1,2,3,1.8,84
2016,2016.375,0.0509891891891892,1,2,4,1.8,84
2016,2016.375,0.224683783783784,1,2,5,1.8,84
2016,2016.375,0.410721621621622,1,2,6,1.8,84
2016,2016.375,0.201443243243243,1,2,7,1.8,84
2016,2016.375,0.073345945945946,1,2,8,1.8,84
2016,2016.375,0.0172378378378378,1,2,9,1.8,84
2016,2016.375,0.00888918918918919,1,2,10,1.8,84
2016,2016.625,0.00308823529411765,1,3,1,1.8,86
2016,2016.625,0.00335294117647059,1,3,2,1.8,86
2016,2016.625,0.0123235294117647,1,3,3,1.8,86
2016,2016.625,0.0419705882352941,1,3,4,1.8,86
2016,2016.625,0.201347058823529,1,3,5,1.8,86
2016,2016.625,0.474358823529412,1,3,6,1.8,86
2016,2016.625,0.171541176470588,1,3,7,1.8,86
2016,2016.625,0.0721352941176471,1,3,8,1.8,86
2016,2016.625,0.0162647058823529,1,3,9,1.8,86
2016,2016.625,0.00361764705882353,1,3,10,1.8,86
2016,2016.875,0.0009375,1,4,1,1.8,88
2016,2016.875,0.00109375,1,4,2,1.8,88
2016,2016.875,0.0071875,1,4,3,1.8,88
2016,2016.875,0.04125,1,4,4,1.8,88
2016,2016.875,0.203975,1,4,5,1.8,88
2016,2016.875,0.589725,1,4,6,1.8,88
2016,2016.875,0.1084875,1,4,7,1.8,88
2016,2016.875,0.0371875,1,4,8,1.8,88
2016,2016.875,0.009375,1,4,9,1.8,88
2016,2016.875,0.00078125,1,4,10,1.8,88
2016,2016.999,0,2,5,1,1.8,90
2016,2016.999,0,2,5,2,1.8,90
2016,2016.999,0,2,5,3,1.8,90
2016,2016.999,0,2,5,4,1.8,90
2016,2016.999,0,2,5,5,1.8,90
2016,2016.999,1,2,5,6,1.8,90
2016,2016.999,0,2,5,7,1.8,90
2016,2016.999,0,2,5,8,1.8,90
2016,2016.999,0,2,5,9,1.8,90
2016,2016.999,0,2,5,10,1.8,90
2017,2016.125,0.003,1,1,1,1.7,83
2017,2016.125,0.00356571428571429,1,1,2,1.7,83
2017,2016.125,0.0148514285714286,1,1,3,1.7,83
2017,2016.125,0.0870114285714286,1,1,4,1.7,83
2017,2016.125,0.22324,1,1,5,1.7,83
2017,2016.125,0.375834285714286,1,1,6,1.7,83
2017,2016.125,0.193405714285714,1,1,7,1.7,83
2017,2016.125,0.0758171428571429,1,1,8,1.7,83
2017,2016.125,0.0205257142857143,1,1,9,1.7,83
2017,2016.125,0.00274857142857143,1,1,10,1.7,83
2017,2016.375,0.00647567567567568,1,2,1,1.7,85
2017,2016.375,0.0055,1,2,2,1.7,85
2017,2016.375,0.0247027027027027,1,2,3,1.7,85
2017,2016.375,0.0934648648648649,1,2,4,1.7,85
2017,2016.375,0.247781081081081,1,2,5,1.7,85
2017,2016.375,0.3754,1,2,6,1.7,85
2017,2016.375,0.163172972972973,1,2,7,1.7,85
2017,2016.375,0.0611864864864865,1,2,8,1.7,85
2017,2016.375,0.0169432432432432,1,2,9,1.7,85
2017,2016.375,0.00537297297297297,1,2,10,1.7,85
2017,2016.625,0.00550588235294118,1,3,1,1.7,87
2017,2016.625,0.00673529411764706,1,3,2,1.7,87
2017,2016.625,0.0236352941176471,1,3,3,1.7,87
2017,2016.625,0.0863294117647059,1,3,4,1.7,87
2017,2016.625,0.283317647058824,1,3,5,1.7,87
2017,2016.625,0.3472,1,3,6,1.7,87
2017,2016.625,0.166647058823529,1,3,7,1.7,87
2017,2016.625,0.0622882352941177,1,3,8,1.7,87
2017,2016.625,0.0144352941176471,1,3,9,1.7,87
2017,2016.625,0.00390588235294118,1,3,10,1.7,87
2017,2016.875,0.00303125,1,4,1,1.7,89
2017,2016.875,0.0043875,1,4,2,1.7,89
2017,2016.875,0.01689375,1,4,3,1.7,89
2017,2016.875,0.09045625,1,4,4,1.7,89
2017,2016.875,0.29760625,1,4,5,1.7,89
2017,2016.875,0.39909375,1,4,6,1.7,89
2017,2016.875,0.1281375,1,4,7,1.7,89
2017,2016.875,0.048175,1,4,8,1.7,89
2017,2016.875,0.0108125,1,4,9,1.7,89
2017,2016.875,0.00140625,1,4,10,1.7,89
2017,2017.125,0.00233428571428572,1,1,1,1.7,91
2017,2017.125,0.00366571428571429,1,1,2,1.7,91
2017,2017.125,0.0175514285714286,1,1,3,1.7,91
2017,2017.125,0.114205714285714,1,1,4,1.7,91
2017,2017.125,0.326011428571429,1,1,5,1.7,91
2017,2017.125,0.33672,1,1,6,1.7,91
2017,2017.125,0.145834285714286,1,1,7,1.7,91
2017,2017.125,0.0402,1,1,8,1.7,91
2017,2017.125,0.00807142857142857,1,1,9,1.7,91
2017,2017.125,0.00540571428571429,1,1,10,1.7,91
2017,2017.375,0.00107142857142857,1,2,1,1.7,93
2017,2017.375,0.00292857142857143,1,2,2,1.7,93
2017,2017.375,0.0269214285714286,1,2,3,1.7,93
2017,2017.375,0.0915357142857143,1,2,4,1.7,93
2017,2017.375,0.325307142857143,1,2,5,1.7,93
2017,2017.375,0.392821428571429,1,2,6,1.7,93
2017,2017.375,0.124428571428571,1,2,7,1.7,93
2017,2017.375,0.0278142857142857,1,2,8,1.7,93
2017,2017.375,0.00502857142857143,1,2,9,1.7,93
2017,2017.375,0.00214285714285714,1,2,10,1.7,93
2017,2017.625,0.0003125,1,3,1,1.7,95
2017,2017.625,0.00109375,1,3,2,1.7,95
2017,2017.625,0.008125,1,3,3,1.7,95
2017,2017.625,0.050325,1,3,4,1.7,95
2017,2017.625,0.2061625,1,3,5,1.7,95
2017,2017.625,0.4705875,1,3,6,1.7,95
2017,2017.625,0.20525,1,3,7,1.7,95
2017,2017.625,0.0480625,1,3,8,1.7,95
2017,2017.625,0.0080375,1,3,9,1.7,95
2017,2017.625,0.00204375,1,3,10,1.7,95
2017,2017.875,0.00035483870967742,1,4,1,1.7,97
2017,2017.875,0.00035483870967742,1,4,2,1.7,97
2017,2017.875,0.00487096774193548,1,4,3,1.7,97
2017,2017.875,0.0216451612903226,1,4,4,1.7,97
2017,2017.875,0.139709677419355,1,4,5,1.7,97
2017,2017.875,0.464774193548387,1,4,6,1.7,97
2017,2017.875,0.329993548387097,1,4,7,1.7,97
2017,2017.875,0.0362967741935484,1,4,8,1.7,97
2017,2017.875,0.00164516129032258,1,4,9,1.7,97
2017,2017.875,0.00035483870967742,1,4,10,1.7,97
2017,2017.999,0,2,5,1,1.7,99
2017,2017.999,0,2,5,2,1.7,99
2017,2017.999,0,2,5,3,1.7,99
2017,2017.999,0,2,5,4,1.7,99
2017,2017.999,0,2,5,5,1.7,99
2017,2017.999,1,2,5,6,1.7,99
2017,2017.999,0,2,5,7,1.7,99
2017,2017.999,0,2,5,8,1.7,99
2017,2017.999,0,2,5,9,1.7,99
2017,2017.999,0,2,5,10,1.7,99
2018,2017.125,0.00538285714285714,1,1,1,2,92
2018,2017.125,0.00858857142857143,1,1,2,2,92
2018,2017.125,0.0399057142857143,1,1,3,2,92
2018,2017.125,0.152022857142857,1,1,4,2,92
2018,2017.125,0.342805714285714,1,1,5,2,92
2018,2017.125,0.300411428571429,1,1,6,2,92
2018,2017.125,0.0981628571428571,1,1,7,2,92
2018,2017.125,0.0356057142857143,1,1,8,2,92
2018,2017.125,0.0105142857142857,1,1,9,2,92
2018,2017.125,0.0066,1,1,10,2,92
2018,2017.375,0.00288275862068966,1,2,1,2,94
2018,2017.375,0.00591724137931035,1,2,2,2,94
2018,2017.375,0.0359379310344828,1,2,3,2,94
2018,2017.375,0.130875862068966,1,2,4,2,94
2018,2017.375,0.349096551724138,1,2,5,2,94
2018,2017.375,0.321041379310345,1,2,6,2,94
2018,2017.375,0.108041379310345,1,2,7,2,94
2018,2017.375,0.0347724137931035,1,2,8,2,94
2018,2017.375,0.00809655172413793,1,2,9,2,94
2018,2017.375,0.00333793103448276,1,2,10,2,94
2018,2017.625,0.00220625,1,3,1,2,96
2018,2017.625,0.00533125,1,3,2,2,96
2018,2017.625,0.023875,1,3,3,2,96
2018,2017.625,0.1121625,1,3,4,2,96
2018,2017.625,0.3146375,1,3,5,2,96
2018,2017.625,0.33785625,1,3,6,2,96
2018,2017.625,0.14335625,1,3,7,2,96
2018,2017.625,0.0437,1,3,8,2,96
2018,2017.625,0.0126125,1,3,9,2,96
2018,2017.625,0.0042625,1,3,10,2,96
2018,2017.875,0.00154838709677419,1,4,1,2,98
2018,2017.875,0.00336774193548387,1,4,2,2,98
2018,2017.875,0.0192516129032258,1,4,3,2,98
2018,2017.875,0.0870129032258065,1,4,4,2,98
2018,2017.875,0.297503225806452,1,4,5,2,98
2018,2017.875,0.399735483870968,1,4,6,2,98
2018,2017.875,0.138941935483871,1,4,7,2,98
2018,2017.875,0.0444387096774194,1,4,8,2,98
2018,2017.875,0.00710967741935484,1,4,9,2,98
2018,2017.875,0.00109032258064516,1,4,10,2,98
2018,2018.125,0.00101379310344828,1,1,1,2,100
2018,2018.125,0.00333793103448276,1,1,2,2,100
2018,2018.125,0.0178206896551724,1,1,3,2,100
2018,2018.125,0.0985448275862069,1,1,4,2,100
2018,2018.125,0.364875862068966,1,1,5,2,100
2018,2018.125,0.389731034482759,1,1,6,2,100
2018,2018.125,0.0982551724137931,1,1,7,2,100
2018,2018.125,0.0212620689655172,1,1,8,2,100
2018,2018.125,0.0042551724137931,1,1,9,2,100
2018,2018.125,0.000903448275862069,1,1,10,2,100
2018,2018.375,0.000986206896551724,1,2,1,2,102
2018,2018.375,0.00358620689655172,1,2,2,2,102
2018,2018.375,0.0224620689655172,1,2,3,2,102
2018,2018.375,0.163096551724138,1,2,4,2,102
2018,2018.375,0.46908275862069,1,2,5,2,102
2018,2018.375,0.262193103448276,1,2,6,2,102
2018,2018.375,0.0597862068965517,1,2,7,2,102
2018,2018.375,0.0151862068965517,1,2,8,2,102
2018,2018.375,0.00310344827586207,1,2,9,2,102
2018,2018.375,0.000517241379310345,1,2,10,2,102
2018,2018.625,0.000566666666666667,1,3,1,2,104
2018,2018.625,0.00226666666666667,1,3,2,2,104
2018,2018.625,0.0200266666666667,1,3,3,2,104
2018,2018.625,0.145233333333333,1,3,4,2,104
2018,2018.625,0.492246666666667,1,3,5,2,104
2018,2018.625,0.28772,1,3,6,2,104
2018,2018.625,0.0404,1,3,7,2,104
2018,2018.625,0.00904,1,3,8,2,104
2018,2018.625,0.002,1,3,9,2,104
2018,2018.625,5e-04,1,3,10,2,104
2018,2018.875,0.000333333333333333,1,4,1,2,106
2018,2018.875,0.00133333333333333,1,4,2,2,106
2018,2018.875,0.004,1,4,3,2,106
2018,2018.875,0.0949666666666667,1,4,4,2,106
2018,2018.875,0.50954,1,4,5,2,106
2018,2018.875,0.35336,1,4,6,2,106
2018,2018.875,0.0291333333333333,1,4,7,2,106
2018,2018.875,0.00566666666666667,1,4,8,2,106
2018,2018.875,0.00133333333333333,1,4,9,2,106
2018,2018.875,0.000333333333333333,1,4,10,2,106
2018,2018.999,0,2,5,1,2,108
2018,2018.999,0,2,5,2,2,108
2018,2018.999,0,2,5,3,2,108
2018,2018.999,0,2,5,4,2,108
2018,2018.999,1,2,5,5,2,108
2018,2018.999,0,2,5,6,2,108
2018,2018.999,0,2,5,7,2,108
2018,2018.999,0,2,5,8,2,108
2018,2018.999,0,2,5,9,2,108
2018,2018.999,0,2,5,10,2,108
2019,2018.125,0.00413571428571429,1,1,1,1.6,101
2019,2018.125,0.00745,1,1,2,1.6,101
2019,2018.125,0.03505,1,1,3,1.6,101
2019,2018.125,0.13775,1,1,4,1.6,101
2019,2018.125,0.343821428571429,1,1,5,1.6,101
2019,2018.125,0.334421428571429,1,1,6,1.6,101
2019,2018.125,0.0975142857142857,1,1,7,1.6,101
2019,2018.125,0.0289571428571429,1,1,8,1.6,101
2019,2018.125,0.00751428571428571,1,1,9,1.6,101
2019,2018.125,0.00338571428571429,1,1,10,1.6,101
2019,2018.375,0.00555,1,2,1,1.6,103
2019,2018.375,0.0116785714285714,1,2,2,1.6,103
2019,2018.375,0.0458,1,2,3,1.6,103
2019,2018.375,0.164314285714286,1,2,4,1.6,103
2019,2018.375,0.3905,1,2,5,1.6,103
2019,2018.375,0.281428571428571,1,2,6,1.6,103
2019,2018.375,0.0764,1,2,7,1.6,103
2019,2018.375,0.0167428571428571,1,2,8,1.6,103
2019,2018.375,0.00562142857142857,1,2,9,1.6,103
2019,2018.375,0.00196428571428571,1,2,10,1.6,103
2019,2018.625,0.00328275862068965,1,3,1,1.6,105
2019,2018.625,0.0140344827586207,1,3,2,1.6,105
2019,2018.625,0.0507034482758621,1,3,3,1.6,105
2019,2018.625,0.199468965517241,1,3,4,1.6,105
2019,2018.625,0.410034482758621,1,3,5,1.6,105
2019,2018.625,0.236110344827586,1,3,6,1.6,105
2019,2018.625,0.0583172413793103,1,3,7,1.6,105
2019,2018.625,0.0192137931034483,1,3,8,1.6,105
2019,2018.625,0.00644137931034483,1,3,9,1.6,105
2019,2018.625,0.00239310344827586,1,3,10,1.6,105
2019,2018.875,0.00136666666666667,1,4,1,1.6,107
2019,2018.875,0.00804,1,4,2,1.6,107
2019,2018.875,0.0454666666666667,1,4,3,1.6,107
2019,2018.875,0.219393333333333,1,4,4,1.6,107
2019,2018.875,0.4186,1,4,5,1.6,107
2019,2018.875,0.22954,1,4,6,1.6,107
2019,2018.875,0.0562733333333333,1,4,7,1.6,107
2019,2018.875,0.0155466666666667,1,4,8,1.6,107
2019,2018.875,0.00444,1,4,9,1.6,107
2019,2018.875,0.00133333333333333,1,4,10,1.6,107
2019,2019.125,0.00169333333333333,1,1,1,1.6,109
2019,2019.125,0.00528,1,1,2,1.6,109
2019,2019.125,0.01943,1,1,3,1.6,109
2019,2019.125,0.121913333333333,1,1,4,1.6,109
2019,2019.125,0.398893333333333,1,1,5,1.6,109
2019,2019.125,0.33031,1,1,6,1.6,109
2019,2019.125,0.104473333333333,1,1,7,1.6,109
2019,2019.125,0.0149733333333333,1,1,8,1.6,109
2019,2019.125,0.00234,1,1,9,1.6,109
2019,2019.125,0.000693333333333333,1,1,10,1.6,109
2019,2019.375,0.00343815625,1,2,1,1.6,111
2019,2019.375,0.0040750625,1,2,2,1.6,111
2019,2019.375,0.0147731875,1,2,3,1.6,111
2019,2019.375,0.06930828125,1,2,4,1.6,111
2019,2019.375,0.35341878125,1,2,5,1.6,111
2019,2019.375,0.3787061875,1,2,6,1.6,111
2019,2019.375,0.1391791875,1,2,7,1.6,111
2019,2019.375,0.03016596875,1,2,8,1.6,111
2019,2019.375,0.0060070625,1,2,9,1.6,111
2019,2019.375,0.000928125,1,2,10,1.6,111
2019,2019.625,0.00037037037037037,1,3,1,1.6,113
2019,2019.625,0.00296296296296296,1,3,2,1.6,113
2019,2019.625,0.0170518518518518,1,3,3,1.6,113
2019,2019.625,0.0703851851851852,1,3,4,1.6,113
2019,2019.625,0.303014814814815,1,3,5,1.6,113
2019,2019.625,0.464792592592593,1,3,6,1.6,113
2019,2019.625,0.115348148148148,1,3,7,1.6,113
2019,2019.625,0.0211851851851852,1,3,8,1.6,113
2019,2019.625,0.00414814814814815,1,3,9,1.6,113
2019,2019.625,0.000740740740740741,1,3,10,1.6,113
2019,2019.875,0.00128275862068966,1,4,1,1.6,115
2019,2019.875,0.0048551724137931,1,4,2,1.6,115
2019,2019.875,0.0203379310344828,1,4,3,1.6,115
2019,2019.875,0.0624551724137931,1,4,4,1.6,115
2019,2019.875,0.221748275862069,1,4,5,1.6,115
2019,2019.875,0.588986206896552,1,4,6,1.6,115
2019,2019.875,0.0811931034482759,1,4,7,1.6,115
2019,2019.875,0.0150034482758621,1,4,8,1.6,115
2019,2019.875,0.00363793103448276,1,4,9,1.6,115
2019,2019.875,5e-04,1,4,10,1.6,115
2019,2019.999,0,2,5,1,1.6,117
2019,2019.999,0,2,5,2,1.6,117
2019,2019.999,0,2,5,3,1.6,117
2019,2019.999,0,2,5,4,1.6,117
2019,2019.999,0,2,5,5,1.6,117
2019,2019.999,1,2,5,6,1.6,117
2019,2019.999,0,2,5,7,1.6,117
2019,2019.999,0,2,5,8,1.6,117
2019,2019.999,0,2,5,9,1.6,117
2019,2019.999,0,2,5,10,1.6,117
2020,2019.125,0.00492333333333333,1,1,1,1.4,110
2020,2019.125,0.01302,1,1,2,1.4,110
2020,2019.125,0.03797,1,1,3,1.4,110
2020,2019.125,0.162676666666667,1,1,4,1.4,110
2020,2019.125,0.36157,1,1,5,1.4,110
2020,2019.125,0.28092,1,1,6,1.4,110
2020,2019.125,0.100056666666667,1,1,7,1.4,110
2020,2019.125,0.0282466666666667,1,1,8,1.4,110
2020,2019.125,0.00772,1,1,9,1.4,110
2020,2019.125,0.00289666666666667,1,1,10,1.4,110
2020,2019.375,0.00676286666666666,1,2,1,1.4,112
2020,2019.375,0.009646,1,2,2,1.4,112
2020,2019.375,0.0380866666666667,1,2,3,1.4,112
2020,2019.375,0.154140433333333,1,2,4,1.4,112
2020,2019.375,0.3377292,1,2,5,1.4,112
2020,2019.375,0.293869633333333,1,2,6,1.4,112
2020,2019.375,0.111626766666667,1,2,7,1.4,112
2020,2019.375,0.0332555666666667,1,2,8,1.4,112
2020,2019.375,0.0105986333333333,1,2,9,1.4,112
2020,2019.375,0.00428423333333333,1,2,10,1.4,112
2020,2019.625,0.00696296296296296,1,3,1,1.4,114
2020,2019.625,0.00961481481481482,1,3,2,1.4,114
2020,2019.625,0.0322703703703704,1,3,3,1.4,114
2020,2019.625,0.1566,1,3,4,1.4,114
2020,2019.625,0.316011111111111,1,3,5,1.4,114
2020,2019.625,0.308837037037037,1,3,6,1.4,114
2020,2019.625,0.120111111111111,1,3,7,1.4,114
2020,2019.625,0.0354592592592593,1,3,8,1.4,114
2020,2019.625,0.0104222222222222,1,3,9,1.4,114
2020,2019.625,0.00371111111111111,1,3,10,1.4,114
2020,2019.875,0.00610344827586207,1,4,1,1.4,116
2020,2019.875,0.00784137931034483,1,4,2,1.4,116
2020,2019.875,0.0312655172413793,1,4,3,1.4,116
2020,2019.875,0.128924137931034,1,4,4,1.4,116
2020,2019.875,0.363934482758621,1,4,5,1.4,116
2020,2019.875,0.325627586206897,1,4,6,1.4,116
2020,2019.875,0.103324137931034,1,4,7,1.4,116
2020,2019.875,0.0240172413793103,1,4,8,1.4,116
2020,2019.875,0.00685862068965517,1,4,9,1.4,116
2020,2019.875,0.00210344827586207,1,4,10,1.4,116
2020,2020.125,0.00526785714285714,1,1,1,1.4,118
2020,2020.125,0.00542142857142857,1,1,2,1.4,118
2020,2020.125,0.0190357142857143,1,1,3,1.4,118
2020,2020.125,0.0934464285714286,1,1,4,1.4,118
2020,2020.125,0.316482142857143,1,1,5,1.4,118
2020,2020.125,0.390067857142857,1,1,6,1.4,118
2020,2020.125,0.117732142857143,1,1,7,1.4,118
2020,2020.125,0.0377178571428572,1,1,8,1.4,118
2020,2020.125,0.00947857142857143,1,1,9,1.4,118
2020,2020.125,0.00535,1,1,10,1.4,118
2020,2020.375,0.00735454545454546,1,2,1,1.4,120
2020,2020.375,0.0049030303030303,1,2,2,1.4,120
2020,2020.375,0.00857272727272727,1,2,3,1.4,120
2020,2020.375,0.0326272727272727,1,2,4,1.4,120
2020,2020.375,0.113378787878788,1,2,5,1.4,120
2020,2020.375,0.25990303030303,1,2,6,1.4,120
2020,2020.375,0.2893,1,2,7,1.4,120
2020,2020.375,0.1378,1,2,8,1.4,120
2020,2020.375,0.0891909090909091,1,2,9,1.4,120
2020,2020.375,0.056969696969697,1,2,10,1.4,120
2020,2020.625,0.000708,1,3,1,1.4,122
2020,2020.625,0.001428,1,3,2,1.4,122
2020,2020.625,0.005536,1,3,3,1.4,122
2020,2020.625,0.01572,1,3,4,1.4,122
2020,2020.625,0.035764,1,3,5,1.4,122
2020,2020.625,0.130684,1,3,6,1.4,122
2020,2020.625,0.271196,1,3,7,1.4,122
2020,2020.625,0.296492,1,3,8,1.4,122
2020,2020.625,0.169184,1,3,9,1.4,122
2020,2020.625,0.073288,1,3,10,1.4,122
2020,2020.875,0.000384615384615385,1,4,1,1.4,124
2020,2020.875,0.000769230769230769,1,4,2,1.4,124
2020,2020.875,0.00192307692307692,1,4,3,1.4,124
2020,2020.875,0.0165384615384615,1,4,4,1.4,124
2020,2020.875,0.111923076923077,1,4,5,1.4,124
2020,2020.875,0.435446153846154,1,4,6,1.4,124
2020,2020.875,0.321473076923077,1,4,7,1.4,124
2020,2020.875,0.0761576923076923,1,4,8,1.4,124
2020,2020.875,0.0276923076923077,1,4,9,1.4,124
2020,2020.875,0.00769230769230769,1,4,10,1.4,124
2020,2020.999,0,2,5,1,1.4,126
2020,2020.999,0,2,5,2,1.4,126
2020,2020.999,0,2,5,3,1.4,126
2020,2020.999,0,2,5,4,1.4,126
2020,2020.999,0,2,5,5,1.4,126
2020,2020.999,0,2,5,6,1.4,126
2020,2020.999,1,2,5,7,1.4,126
2020,2020.999,0,2,5,8,1.4,126
2020,2020.999,0,2,5,9,1.4,126
2020,2020.999,0,2,5,10,1.4,126
2021,2020.125,0.00460714285714286,1,1,1,4.6,119
2021,2020.125,0.00943571428571429,1,1,2,4.6,119
2021,2020.125,0.031825,1,1,3,4.6,119
2021,2020.125,0.119360714285714,1,1,4,4.6,119
2021,2020.125,0.296564285714286,1,1,5,4.6,119
2021,2020.125,0.337821428571429,1,1,6,4.6,119
2021,2020.125,0.13845,1,1,7,4.6,119
2021,2020.125,0.0448071428571429,1,1,8,4.6,119
2021,2020.125,0.0123785714285714,1,1,9,4.6,119
2021,2020.125,0.00475,1,1,10,4.6,119
2021,2020.375,0.00603636363636363,1,2,1,4.6,121
2021,2020.375,0.0037939393939394,1,2,2,4.6,121
2021,2020.375,0.0196727272727273,1,2,3,4.6,121
2021,2020.375,0.0648030303030303,1,2,4,4.6,121
2021,2020.375,0.195112121212121,1,2,5,4.6,121
2021,2020.375,0.270112121212121,1,2,6,4.6,121
2021,2020.375,0.241324242424242,1,2,7,4.6,121
2021,2020.375,0.133693939393939,1,2,8,4.6,121
2021,2020.375,0.0484606060606061,1,2,9,4.6,121
2021,2020.375,0.0169909090909091,1,2,10,4.6,121
2021,2020.625,0.00048,1,3,1,4.6,123
2021,2020.625,0.005,1,3,2,4.6,123
2021,2020.625,0.01348,1,3,3,4.6,123
2021,2020.625,0.07928,1,3,4,4.6,123
2021,2020.625,0.186344,1,3,5,4.6,123
2021,2020.625,0.251716,1,3,6,4.6,123
2021,2020.625,0.200444,1,3,7,4.6,123
2021,2020.625,0.155196,1,3,8,4.6,123
2021,2020.625,0.07976,1,3,9,4.6,123
2021,2020.625,0.0283,1,3,10,4.6,123
2021,2020.875,0.000384615384615385,1,4,1,4.6,125
2021,2020.875,0.00192307692307692,1,4,2,4.6,125
2021,2020.875,0.0115461538461538,1,4,3,4.6,125
2021,2020.875,0.0580538461538462,1,4,4,4.6,125
2021,2020.875,0.2357,1,4,5,4.6,125
2021,2020.875,0.375719230769231,1,4,6,4.6,125
2021,2020.875,0.21905,1,4,7,4.6,125
2021,2020.875,0.0695346153846154,1,4,8,4.6,125
2021,2020.875,0.0211653846153846,1,4,9,4.6,125
2021,2020.875,0.00692307692307692,1,4,10,4.6,125
2021,2021.125,0.000689655172413793,1,1,1,4.6,127
2021,2021.125,0.00496551724137931,1,1,2,4.6,127
2021,2021.125,0.0277931034482759,1,1,3,4.6,127
2021,2021.125,0.132710344827586,1,1,4,4.6,127
2021,2021.125,0.287434482758621,1,1,5,4.6,127
2021,2021.125,0.323975862068966,1,1,6,4.6,127
2021,2021.125,0.162803448275862,1,1,7,4.6,127
2021,2021.125,0.0422827586206897,1,1,8,4.6,127
2021,2021.125,0.0166206896551724,1,1,9,4.6,127
2021,2021.125,0.000724137931034483,1,1,10,4.6,127
2021,2021.375,0.00482765517241379,1,2,1,4.6,129
2021,2021.375,0.018974275862069,1,2,2,4.6,129
2021,2021.375,0.0801643793103448,1,2,3,4.6,129
2021,2021.375,0.218217965517241,1,2,4,4.6,129
2021,2021.375,0.342244344827586,1,2,5,4.6,129
2021,2021.375,0.231578310344828,1,2,6,4.6,129
2021,2021.375,0.0802770344827586,1,2,7,4.6,129
2021,2021.375,0.0181977931034483,1,2,8,4.6,129
2021,2021.375,0.00482855172413793,1,2,9,4.6,129
2021,2021.375,0.000689655172413793,1,2,10,4.6,129
2021,2021.625,0.206157142857143,1,3,1,4.6,131
2021,2021.625,0.290775,1,3,2,4.6,131
2021,2021.625,0.227603571428571,1,3,3,4.6,131
2021,2021.625,0.164,1,3,4,4.6,131
2021,2021.625,0.0746785714285714,1,3,5,4.6,131
2021,2021.625,0.025,1,3,6,4.6,131
2021,2021.625,0.00928571428571429,1,3,7,4.6,131
2021,2021.625,0.00142857142857143,1,3,8,4.6,131
2021,2021.625,0.000714285714285714,1,3,9,4.6,131
2021,2021.625,0.000357142857142857,1,3,10,4.6,131
2021,2021.875,0.52537037037037,1,4,1,4.6,133
2021,2021.875,0.253444444444444,1,4,2,4.6,133
2021,2021.875,0.123407407407407,1,4,3,4.6,133
2021,2021.875,0.0588888888888889,1,4,4,4.6,133
2021,2021.875,0.0240740740740741,1,4,5,4.6,133
2021,2021.875,0.0111111111111111,1,4,6,4.6,133
2021,2021.875,0.0037037037037037,1,4,7,4.6,133
2021,2021.875,0,1,4,8,4.6,133
2021,2021.875,0,1,4,9,4.6,133
2021,2021.875,0,1,4,10,4.6,133
2021,2021.999,1,2,5,1,4.6,135
2021,2021.999,0,2,5,2,4.6,135
2021,2021.999,0,2,5,3,4.6,135
2021,2021.999,0,2,5,4,4.6,135
2021,2021.999,0,2,5,5,4.6,135
2021,2021.999,0,2,5,6,4.6,135
2021,2021.999,0,2,5,7,4.6,135
2021,2021.999,0,2,5,8,4.6,135
2021,2021.999,0,2,5,9,4.6,135
2021,2021.999,0,2,5,10,4.6,135
2022,2021.125,0.00093448275862069,1,1,1,NA,128
2022,2021.125,0.00540689655172414,1,1,2,NA,128
2022,2021.125,0.0362,1,1,3,NA,128
2022,2021.125,0.146858620689655,1,1,4,NA,128
2022,2021.125,0.303220689655172,1,1,5,NA,128
2022,2021.125,0.294231034482759,1,1,6,NA,128
2022,2021.125,0.147241379310345,1,1,7,NA,128
2022,2021.125,0.0481034482758621,1,1,8,NA,128
2022,2021.125,0.0155793103448276,1,1,9,NA,128
2022,2021.125,0.00222413793103448,1,1,10,NA,128
2022,2021.375,0.00176455172413793,1,2,1,NA,130
2022,2021.375,0.0171217931034483,1,2,2,NA,130
2022,2021.375,0.0783448275862069,1,2,3,NA,130
2022,2021.375,0.195270655172414,1,2,4,NA,130
2022,2021.375,0.345857103448276,1,2,5,NA,130
2022,2021.375,0.236982931034483,1,2,6,NA,130
2022,2021.375,0.0917747931034483,1,2,7,NA,130
2022,2021.375,0.0252321379310345,1,2,8,NA,130
2022,2021.375,0.00628741379310345,1,2,9,NA,130
2022,2021.375,0.00136372413793103,1,2,10,NA,130
2022,2021.625,0.0138928571428571,1,3,1,NA,132
2022,2021.625,0.0387571428571429,1,3,2,NA,132
2022,2021.625,0.104267857142857,1,3,3,NA,132
2022,2021.625,0.225539285714286,1,3,4,NA,132
2022,2021.625,0.333732142857143,1,3,5,NA,132
2022,2021.625,0.206239285714286,1,3,6,NA,132
2022,2021.625,0.0595178571428571,1,3,7,NA,132
2022,2021.625,0.0158035714285714,1,3,8,NA,132
2022,2021.625,0.00142857142857143,1,3,9,NA,132
2022,2021.625,0.000821428571428571,1,3,10,NA,132
2022,2021.875,0.0242962962962963,1,4,1,NA,134
2022,2021.875,0.0571111111111111,1,4,2,NA,134
2022,2021.875,0.13437037037037,1,4,3,NA,134
2022,2021.875,0.289222222222222,1,4,4,NA,134
2022,2021.875,0.283407407407407,1,4,5,NA,134
2022,2021.875,0.13362962962963,1,4,6,NA,134
2022,2021.875,0.0576666666666667,1,4,7,NA,134
2022,2021.875,0.0166666666666667,1,4,8,NA,134
2022,2021.875,0.00314814814814815,1,4,9,NA,134
2022,2021.875,0.000481481481481481,1,4,10,NA,134
2022,2022.125,0.159653846153846,1,1,1,NA,136
2022,2022.125,0.237673076923077,1,1,2,NA,136
2022,2022.125,0.229288461538462,1,1,3,NA,136
2022,2022.125,0.188884615384615,1,1,4,NA,136
2022,2022.125,0.0727692307692308,1,1,5,NA,136
2022,2022.125,0.0359615384615385,1,1,6,NA,136
2022,2022.125,0.0273846153846154,1,1,7,NA,136
2022,2022.125,0.0118461538461538,1,1,8,NA,136
2022,2022.125,0.00576923076923077,1,1,9,NA,136
2022,2022.125,0.0307692307692308,1,1,10,NA,136
2022,2022.375,0.4974625,1,2,1,NA,138
2022,2022.375,0.243745833333333,1,2,2,NA,138
2022,2022.375,0.111625,1,2,3,NA,138
2022,2022.375,0.0727916666666667,1,2,4,NA,138
2022,2022.375,0.0263333333333333,1,2,5,NA,138
2022,2022.375,0.0147083333333333,1,2,6,NA,138
2022,2022.375,0.0229166666666667,1,2,7,NA,138
2022,2022.375,0.00833333333333333,1,2,8,NA,138
2022,2022.375,0.00208333333333333,1,2,9,NA,138
2022,2022.375,0,1,2,10,NA,138
2023,2022.125,0.0709384615384615,1,1,1,NA,137
2023,2022.125,0.0765961538461539,1,1,2,NA,137
2023,2022.125,0.1129,1,1,3,NA,137
2023,2022.125,0.199692307692308,1,1,4,NA,137
2023,2022.125,0.266603846153846,1,1,5,NA,137
2023,2022.125,0.155226923076923,1,1,6,NA,137
2023,2022.125,0.0544538461538462,1,1,7,NA,137
2023,2022.125,0.0166269230769231,1,1,8,NA,137
2023,2022.125,0.009,1,1,9,NA,137
2023,2022.125,0.0379615384615384,1,1,10,NA,137
2023,2022.375,0.0922416666666667,1,2,1,NA,139
2023,2022.375,0.104275,1,2,2,NA,139
2023,2022.375,0.1589,1,2,3,NA,139
2023,2022.375,0.217904166666667,1,2,4,NA,139
2023,2022.375,0.227308333333333,1,2,5,NA,139
2023,2022.375,0.124441666666667,1,2,6,NA,139
2023,2022.375,0.0569708333333333,1,2,7,NA,139
2023,2022.375,0.0138333333333333,1,2,8,NA,139
2023,2022.375,0.00275,1,2,9,NA,139
2023,2022.375,0.001375,1,2,10,NA,139
