"event","time","p","resolution","quarter","bin","Year","Quarter","realization","grpd_time_event"
1969,1968.875,0.1215,1,4,1,NA,NA,NA,1
1969.25,1968.875,0.234,1,4,1,NA,NA,NA,2
1969.25,1969.125,0.158846153846154,1,1,1,NA,NA,NA,6
1969.5,1968.875,0.236666666666667,1,4,1,NA,NA,NA,3
1969.5,1969.125,0.220408163265306,1,1,1,NA,NA,NA,7
1969.5,1969.375,0.15,1,2,1,NA,NA,NA,10
1969.75,1968.875,0.181166666666667,1,4,1,NA,NA,NA,4
1969.75,1969.125,0.203125,1,1,1,NA,NA,NA,8
1969.75,1969.375,0.123913043478261,1,2,1,NA,NA,NA,11
1969.75,1969.625,0.245932203389831,1,3,1,NA,NA,NA,15
1970,1968.875,0.153653846153846,1,4,1,1969,4,1,5
1970,1969.125,0.170232558139535,1,1,1,1969,4,1,9
1970,1969.375,0.17952380952381,1,2,1,1969,4,1,12
1970,1969.625,0.291789473684211,1,3,1,1969,4,1,16
1970,1969.875,0.349148936170213,1,4,1,1969,4,1,19
1970,1969.999,1,2,5,1,1969,4,1,24
1970.25,1969.375,0.246346153846154,1,2,1,1970,1,1,13
1970.25,1969.625,0.3474,1,3,1,1970,1,1,17
1970.25,1969.875,0.450363636363636,1,4,1,1970,1,1,20
1970.25,1970.125,0.632545454545455,1,1,1,1970,1,1,25
1970.25,1970.249,1,2,5,1,1970,1,1,29
1970.5,1969.375,0.25531914893617,1,2,1,NA,NA,NA,14
1970.5,1969.625,0.277525773195876,1,3,1,NA,NA,NA,18
1970.5,1969.875,0.420943396226415,1,4,1,NA,NA,NA,21
1970.5,1970.125,0.467090909090909,1,1,1,NA,NA,NA,26
1970.5,1970.375,0.511777777777778,1,2,1,NA,NA,NA,30
1970.75,1969.875,0.249387755102041,1,4,1,NA,NA,NA,22
1970.75,1970.125,0.287,1,1,1,NA,NA,NA,27
1970.75,1970.375,0.317906976744186,1,2,1,NA,NA,NA,31
1970.75,1970.625,0.414102564102564,1,3,1,NA,NA,NA,35
1971,1969.875,0.171219512195122,1,4,1,1970,4,1,23
1971,1970.125,0.178636363636364,1,1,1,1970,4,1,28
1971,1970.375,0.216944444444444,1,2,1,1970,4,1,32
1971,1970.625,0.26530612244898,1,3,1,1970,4,1,36
1971,1970.875,0.632432432432432,1,4,1,1970,4,1,40
1971,1970.999,1,2,5,1,1970,4,1,45
1971.25,1970.375,0.147,1,2,1,NA,NA,NA,33
1971.25,1970.625,0.204565217391304,1,3,1,NA,NA,NA,37
1971.25,1970.875,0.200875,1,4,1,NA,NA,NA,41
1971.25,1971.125,0.165294117647059,1,1,1,NA,NA,NA,46
1971.5,1970.375,0.1,1,2,1,NA,NA,NA,34
1971.5,1970.625,0.148611111111111,1,3,1,NA,NA,NA,38
1971.5,1970.875,0.17126582278481,1,4,1,NA,NA,NA,42
1971.5,1971.125,0.131071428571429,1,1,1,NA,NA,NA,47
1971.5,1971.375,0.111,1,2,1,NA,NA,NA,51
1971.75,1970.625,0.107352941176471,1,3,1,NA,NA,NA,39
1971.75,1970.875,0.219042553191489,1,4,1,NA,NA,NA,43
1971.75,1971.125,0.259555555555556,1,1,1,NA,NA,NA,48
1971.75,1971.375,0.21375,1,2,1,NA,NA,NA,52
1971.75,1971.625,0.17546875,1,3,1,NA,NA,NA,56
1972,1970.875,0.182674418604651,1,4,1,NA,NA,NA,44
1972,1971.125,0.126578947368421,1,1,1,NA,NA,NA,49
1972,1971.375,0.108484848484848,1,2,1,NA,NA,NA,53
1972,1971.625,0.137678571428571,1,3,1,NA,NA,NA,57
1972,1971.875,0.119565217391304,1,4,1,NA,NA,NA,61
1972.25,1971.125,0.121935483870968,1,1,1,NA,NA,NA,50
1972.25,1971.375,0.0928571428571429,1,2,1,NA,NA,NA,54
1972.25,1971.625,0.134385964912281,1,3,1,NA,NA,NA,58
1972.25,1971.875,0.104722222222222,1,4,1,NA,NA,NA,62
1972.25,1972.125,0.107083333333333,1,1,1,NA,NA,NA,66
1972.5,1971.375,0.0951851851851852,1,2,1,NA,NA,NA,55
1972.5,1971.625,0.152407407407407,1,3,1,NA,NA,NA,59
1972.5,1971.875,0.110540540540541,1,4,1,NA,NA,NA,63
1972.5,1972.125,0.09625,1,1,1,NA,NA,NA,67
1972.5,1972.375,0.0853333333333333,1,2,1,NA,NA,NA,71
1972.75,1971.625,0.151,1,3,1,NA,NA,NA,60
1972.75,1971.875,0.11425,1,4,1,NA,NA,NA,64
1972.75,1972.125,0.1,1,1,1,NA,NA,NA,68
1972.75,1972.375,0.0767857142857143,1,2,1,NA,NA,NA,72
1972.75,1972.625,0.065,1,3,1,NA,NA,NA,76
1973,1971.875,0.131627906976744,1,4,1,NA,NA,NA,65
1973,1972.125,0.104358974358974,1,1,1,NA,NA,NA,69
1973,1972.375,0.10125,1,2,1,NA,NA,NA,73
1973,1972.625,0.0857142857142857,1,3,1,NA,NA,NA,77
1973,1972.875,0.0688888888888889,1,4,1,NA,NA,NA,81
1973.25,1972.125,0.135681818181818,1,1,1,NA,NA,NA,70
1973.25,1972.375,0.106590909090909,1,2,1,NA,NA,NA,74
1973.25,1972.625,0.105609756097561,1,3,1,NA,NA,NA,78
1973.25,1972.875,0.0515384615384615,1,4,1,NA,NA,NA,82
1973.25,1973.125,0.104615384615385,1,1,1,NA,NA,NA,86
1973.5,1972.375,0.123333333333333,1,2,1,NA,NA,NA,75
1973.5,1972.625,0.112045454545455,1,3,1,NA,NA,NA,79
1973.5,1972.875,0.0714285714285714,1,4,1,NA,NA,NA,83
1973.5,1973.125,0.0756666666666667,1,1,1,NA,NA,NA,87
1973.5,1973.375,0.0955555555555556,1,2,1,NA,NA,NA,91
1973.75,1972.625,0.1352,1,3,1,1973,3,1,80
1973.75,1972.875,0.117659574468085,1,4,1,1973,3,1,84
1973.75,1973.125,0.0922727272727273,1,1,1,1973,3,1,88
1973.75,1973.375,0.118823529411765,1,2,1,1973,3,1,92
1973.75,1973.625,0.08875,1,3,1,1973,3,1,96
1973.75,1973.749,1,2,5,1,1973,3,1,101
1974,1972.875,0.156730769230769,1,4,1,NA,NA,NA,85
1974,1973.125,0.126724137931034,1,1,1,NA,NA,NA,89
1974,1973.375,0.15537037037037,1,2,1,NA,NA,NA,93
1974,1973.625,0.157142857142857,1,3,1,NA,NA,NA,97
1974,1973.875,0.227368421052632,1,4,1,NA,NA,NA,102
1974.25,1973.125,0.1745,1,1,1,1974,1,1,90
1974.25,1973.375,0.237796610169492,1,2,1,1974,1,1,94
1974.25,1973.625,0.273488372093023,1,3,1,1974,1,1,98
1974.25,1973.875,0.481964285714286,1,4,1,1974,1,1,103
1974.25,1974.125,0.708253968253968,1,1,1,1974,1,1,107
1974.25,1974.249,1,2,5,1,1974,1,1,112
1974.5,1973.375,0.279016393442623,1,2,1,NA,NA,NA,95
1974.5,1973.625,0.296976744186047,1,3,1,NA,NA,NA,99
1974.5,1973.875,0.488245614035088,1,4,1,NA,NA,NA,104
1974.5,1974.125,0.533548387096774,1,1,1,NA,NA,NA,108
1974.5,1974.375,0.519166666666667,1,2,1,NA,NA,NA,113
1974.75,1973.625,0.259302325581395,1,3,1,1974,3,1,100
1974.75,1973.875,0.326037735849057,1,4,1,1974,3,1,105
1974.75,1974.125,0.316666666666667,1,1,1,1974,3,1,109
1974.75,1974.375,0.30875,1,2,1,1974,3,1,114
1974.75,1974.625,0.456296296296296,1,3,1,1974,3,1,118
1974.75,1974.749,1,2,5,1,1974,3,1,122
1975,1973.875,0.245283018867925,1,4,1,1974,4,1,106
1975,1974.125,0.191896551724138,1,1,1,1974,4,1,110
1975,1974.375,0.229777777777778,1,2,1,1974,4,1,115
1975,1974.625,0.354716981132075,1,3,1,1974,4,1,119
1975,1974.875,0.884905660377359,1,4,1,1974,4,1,123
1975,1974.999,1,2,5,1,1974,4,1,128
1975.25,1974.125,0.16625,1,1,1,1975,1,1,111
1975.25,1974.375,0.19046511627907,1,2,1,1975,1,1,116
1975.25,1974.625,0.242830188679245,1,3,1,1975,1,1,120
1975.25,1974.875,0.740566037735849,1,4,1,1975,1,1,124
1975.25,1975.125,0.906888888888889,1,1,1,1975,1,1,129
1975.25,1975.249,1,2,5,1,1975,1,1,134
1975.5,1974.375,0.16075,1,2,1,NA,NA,NA,117
1975.5,1974.625,0.2004,1,3,1,NA,NA,NA,121
1975.5,1974.875,0.489056603773585,1,4,1,NA,NA,NA,125
1975.5,1975.125,0.618444444444444,1,1,1,NA,NA,NA,130
1975.5,1975.375,0.618913043478261,1,2,1,NA,NA,NA,135
1975.75,1974.875,0.287115384615385,1,4,1,NA,NA,NA,126
1975.75,1975.125,0.37,1,1,1,NA,NA,NA,131
1975.75,1975.375,0.318888888888889,1,2,1,NA,NA,NA,136
1975.75,1975.625,0.210555555555556,1,3,1,NA,NA,NA,140
1976,1974.875,0.202127659574468,1,4,1,NA,NA,NA,127
1976,1975.125,0.238372093023256,1,1,1,NA,NA,NA,132
1976,1975.375,0.21,1,2,1,NA,NA,NA,137
1976,1975.625,0.136129032258065,1,3,1,NA,NA,NA,141
1976,1975.875,0.175185185185185,1,4,1,NA,NA,NA,145
1976.25,1975.125,0.186486486486486,1,1,1,NA,NA,NA,133
1976.25,1975.375,0.174117647058824,1,2,1,NA,NA,NA,138
1976.25,1975.625,0.115,1,3,1,NA,NA,NA,142
1976.25,1975.875,0.168,1,4,1,NA,NA,NA,146
1976.25,1976.125,0.103,1,1,1,NA,NA,NA,150
1976.5,1975.375,0.16,1,2,1,NA,NA,NA,139
1976.5,1975.625,0.111666666666667,1,3,1,NA,NA,NA,143
1976.5,1975.875,0.165833333333333,1,4,1,NA,NA,NA,147
1976.5,1976.125,0.1,1,1,1,NA,NA,NA,151
1976.5,1976.375,0.0573333333333333,1,2,1,NA,NA,NA,155
1976.75,1975.625,0.153448275862069,1,3,1,NA,NA,NA,144
1976.75,1975.875,0.186410256410256,1,4,1,NA,NA,NA,148
1976.75,1976.125,0.106216216216216,1,1,1,NA,NA,NA,152
1976.75,1976.375,0.07,1,2,1,NA,NA,NA,156
1976.75,1976.625,0.0836842105263158,1,3,1,NA,NA,NA,160
1977,1975.875,0.231842105263158,1,4,1,NA,NA,NA,149
1977,1976.125,0.143333333333333,1,1,1,NA,NA,NA,153
1977,1976.375,0.0941379310344828,1,2,1,NA,NA,NA,157
1977,1976.625,0.102272727272727,1,3,1,NA,NA,NA,161
1977,1976.875,0.123333333333333,1,4,1,NA,NA,NA,165
1977.25,1976.125,0.20025641025641,1,1,1,NA,NA,NA,154
1977.25,1976.375,0.123888888888889,1,2,1,NA,NA,NA,158
1977.25,1976.625,0.1348,1,3,1,NA,NA,NA,162
1977.25,1976.875,0.114090909090909,1,4,1,NA,NA,NA,166
1977.25,1977.125,0.1704,1,1,1,NA,NA,NA,170
1977.5,1976.375,0.15725,1,2,1,NA,NA,NA,159
1977.5,1976.625,0.169230769230769,1,3,1,NA,NA,NA,163
1977.5,1976.875,0.131818181818182,1,4,1,NA,NA,NA,167
1977.5,1977.125,0.0981818181818182,1,1,1,NA,NA,NA,171
1977.5,1977.375,0.0581818181818182,1,2,1,NA,NA,NA,175
1977.75,1976.625,0.2,1,3,1,NA,NA,NA,164
1977.75,1976.875,0.15,1,4,1,NA,NA,NA,168
1977.75,1977.125,0.0960869565217391,1,1,1,NA,NA,NA,172
1977.75,1977.375,0.0771428571428571,1,2,1,NA,NA,NA,176
1977.75,1977.625,0.0970588235294118,1,3,1,NA,NA,NA,180
1978,1976.875,0.178518518518519,1,4,1,1977,4,1,169
1978,1977.125,0.0976923076923077,1,1,1,1977,4,1,173
1978,1977.375,0.111071428571429,1,2,1,1977,4,1,177
1978,1977.625,0.1188,1,3,1,1977,4,1,181
1978,1977.875,0.087,1,4,1,1977,4,1,185
1978,1977.999,1,2,5,1,1977,4,1,190
1978.25,1977.125,0.151379310344828,1,1,1,NA,NA,NA,174
1978.25,1977.375,0.151388888888889,1,2,1,NA,NA,NA,178
1978.25,1977.625,0.19,1,3,1,NA,NA,NA,182
1978.25,1977.875,0.1265625,1,4,1,NA,NA,NA,186
1978.25,1978.125,0.0741666666666667,1,1,1,NA,NA,NA,191
1978.5,1977.375,0.181578947368421,1,2,1,NA,NA,NA,179
1978.5,1977.625,0.237096774193548,1,3,1,NA,NA,NA,183
1978.5,1977.875,0.171714285714286,1,4,1,NA,NA,NA,187
1978.5,1978.125,0.0961111111111111,1,1,1,NA,NA,NA,192
1978.5,1978.375,0.144285714285714,1,2,1,NA,NA,NA,196
1978.75,1977.625,0.2665625,1,3,1,NA,NA,NA,184
1978.75,1977.875,0.209459459459459,1,4,1,NA,NA,NA,188
1978.75,1978.125,0.1405,1,1,1,NA,NA,NA,193
1978.75,1978.375,0.120384615384615,1,2,1,NA,NA,NA,197
1978.75,1978.625,0.0913333333333333,1,3,1,NA,NA,NA,201
1979,1977.875,0.25078947368421,1,4,1,NA,NA,NA,189
1979,1978.125,0.202173913043478,1,1,1,NA,NA,NA,194
1979,1978.375,0.170714285714286,1,2,1,NA,NA,NA,198
1979,1978.625,0.123333333333333,1,3,1,NA,NA,NA,202
1979,1978.875,0.0978571428571429,1,4,1,NA,NA,NA,206
1979.25,1978.125,0.262173913043478,1,1,1,NA,NA,NA,195
1979.25,1978.375,0.255172413793103,1,2,1,NA,NA,NA,199
1979.25,1978.625,0.24037037037037,1,3,1,NA,NA,NA,203
1979.25,1978.875,0.248,1,4,1,NA,NA,NA,207
1979.25,1979.125,0.186818181818182,1,1,1,NA,NA,NA,211
1979.5,1978.375,0.312666666666667,1,2,1,NA,NA,NA,200
1979.5,1978.625,0.306153846153846,1,3,1,NA,NA,NA,204
1979.5,1978.875,0.373076923076923,1,4,1,NA,NA,NA,208
1979.5,1979.125,0.278965517241379,1,1,1,NA,NA,NA,212
1979.5,1979.375,0.236071428571429,1,2,1,NA,NA,NA,216
1979.75,1978.625,0.326923076923077,1,3,1,NA,NA,NA,205
1979.75,1978.875,0.412,1,4,1,NA,NA,NA,209
1979.75,1979.125,0.441290322580645,1,1,1,NA,NA,NA,213
1979.75,1979.375,0.41969696969697,1,2,1,NA,NA,NA,217
1979.75,1979.625,0.702352941176471,1,3,1,NA,NA,NA,221
1980,1978.875,0.3868,1,4,1,NA,NA,NA,210
1980,1979.125,0.424137931034483,1,1,1,NA,NA,NA,214
1980,1979.375,0.4978125,1,2,1,NA,NA,NA,218
1980,1979.625,0.672424242424242,1,3,1,NA,NA,NA,222
1980,1979.875,0.654193548387097,1,4,1,NA,NA,NA,226
1980.25,1979.125,0.354137931034483,1,1,1,NA,NA,NA,215
1980.25,1979.375,0.3971875,1,2,1,NA,NA,NA,219
1980.25,1979.625,0.525757575757576,1,3,1,NA,NA,NA,223
1980.25,1979.875,0.70125,1,4,1,NA,NA,NA,227
1980.25,1980.125,0.38,1,1,1,NA,NA,NA,231
1980.5,1979.375,0.29258064516129,1,2,1,1980,2,1,220
1980.5,1979.625,0.295454545454545,1,3,1,1980,2,1,224
1980.5,1979.875,0.588,1,4,1,1980,2,1,228
1980.5,1980.125,0.525,1,1,1,1980,2,1,232
1980.5,1980.375,0.866666666666667,1,2,1,1980,2,1,236
1980.5,1980.499,1,2,5,1,1980,2,1,241
1980.75,1979.625,0.191785714285714,1,3,1,1980,3,1,225
1980.75,1979.875,0.339655172413793,1,4,1,1980,3,1,229
1980.75,1980.125,0.533846153846154,1,1,1,1980,3,1,233
1980.75,1980.375,0.722592592592593,1,2,1,1980,3,1,237
1980.75,1980.625,0.75,1,3,1,1980,3,1,242
1980.75,1980.749,1,2,5,1,1980,3,1,247
1981,1979.875,0.188571428571429,1,4,1,NA,NA,NA,230
1981,1980.125,0.3896,1,1,1,NA,NA,NA,234
1981,1980.375,0.549259259259259,1,2,1,NA,NA,NA,238
1981,1980.625,0.521739130434783,1,3,1,NA,NA,NA,243
1981,1980.875,0.277307692307692,1,4,1,NA,NA,NA,248
1981.25,1980.125,0.3136,1,1,1,NA,NA,NA,235
1981.25,1980.375,0.346296296296296,1,2,1,NA,NA,NA,239
1981.25,1980.625,0.347727272727273,1,3,1,NA,NA,NA,244
1981.25,1980.875,0.391071428571429,1,4,1,NA,NA,NA,249
1981.25,1981.125,0.278666666666667,1,1,1,NA,NA,NA,253
1981.5,1980.375,0.241153846153846,1,2,1,1981,2,1,240
1981.5,1980.625,0.195454545454545,1,3,1,1981,2,1,245
1981.5,1980.875,0.261851851851852,1,4,1,1981,2,1,250
1981.5,1981.125,0.343823529411765,1,1,1,1981,2,1,254
1981.5,1981.375,0.381470588235294,1,2,1,1981,2,1,258
1981.5,1981.499,1,2,5,1,1981,2,1,263
1981.75,1980.625,0.127777777777778,1,3,1,NA,NA,NA,246
1981.75,1980.875,0.174,1,4,1,NA,NA,NA,251
1981.75,1981.125,0.204333333333333,1,1,1,NA,NA,NA,255
1981.75,1981.375,0.239090909090909,1,2,1,NA,NA,NA,259
1981.75,1981.625,0.6184375,1,3,1,NA,NA,NA,264
1982,1980.875,0.170434782608696,1,4,1,1981,4,1,252
1982,1981.125,0.138888888888889,1,1,1,1981,4,1,256
1982,1981.375,0.170714285714286,1,2,1,1981,4,1,260
1982,1981.625,0.351785714285714,1,3,1,1981,4,1,265
1982,1981.875,0.854444444444444,1,4,1,1981,4,1,269
1982,1981.999,1,2,5,1,1981,4,1,274
1982.25,1981.125,0.1176,1,1,1,1982,1,1,257
1982.25,1981.375,0.151785714285714,1,2,1,1982,1,1,261
1982.25,1981.625,0.255555555555556,1,3,1,1982,1,1,266
1982.25,1981.875,0.581111111111111,1,4,1,1982,1,1,270
1982.25,1982.125,0.860571428571429,1,1,1,1982,1,1,275
1982.25,1982.249,1,2,5,1,1982,1,1,280
1982.5,1981.375,0.167142857142857,1,2,1,NA,NA,NA,262
1982.5,1981.625,0.219642857142857,1,3,1,NA,NA,NA,267
1982.5,1981.875,0.342857142857143,1,4,1,NA,NA,NA,271
1982.5,1982.125,0.448484848484848,1,1,1,NA,NA,NA,276
1982.5,1982.375,0.576666666666667,1,2,1,NA,NA,NA,281
1982.75,1981.625,0.177777777777778,1,3,1,1982,3,1,268
1982.75,1981.875,0.197297297297297,1,4,1,1982,3,1,272
1982.75,1982.125,0.21875,1,1,1,1982,3,1,277
1982.75,1982.375,0.2975,1,2,1,1982,3,1,282
1982.75,1982.625,0.295714285714286,1,3,1,1982,3,1,286
1982.75,1982.749,1,2,5,1,1982,3,1,291
1983,1981.875,0.152857142857143,1,4,1,NA,NA,NA,273
1983,1982.125,0.201666666666667,1,1,1,NA,NA,NA,278
1983,1982.375,0.173055555555556,1,2,1,NA,NA,NA,283
1983,1982.625,0.301463414634146,1,3,1,NA,NA,NA,287
1983,1982.875,0.374545454545455,1,4,1,NA,NA,NA,292
1983.25,1982.125,0.214137931034483,1,1,1,NA,NA,NA,279
1983.25,1982.375,0.223888888888889,1,2,1,NA,NA,NA,284
1983.25,1982.625,0.212972972972973,1,3,1,NA,NA,NA,288
1983.25,1982.875,0.383783783783784,1,4,1,NA,NA,NA,293
1983.25,1983.125,0.1628,1,1,1,NA,NA,NA,297
1983.5,1982.375,0.250277777777778,1,2,1,NA,NA,NA,285
1983.5,1982.625,0.215135135135135,1,3,1,NA,NA,NA,289
1983.5,1982.875,0.281944444444444,1,4,1,NA,NA,NA,294
1983.5,1983.125,0.160322580645161,1,1,1,NA,NA,NA,298
1983.5,1983.375,0.0992307692307692,1,2,1,NA,NA,NA,302
1983.75,1982.625,0.208918918918919,1,3,1,NA,NA,NA,290
1983.75,1982.875,0.208285714285714,1,4,1,NA,NA,NA,295
1983.75,1983.125,0.1575,1,1,1,NA,NA,NA,299
1983.75,1983.375,0.0917857142857143,1,2,1,NA,NA,NA,303
1983.75,1983.625,0.0766666666666667,1,3,1,NA,NA,NA,307
1984,1982.875,0.187941176470588,1,4,1,NA,NA,NA,296
1984,1983.125,0.1628125,1,1,1,NA,NA,NA,300
1984,1983.375,0.108484848484848,1,2,1,NA,NA,NA,304
1984,1983.625,0.101,1,3,1,NA,NA,NA,308
1984,1983.875,0.07,1,4,1,NA,NA,NA,312
1984.25,1983.125,0.163125,1,1,1,NA,NA,NA,301
1984.25,1983.375,0.142352941176471,1,2,1,NA,NA,NA,305
1984.25,1983.625,0.174074074074074,1,3,1,NA,NA,NA,309
1984.25,1983.875,0.103571428571429,1,4,1,NA,NA,NA,313
1984.25,1984.125,0.0584615384615385,1,1,1,NA,NA,NA,317
1984.5,1983.375,0.151818181818182,1,2,1,NA,NA,NA,306
1984.5,1983.625,0.195185185185185,1,3,1,NA,NA,NA,310
1984.5,1983.875,0.123529411764706,1,4,1,NA,NA,NA,314
1984.5,1984.125,0.100434782608696,1,1,1,NA,NA,NA,318
1984.5,1984.375,0.0826666666666667,1,2,1,NA,NA,NA,322
1984.75,1983.625,0.196153846153846,1,3,1,NA,NA,NA,311
1984.75,1983.875,0.148181818181818,1,4,1,NA,NA,NA,315
1984.75,1984.125,0.148333333333333,1,1,1,NA,NA,NA,319
1984.75,1984.375,0.11625,1,2,1,NA,NA,NA,323
1984.75,1984.625,0.0775,1,3,1,NA,NA,NA,327
1985,1983.875,0.179117647058824,1,4,1,NA,NA,NA,316
1985,1984.125,0.198461538461538,1,1,1,NA,NA,NA,320
1985,1984.375,0.161851851851852,1,2,1,NA,NA,NA,324
1985,1984.625,0.146875,1,3,1,NA,NA,NA,328
1985,1984.875,0.238695652173913,1,4,1,NA,NA,NA,332
1985.25,1984.125,0.2356,1,1,1,NA,NA,NA,321
1985.25,1984.375,0.228333333333333,1,2,1,NA,NA,NA,325
1985.25,1984.625,0.15625,1,3,1,NA,NA,NA,329
1985.25,1984.875,0.233076923076923,1,4,1,NA,NA,NA,333
1985.25,1985.125,0.0766666666666667,1,1,1,NA,NA,NA,337
1985.5,1984.375,0.308333333333333,1,2,1,NA,NA,NA,326
1985.5,1984.625,0.205555555555556,1,3,1,NA,NA,NA,330
1985.5,1984.875,0.194444444444444,1,4,1,NA,NA,NA,334
1985.5,1985.125,0.099,1,1,1,NA,NA,NA,338
1985.5,1985.375,0.141052631578947,1,2,1,NA,NA,NA,342
1985.75,1984.625,0.3,1,3,1,NA,NA,NA,331
1985.75,1984.875,0.197037037037037,1,4,1,NA,NA,NA,335
1985.75,1985.125,0.133333333333333,1,1,1,NA,NA,NA,339
1985.75,1985.375,0.158695652173913,1,2,1,NA,NA,NA,343
1985.75,1985.625,0.137391304347826,1,3,1,NA,NA,NA,347
1986,1984.875,0.216666666666667,1,4,1,NA,NA,NA,336
1986,1985.125,0.17952380952381,1,1,1,NA,NA,NA,340
1986,1985.375,0.187391304347826,1,2,1,NA,NA,NA,344
1986,1985.625,0.157692307692308,1,3,1,NA,NA,NA,348
1986,1985.875,0.104666666666667,1,4,1,NA,NA,NA,352
1986.25,1985.125,0.22,1,1,1,NA,NA,NA,341
1986.25,1985.375,0.226923076923077,1,2,1,NA,NA,NA,345
1986.25,1985.625,0.201538461538462,1,3,1,NA,NA,NA,349
1986.25,1985.875,0.1635,1,4,1,NA,NA,NA,353
1986.25,1986.125,0.120833333333333,1,1,1,NA,NA,NA,357
1986.5,1985.375,0.282692307692308,1,2,1,NA,NA,NA,346
1986.5,1985.625,0.241153846153846,1,3,1,NA,NA,NA,350
1986.5,1985.875,0.191818181818182,1,4,1,NA,NA,NA,354
1986.5,1986.125,0.151111111111111,1,1,1,NA,NA,NA,358
1986.5,1986.375,0.200666666666667,1,2,1,NA,NA,NA,362
1986.75,1985.625,0.282307692307692,1,3,1,NA,NA,NA,351
1986.75,1985.875,0.212727272727273,1,4,1,NA,NA,NA,355
1986.75,1986.125,0.153888888888889,1,1,1,NA,NA,NA,359
1986.75,1986.375,0.126190476190476,1,2,1,NA,NA,NA,363
1986.75,1986.625,0.23875,1,3,1,NA,NA,NA,367
1987,1985.875,0.239545454545455,1,4,1,NA,NA,NA,356
1987,1986.125,0.196,1,1,1,NA,NA,NA,360
1987,1986.375,0.151818181818182,1,2,1,NA,NA,NA,364
1987,1986.625,0.210555555555556,1,3,1,NA,NA,NA,368
1987,1986.875,0.134666666666667,1,4,1,NA,NA,NA,372
1987.25,1986.125,0.261904761904762,1,1,1,NA,NA,NA,361
1987.25,1986.375,0.205,1,2,1,NA,NA,NA,365
1987.25,1986.625,0.251052631578947,1,3,1,NA,NA,NA,369
1987.25,1986.875,0.234285714285714,1,4,1,NA,NA,NA,373
1987.25,1987.125,0.151,1,1,1,NA,NA,NA,377
1987.5,1986.375,0.265833333333333,1,2,1,NA,NA,NA,366
1987.5,1986.625,0.248947368421053,1,3,1,NA,NA,NA,370
1987.5,1986.875,0.190909090909091,1,4,1,NA,NA,NA,374
1987.5,1987.125,0.143076923076923,1,1,1,NA,NA,NA,378
1987.5,1987.375,0.205555555555556,1,2,1,NA,NA,NA,382
1987.75,1986.625,0.263684210526316,1,3,1,NA,NA,NA,371
1987.75,1986.875,0.189,1,4,1,NA,NA,NA,375
1987.75,1987.125,0.156,1,1,1,NA,NA,NA,379
1987.75,1987.375,0.173,1,2,1,NA,NA,NA,383
1987.75,1987.625,0.125454545454545,1,3,1,NA,NA,NA,387
1988,1986.875,0.1885,1,4,1,NA,NA,NA,376
1988,1987.125,0.193571428571429,1,1,1,NA,NA,NA,380
1988,1987.375,0.19,1,2,1,NA,NA,NA,384
1988,1987.625,0.112,1,3,1,NA,NA,NA,388
1988,1987.875,0.247,1,4,1,NA,NA,NA,392
1988.25,1987.125,0.252666666666667,1,1,1,NA,NA,NA,381
1988.25,1987.375,0.24375,1,2,1,NA,NA,NA,385
1988.25,1987.625,0.137058823529412,1,3,1,NA,NA,NA,389
1988.25,1987.875,0.313529411764706,1,4,1,NA,NA,NA,393
1988.25,1988.125,0.457692307692308,1,1,1,NA,NA,NA,397
1988.5,1987.375,0.305,1,2,1,NA,NA,NA,386
1988.5,1987.625,0.233333333333333,1,3,1,NA,NA,NA,390
1988.5,1987.875,0.316470588235294,1,4,1,NA,NA,NA,394
1988.5,1988.125,0.392857142857143,1,1,1,NA,NA,NA,398
1988.5,1988.375,0.146,1,2,1,NA,NA,NA,402
1988.75,1987.625,0.29,1,3,1,NA,NA,NA,391
1988.75,1987.875,0.243125,1,4,1,NA,NA,NA,395
1988.75,1988.125,0.26,1,1,1,NA,NA,NA,399
1988.75,1988.375,0.178461538461538,1,2,1,NA,NA,NA,403
1988.75,1988.625,0.11625,1,3,1,NA,NA,NA,407
1989,1987.875,0.296875,1,4,1,NA,NA,NA,396
1989,1988.125,0.277142857142857,1,1,1,NA,NA,NA,400
1989,1988.375,0.192,1,2,1,NA,NA,NA,404
1989,1988.625,0.131818181818182,1,3,1,NA,NA,NA,408
1989,1988.875,0.084,1,4,1,NA,NA,NA,412
1989.25,1988.125,0.3,1,1,1,NA,NA,NA,401
1989.25,1988.375,0.270666666666667,1,2,1,NA,NA,NA,405
1989.25,1988.625,0.158,1,3,1,NA,NA,NA,409
1989.25,1988.875,0.109166666666667,1,4,1,NA,NA,NA,413
1989.25,1989.125,0.102857142857143,1,1,1,NA,NA,NA,417
1989.5,1988.375,0.308666666666667,1,2,1,NA,NA,NA,406
1989.5,1988.625,0.232666666666667,1,3,1,NA,NA,NA,410
1989.5,1988.875,0.190769230769231,1,4,1,NA,NA,NA,414
1989.5,1989.125,0.165714285714286,1,1,1,NA,NA,NA,418
1989.5,1989.375,0.218181818181818,1,2,1,NA,NA,NA,422
1989.75,1988.625,0.274,1,3,1,NA,NA,NA,411
1989.75,1988.875,0.215384615384615,1,4,1,NA,NA,NA,415
1989.75,1989.125,0.208666666666667,1,1,1,NA,NA,NA,419
1989.75,1989.375,0.217857142857143,1,2,1,NA,NA,NA,423
1989.75,1989.625,0.184444444444444,1,3,1,NA,NA,NA,427
1990,1988.875,0.238461538461538,1,4,1,NA,NA,NA,416
1990,1989.125,0.295625,1,1,1,NA,NA,NA,420
1990,1989.375,0.276,1,2,1,NA,NA,NA,424
1990,1989.625,0.212727272727273,1,3,1,NA,NA,NA,428
1990,1989.875,0.275714285714286,1,4,1,NA,NA,NA,432
1990.25,1989.125,0.336666666666667,1,1,1,NA,NA,NA,421
1990.25,1989.375,0.3,1,2,1,NA,NA,NA,425
1990.25,1989.625,0.245384615384615,1,3,1,NA,NA,NA,429
1990.25,1989.875,0.327142857142857,1,4,1,NA,NA,NA,433
1990.25,1990.125,0.285,1,1,1,NA,NA,NA,437
1990.5,1989.375,0.30625,1,2,1,NA,NA,NA,426
1990.5,1989.625,0.316923076923077,1,3,1,NA,NA,NA,430
1990.5,1989.875,0.280714285714286,1,4,1,NA,NA,NA,434
1990.5,1990.125,0.286363636363636,1,1,1,NA,NA,NA,438
1990.5,1990.375,0.2,1,2,1,NA,NA,NA,442
1990.75,1989.625,0.313846153846154,1,3,1,1990,3,1,431
1990.75,1989.875,0.220714285714286,1,4,1,1990,3,1,435
1990.75,1990.125,0.215454545454545,1,1,1,1990,3,1,439
1990.75,1990.375,0.208333333333333,1,2,1,1990,3,1,443
1990.75,1990.625,0.37,1,3,1,1990,3,1,447
1990.75,1990.749,1,2,5,1,1990,3,1,452
1991,1989.875,0.181428571428571,1,4,1,1990,4,1,436
1991,1990.125,0.209090909090909,1,1,1,1990,4,1,440
1991,1990.375,0.307142857142857,1,2,1,1990,4,1,444
1991,1990.625,0.45,1,3,1,1990,4,1,448
1991,1990.875,0.735862068965517,1,4,1,1990,4,1,453
1991,1990.999,1,2,5,1,1990,4,1,458
1991.25,1990.125,0.206666666666667,1,1,1,1991,1,1,441
1991.25,1990.375,0.264285714285714,1,2,1,1991,1,1,445
1991.25,1990.625,0.395833333333333,1,3,1,1991,1,1,449
1991.25,1990.875,0.724137931034483,1,4,1,1991,1,1,454
1991.25,1991.125,0.863823529411765,1,1,1,1991,1,1,459
1991.25,1991.249,1,2,5,1,1991,1,1,464
1991.5,1990.375,0.233333333333333,1,2,1,NA,NA,NA,446
1991.5,1990.625,0.325,1,3,1,NA,NA,NA,450
1991.5,1990.875,0.563793103448276,1,4,1,NA,NA,NA,455
1991.5,1991.125,0.605882352941176,1,1,1,NA,NA,NA,460
1991.5,1991.375,0.60175,1,2,1,NA,NA,NA,465
1991.75,1990.625,0.241666666666667,1,3,1,NA,NA,NA,451
1991.75,1990.875,0.353448275862069,1,4,1,NA,NA,NA,456
1991.75,1991.125,0.339705882352941,1,1,1,NA,NA,NA,461
1991.75,1991.375,0.3125,1,2,1,NA,NA,NA,466
1991.75,1991.625,0.198888888888889,1,3,1,NA,NA,NA,470
1992,1990.875,0.228571428571429,1,4,1,NA,NA,NA,457
1992,1991.125,0.203125,1,1,1,NA,NA,NA,462
1992,1991.375,0.180263157894737,1,2,1,NA,NA,NA,467
1992,1991.625,0.211111111111111,1,3,1,NA,NA,NA,471
1992,1991.875,0.338857142857143,1,4,1,NA,NA,NA,475
1992.25,1991.125,0.146666666666667,1,1,1,NA,NA,NA,463
1992.25,1991.375,0.141212121212121,1,2,1,NA,NA,NA,468
1992.25,1991.625,0.186538461538462,1,3,1,NA,NA,NA,472
1992.25,1991.875,0.284411764705882,1,4,1,NA,NA,NA,476
1992.25,1992.125,0.441891891891892,1,1,1,NA,NA,NA,480
1992.5,1991.375,0.130606060606061,1,2,1,NA,NA,NA,469
1992.5,1991.625,0.1712,1,3,1,NA,NA,NA,473
1992.5,1991.875,0.179032258064516,1,4,1,NA,NA,NA,477
1992.5,1992.125,0.258108108108108,1,1,1,NA,NA,NA,481
1992.5,1992.375,0.112758620689655,1,2,1,NA,NA,NA,485
1992.75,1991.625,0.17,1,3,1,NA,NA,NA,474
1992.75,1991.875,0.14625,1,4,1,NA,NA,NA,478
1992.75,1992.125,0.148529411764706,1,1,1,NA,NA,NA,482
1992.75,1992.375,0.134193548387097,1,2,1,NA,NA,NA,486
1992.75,1992.625,0.139677419354839,1,3,1,NA,NA,NA,490
1993,1991.875,0.136129032258065,1,4,1,NA,NA,NA,479
1993,1992.125,0.1253125,1,1,1,NA,NA,NA,483
1993,1992.375,0.134193548387097,1,2,1,NA,NA,NA,487
1993,1992.625,0.174193548387097,1,3,1,NA,NA,NA,491
1993,1992.875,0.15,1,4,1,NA,NA,NA,495
1993.25,1992.125,0.126333333333333,1,1,1,NA,NA,NA,484
1993.25,1992.375,0.129032258064516,1,2,1,NA,NA,NA,488
1993.25,1992.625,0.146333333333333,1,3,1,NA,NA,NA,492
1993.25,1992.875,0.131515151515152,1,4,1,NA,NA,NA,496
1993.25,1993.125,0.0747333333333333,1,1,1,NA,NA,NA,500
1993.5,1992.375,0.151333333333333,1,2,1,NA,NA,NA,489
1993.5,1992.625,0.132,1,3,1,NA,NA,NA,493
1993.5,1992.875,0.124914285714286,1,4,1,NA,NA,NA,497
1993.5,1993.125,0.0865909090909091,1,1,1,NA,NA,NA,501
1993.5,1993.375,0.0998076923076923,1,2,1,NA,NA,NA,505
1993.75,1992.625,0.122068965517241,1,3,1,NA,NA,NA,494
1993.75,1992.875,0.113529411764706,1,4,1,NA,NA,NA,498
1993.75,1993.125,0.0866666666666667,1,1,1,NA,NA,NA,502
1993.75,1993.375,0.1075,1,2,1,NA,NA,NA,506
1993.75,1993.625,0.0883333333333333,1,3,1,NA,NA,NA,510
1994,1992.875,0.117941176470588,1,4,1,NA,NA,NA,499
1994,1993.125,0.104285714285714,1,1,1,NA,NA,NA,503
1994,1993.375,0.122692307692308,1,2,1,NA,NA,NA,507
1994,1993.625,0.107676419354839,1,3,1,NA,NA,NA,511
1994,1993.875,0.0891666666666667,1,4,1,NA,NA,NA,515
1994.25,1993.125,0.1225,1,1,1,NA,NA,NA,504
1994.25,1993.375,0.141,1,2,1,NA,NA,NA,508
1994.25,1993.625,0.153870967741935,1,3,1,NA,NA,NA,512
1994.25,1993.875,0.0974,1,4,1,NA,NA,NA,516
1994.25,1994.125,0.0773333333333333,1,1,1,NA,NA,NA,520
1994.5,1993.375,0.160333333333333,1,2,1,NA,NA,NA,509
1994.5,1993.625,0.1866992,1,3,1,NA,NA,NA,513
1994.5,1993.875,0.138265633333333,1,4,1,NA,NA,NA,517
1994.5,1994.125,0.068125,1,1,1,NA,NA,NA,521
1994.5,1994.375,0.0791666666666667,1,2,1,NA,NA,NA,525
1994.75,1993.625,0.1670664,1,3,1,NA,NA,NA,514
1994.75,1993.875,0.136,1,4,1,NA,NA,NA,518
1994.75,1994.125,0.08,1,1,1,NA,NA,NA,522
1994.75,1994.375,0.0930434782608696,1,2,1,NA,NA,NA,526
1994.75,1994.625,0.104823529411765,1,3,1,NA,NA,NA,530
1995,1993.875,0.140550931034483,1,4,1,NA,NA,NA,519
1995,1994.125,0.0904545454545455,1,1,1,NA,NA,NA,523
1995,1994.375,0.108928571428571,1,2,1,NA,NA,NA,527
1995,1994.625,0.110047571428571,1,3,1,NA,NA,NA,531
1995,1994.875,0.0559089090909091,1,4,1,NA,NA,NA,535
1995.25,1994.125,0.122727272727273,1,1,1,NA,NA,NA,524
1995.25,1994.375,0.145862068965517,1,2,1,NA,NA,NA,528
1995.25,1994.625,0.144537269230769,1,3,1,NA,NA,NA,532
1995.25,1994.875,0.104090818181818,1,4,1,NA,NA,NA,536
1995.25,1995.125,0.074714,1,1,1,NA,NA,NA,540
1995.5,1994.375,0.164137931034483,1,2,1,NA,NA,NA,529
1995.5,1994.625,0.169845269230769,1,3,1,NA,NA,NA,533
1995.5,1994.875,0.145291333333333,1,4,1,NA,NA,NA,537
1995.5,1995.125,0.105833333333333,1,1,1,NA,NA,NA,541
1995.5,1995.375,0.156,1,2,1,NA,NA,NA,545
1995.75,1994.625,0.180807653846154,1,3,1,NA,NA,NA,534
1995.75,1994.875,0.1762,1,4,1,NA,NA,NA,538
1995.75,1995.125,0.134272681818182,1,1,1,NA,NA,NA,542
1995.75,1995.375,0.137560975609756,1,2,1,NA,NA,NA,546
1995.75,1995.625,0.140441176470588,1,3,1,NA,NA,NA,550
1996,1994.875,0.222083333333333,1,4,1,NA,NA,NA,539
1996,1995.125,0.171652086956522,1,1,1,NA,NA,NA,543
1996,1995.375,0.14825,1,2,1,NA,NA,NA,547
1996,1995.625,0.151296459459459,1,3,1,NA,NA,NA,551
1996,1995.875,0.129413793103448,1,4,1,NA,NA,NA,555
1996.25,1995.125,0.19686947826087,1,1,1,NA,NA,NA,544
1996.25,1995.375,0.185853658536585,1,2,1,NA,NA,NA,548
1996.25,1995.625,0.180574225,1,3,1,NA,NA,NA,552
1996.25,1995.875,0.140157868421053,1,4,1,NA,NA,NA,556
1996.25,1996.125,0.307636121212121,1,1,1,NA,NA,NA,560
1996.5,1995.375,0.216341463414634,1,2,1,NA,NA,NA,549
1996.5,1995.625,0.188804317073171,1,3,1,NA,NA,NA,553
1996.5,1995.875,0.191333333333333,1,4,1,NA,NA,NA,557
1996.5,1996.125,0.201529411764706,1,1,1,NA,NA,NA,561
1996.5,1996.375,0.0995776842105263,1,2,1,NA,NA,NA,565
1996.75,1995.625,0.212292292682927,1,3,1,NA,NA,NA,554
1996.75,1995.875,0.212925,1,4,1,NA,NA,NA,558
1996.75,1996.125,0.178735294117647,1,1,1,NA,NA,NA,562
1996.75,1996.375,0.11724928125,1,2,1,NA,NA,NA,566
1996.75,1996.625,0.136315789473684,1,3,1,NA,NA,NA,570
1997,1995.875,0.2360996,1,4,1,NA,NA,NA,559
1997,1996.125,0.193757090909091,1,1,1,NA,NA,NA,563
1997,1996.375,0.156832694444444,1,2,1,NA,NA,NA,567
1997,1996.625,0.141999178571429,1,3,1,NA,NA,NA,571
1997,1996.875,0.108695652173913,1,4,1,NA,NA,NA,575
1997.25,1996.125,0.2180285,1,1,1,NA,NA,NA,564
1997.25,1996.375,0.198582888888889,1,2,1,NA,NA,NA,568
1997.25,1996.625,0.171656257142857,1,3,1,NA,NA,NA,572
1997.25,1996.875,0.137692307692308,1,4,1,NA,NA,NA,576
1997.25,1997.125,0.109545454545455,1,1,1,NA,NA,NA,580
1997.5,1996.375,0.250285714285714,1,2,1,NA,NA,NA,569
1997.5,1996.625,0.220227685714286,1,3,1,NA,NA,NA,573
1997.5,1996.875,0.160645161290323,1,4,1,NA,NA,NA,577
1997.5,1997.125,0.128666666666667,1,1,1,NA,NA,NA,581
1997.5,1997.375,0.14804347826087,1,2,1,NA,NA,NA,585
1997.75,1996.625,0.254656257142857,1,3,1,NA,NA,NA,574
1997.75,1996.875,0.21328125,1,4,1,NA,NA,NA,578
1997.75,1997.125,0.1628125,1,1,1,NA,NA,NA,582
1997.75,1997.375,0.134379310344828,1,2,1,NA,NA,NA,586
1997.75,1997.625,0.06175,1,3,1,NA,NA,NA,590
1998,1996.875,0.236129032258065,1,4,1,NA,NA,NA,579
1998,1997.125,0.191060606060606,1,1,1,NA,NA,NA,583
1998,1997.375,0.145705852941176,1,2,1,NA,NA,NA,587
1998,1997.625,0.0912068965517241,1,3,1,NA,NA,NA,591
1998,1997.875,0.0673684210526316,1,4,1,NA,NA,NA,595
1998.25,1997.125,0.222121212121212,1,1,1,NA,NA,NA,584
1998.25,1997.375,0.200582694444444,1,2,1,NA,NA,NA,588
1998.25,1997.625,0.136666666666667,1,3,1,NA,NA,NA,592
1998.25,1997.875,0.116,1,4,1,NA,NA,NA,596
1998.25,1998.125,0.081875,1,1,1,NA,NA,NA,600
1998.5,1997.375,0.232610666666667,1,2,1,NA,NA,NA,589
1998.5,1997.625,0.170294117647059,1,3,1,NA,NA,NA,593
1998.5,1997.875,0.14,1,4,1,NA,NA,NA,597
1998.5,1998.125,0.108695652173913,1,1,1,NA,NA,NA,601
1998.5,1998.375,0.09125,1,2,1,NA,NA,NA,605
1998.75,1997.625,0.205294117647059,1,3,1,NA,NA,NA,594
1998.75,1997.875,0.170294117647059,1,4,1,NA,NA,NA,598
1998.75,1998.125,0.124285714285714,1,1,1,NA,NA,NA,602
1998.75,1998.375,0.0971428571428571,1,2,1,NA,NA,NA,606
1998.75,1998.625,0.159166666666667,1,3,1,NA,NA,NA,610
1999,1997.875,0.197647058823529,1,4,1,NA,NA,NA,599
1999,1998.125,0.145862068965517,1,1,1,NA,NA,NA,603
1999,1998.375,0.127307692307692,1,2,1,NA,NA,NA,607
1999,1998.625,0.165833333333333,1,3,1,NA,NA,NA,611
1999,1998.875,0.0933333333333333,1,4,1,NA,NA,NA,615
1999.25,1998.125,0.159655172413793,1,1,1,NA,NA,NA,604
1999.25,1998.375,0.158518518518519,1,2,1,NA,NA,NA,608
1999.25,1998.625,0.181586206896552,1,3,1,NA,NA,NA,612
1999.25,1998.875,0.174115384615385,1,4,1,NA,NA,NA,616
1999.25,1999.125,0.0728571428571429,1,1,1,NA,NA,NA,620
1999.5,1998.375,0.179259259259259,1,2,1,NA,NA,NA,609
1999.5,1998.625,0.191586206896552,1,3,1,NA,NA,NA,613
1999.5,1998.875,0.209518518518519,1,4,1,NA,NA,NA,617
1999.5,1999.125,0.0942307692307692,1,1,1,NA,NA,NA,621
1999.5,1999.375,0.059375,1,2,1,NA,NA,NA,625
1999.75,1998.625,0.1867,1,3,1,NA,NA,NA,614
1999.75,1998.875,0.218428571428571,1,4,1,NA,NA,NA,618
1999.75,1999.125,0.128965517241379,1,1,1,NA,NA,NA,622
1999.75,1999.375,0.0723076923076923,1,2,1,NA,NA,NA,626
1999.75,1999.625,0.05,1,3,1,NA,NA,NA,630
2000,1998.875,0.206607142857143,1,4,1,NA,NA,NA,619
2000,1999.125,0.151,1,1,1,NA,NA,NA,623
2000,1999.375,0.102857142857143,1,2,1,NA,NA,NA,627
2000,1999.625,0.0835714285714286,1,3,1,NA,NA,NA,631
2000,1999.875,0.0513888888888889,1,4,1,NA,NA,NA,635
2000.25,1999.125,0.274666666666667,1,1,1,NA,NA,NA,624
2000.25,1999.375,0.27741935483871,1,2,1,NA,NA,NA,628
2000.25,1999.625,0.256363636363636,1,3,1,NA,NA,NA,632
2000.25,1999.875,0.226666666666667,1,4,1,NA,NA,NA,636
2000.25,2000.125,0.114,1,1,1,NA,NA,NA,640
2000.5,1999.375,0.216451612903226,1,2,1,NA,NA,NA,629
2000.5,1999.625,0.179117647058824,1,3,1,NA,NA,NA,633
2000.5,1999.875,0.150285714285714,1,4,1,NA,NA,NA,637
2000.5,2000.125,0.0842307692307692,1,1,1,NA,NA,NA,641
2000.5,2000.375,0.0364285714285714,1,2,1,NA,NA,NA,645
2000.75,1999.625,0.177363636363636,1,3,1,NA,NA,NA,634
2000.75,1999.875,0.154857142857143,1,4,1,NA,NA,NA,638
2000.75,2000.125,0.118148148148148,1,1,1,NA,NA,NA,642
2000.75,2000.375,0.0654545454545455,1,2,1,NA,NA,NA,646
2000.75,2000.625,0.0491666666666667,1,3,1,NA,NA,NA,650
2001,1999.875,0.171111111111111,1,4,1,NA,NA,NA,639
2001,2000.125,0.155,1,1,1,NA,NA,NA,643
2001,2000.375,0.107037037037037,1,2,1,NA,NA,NA,647
2001,2000.625,0.0852173913043478,1,3,1,NA,NA,NA,651
2001,2000.875,0.081875,1,4,1,NA,NA,NA,655
2001.25,2000.125,0.184838709677419,1,1,1,2001,1,1,644
2001.25,2000.375,0.164137931034483,1,2,1,2001,1,1,648
2001.25,2000.625,0.135172413793103,1,3,1,2001,1,1,652
2001.25,2000.875,0.120344827586207,1,4,1,2001,1,1,656
2001.25,2001.125,0.404285714285714,1,1,1,2001,1,1,660
2001.25,2001.249,1,2,5,1,2001,1,1,665
2001.5,2000.375,0.193448275862069,1,2,1,NA,NA,NA,649
2001.5,2000.625,0.1555,1,3,1,NA,NA,NA,653
2001.5,2000.875,0.173870967741936,1,4,1,NA,NA,NA,657
2001.5,2001.125,0.316483870967742,1,1,1,NA,NA,NA,661
2001.5,2001.375,0.3532,1,2,1,NA,NA,NA,666
2001.75,2000.625,0.174666666666667,1,3,1,2001,3,1,654
2001.75,2000.875,0.191935483870968,1,4,1,2001,3,1,658
2001.75,2001.125,0.226774193548387,1,1,1,2001,3,1,662
2001.75,2001.375,0.288214285714286,1,2,1,2001,3,1,667
2001.75,2001.625,0.345896551724138,1,3,1,2001,3,1,671
2001.75,2001.749,1,2,5,1,2001,3,1,676
2002,2000.875,0.198333333333333,1,4,1,NA,NA,NA,659
2002,2001.125,0.191785714285714,1,1,1,NA,NA,NA,663
2002,2001.375,0.242962962962963,1,2,1,NA,NA,NA,668
2002,2001.625,0.269642857142857,1,3,1,NA,NA,NA,672
2002,2001.875,0.81764,1,4,1,NA,NA,NA,677
2002.25,2001.125,0.1476,1,1,1,NA,NA,NA,664
2002.25,2001.375,0.191153846153846,1,2,1,NA,NA,NA,669
2002.25,2001.625,0.210357142857143,1,3,1,NA,NA,NA,673
2002.25,2001.875,0.48804,1,4,1,NA,NA,NA,678
2002.25,2002.125,0.362379310344828,1,1,1,NA,NA,NA,682
2002.5,2001.375,0.146,1,2,1,NA,NA,NA,670
2002.5,2001.625,0.176923076923077,1,3,1,NA,NA,NA,674
2002.5,2001.875,0.283375,1,4,1,NA,NA,NA,679
2002.5,2002.125,0.2945,1,1,1,NA,NA,NA,683
2002.5,2002.375,0.16404,1,2,1,NA,NA,NA,687
2002.75,2001.625,0.162692307692308,1,3,1,NA,NA,NA,675
2002.75,2001.875,0.2,1,4,1,NA,NA,NA,680
2002.75,2002.125,0.2013125,1,1,1,NA,NA,NA,684
2002.75,2002.375,0.14841935483871,1,2,1,NA,NA,NA,688
2002.75,2002.625,0.185217391304348,1,3,1,NA,NA,NA,692
2003,2001.875,0.1875,1,4,1,NA,NA,NA,681
2003,2002.125,0.163428571428571,1,1,1,NA,NA,NA,685
2003,2002.375,0.122290322580645,1,2,1,NA,NA,NA,689
2003,2002.625,0.192962962962963,1,3,1,NA,NA,NA,693
2003,2002.875,0.298,1,4,1,NA,NA,NA,697
2003.25,2002.125,0.14775,1,1,1,NA,NA,NA,686
2003.25,2002.375,0.107892857142857,1,2,1,NA,NA,NA,690
2003.25,2002.625,0.164285714285714,1,3,1,NA,NA,NA,694
2003.25,2002.875,0.26,1,4,1,NA,NA,NA,698
2003.25,2003.125,0.245714285714286,1,1,1,NA,NA,NA,702
2003.5,2002.375,0.106333333333333,1,2,1,NA,NA,NA,691
2003.5,2002.625,0.161111111111111,1,3,1,NA,NA,NA,695
2003.5,2002.875,0.198461538461538,1,4,1,NA,NA,NA,699
2003.5,2003.125,0.22734375,1,1,1,NA,NA,NA,703
2003.5,2003.375,0.241538461538462,1,2,1,NA,NA,NA,707
2003.75,2002.625,0.148076923076923,1,3,1,NA,NA,NA,696
2003.75,2002.875,0.161923076923077,1,4,1,NA,NA,NA,700
2003.75,2003.125,0.18725,1,1,1,NA,NA,NA,704
2003.75,2003.375,0.150689655172414,1,2,1,NA,NA,NA,708
2003.75,2003.625,0.0788235294117647,1,3,1,NA,NA,NA,712
2004,2002.875,0.147307692307692,1,4,1,NA,NA,NA,701
2004,2003.125,0.151354838709677,1,1,1,NA,NA,NA,705
2004,2003.375,0.136206896551724,1,2,1,NA,NA,NA,709
2004,2003.625,0.0895,1,3,1,NA,NA,NA,713
2004,2003.875,0.0689444444444444,1,4,1,NA,NA,NA,717
2004.25,2003.125,0.1308,1,1,1,NA,NA,NA,706
2004.25,2003.375,0.121071428571429,1,2,1,NA,NA,NA,710
2004.25,2003.625,0.102727272727273,1,3,1,NA,NA,NA,714
2004.25,2003.875,0.0788,1,4,1,NA,NA,NA,718
2004.25,2004.125,0.0435714285714286,1,1,1,NA,NA,NA,722
2004.5,2003.375,0.115357142857143,1,2,1,NA,NA,NA,711
2004.5,2003.625,0.106521739130435,1,3,1,NA,NA,NA,715
2004.5,2003.875,0.0864285714285714,1,4,1,NA,NA,NA,719
2004.5,2004.125,0.0623809523809524,1,1,1,NA,NA,NA,723
2004.5,2004.375,0.035,1,2,1,NA,NA,NA,727
2004.75,2003.625,0.11,1,3,1,NA,NA,NA,716
2004.75,2003.875,0.102857142857143,1,4,1,NA,NA,NA,720
2004.75,2004.125,0.0752173913043478,1,1,1,NA,NA,NA,724
2004.75,2004.375,0.0572727272727273,1,2,1,NA,NA,NA,728
2004.75,2004.625,0.0496363636363636,1,3,1,NA,NA,NA,732
2005,2003.875,0.116296296296296,1,4,1,NA,NA,NA,721
2005,2004.125,0.0924,1,1,1,NA,NA,NA,725
2005,2004.375,0.0796153846153846,1,2,1,NA,NA,NA,729
2005,2004.625,0.0745833333333333,1,3,1,NA,NA,NA,733
2005,2004.875,0.0488636363636364,1,4,1,NA,NA,NA,737
2005.25,2004.125,0.1092,1,1,1,NA,NA,NA,726
2005.25,2004.375,0.11,1,2,1,NA,NA,NA,730
2005.25,2004.625,0.0864,1,3,1,NA,NA,NA,734
2005.25,2004.875,0.106428571428571,1,4,1,NA,NA,NA,738
2005.25,2005.125,0.0678076923076923,1,1,1,NA,NA,NA,742
2005.5,2004.375,0.126296296296296,1,2,1,NA,NA,NA,731
2005.5,2004.625,0.109230769230769,1,3,1,NA,NA,NA,735
2005.5,2004.875,0.118137931034483,1,4,1,NA,NA,NA,739
2005.5,2005.125,0.0884516129032258,1,1,1,NA,NA,NA,743
2005.5,2005.375,0.0616129032258065,1,2,1,NA,NA,NA,747
2005.75,2004.625,0.120769230769231,1,3,1,NA,NA,NA,736
2005.75,2004.875,0.120827586206897,1,4,1,NA,NA,NA,740
2005.75,2005.125,0.10584375,1,1,1,NA,NA,NA,744
2005.75,2005.375,0.0780769230769231,1,2,1,NA,NA,NA,748
2005.75,2005.625,0.0376666666666667,1,3,1,NA,NA,NA,752
2006,2004.875,0.133103448275862,1,4,1,NA,NA,NA,741
2006,2005.125,0.119030303030303,1,1,1,NA,NA,NA,745
2006,2005.375,0.10280487804878,1,2,1,NA,NA,NA,749
2006,2005.625,0.0613333333333333,1,3,1,NA,NA,NA,753
2006,2005.875,0.07275,1,4,1,NA,NA,NA,757
2006.25,2005.125,0.135363636363636,1,1,1,NA,NA,NA,746
2006.25,2005.375,0.116463414634146,1,2,1,NA,NA,NA,750
2006.25,2005.625,0.100425531914894,1,3,1,NA,NA,NA,754
2006.25,2005.875,0.0825681818181818,1,4,1,NA,NA,NA,758
2006.25,2006.125,0.0458064516129032,1,1,1,NA,NA,NA,762
2006.5,2005.375,0.123139534883721,1,2,1,NA,NA,NA,751
2006.5,2005.625,0.130744680851064,1,3,1,NA,NA,NA,755
2006.5,2005.875,0.104177777777778,1,4,1,NA,NA,NA,759
2006.5,2006.125,0.0812790697674419,1,1,1,NA,NA,NA,763
2006.5,2006.375,0.0478125,1,2,1,NA,NA,NA,767
2006.75,2005.625,0.146875,1,3,1,NA,NA,NA,756
2006.75,2005.875,0.126787234042553,1,4,1,NA,NA,NA,760
2006.75,2006.125,0.114468085106383,1,1,1,NA,NA,NA,764
2006.75,2006.375,0.0793023255813953,1,2,1,NA,NA,NA,768
2006.75,2006.625,0.0647324324324324,1,3,1,NA,NA,NA,772
2007,2005.875,0.142595744680851,1,4,1,NA,NA,NA,761
2007,2006.125,0.14,1,1,1,NA,NA,NA,765
2007,2006.375,0.111875,1,2,1,NA,NA,NA,769
2007,2006.625,0.108341463414634,1,3,1,NA,NA,NA,773
2007,2006.875,0.108421052631579,1,4,1,NA,NA,NA,777
2007.25,2006.125,0.170625,1,1,1,NA,NA,NA,766
2007.25,2006.375,0.146734693877551,1,2,1,NA,NA,NA,770
2007.25,2006.625,0.165933333333333,1,3,1,NA,NA,NA,774
2007.25,2006.875,0.16047619047619,1,4,1,NA,NA,NA,778
2007.25,2007.125,0.0977179487179487,1,1,1,NA,NA,NA,782
2007.5,2006.375,0.170816326530612,1,2,1,NA,NA,NA,771
2007.5,2006.625,0.192663043478261,1,3,1,NA,NA,NA,775
2007.5,2006.875,0.175909090909091,1,4,1,NA,NA,NA,779
2007.5,2007.125,0.137386363636364,1,1,1,NA,NA,NA,783
2007.5,2007.375,0.134288095238095,1,2,1,NA,NA,NA,787
2007.75,2006.625,0.206444444444444,1,3,1,NA,NA,NA,776
2007.75,2006.875,0.187727272727273,1,4,1,NA,NA,NA,780
2007.75,2007.125,0.141222222222222,1,1,1,NA,NA,NA,784
2007.75,2007.375,0.149335555555556,1,2,1,NA,NA,NA,788
2007.75,2007.625,0.137179487179487,1,3,1,NA,NA,NA,792
2008,2006.875,0.1925,1,4,1,NA,NA,NA,781
2008,2007.125,0.156136363636364,1,1,1,NA,NA,NA,785
2008,2007.375,0.157448936170213,1,2,1,NA,NA,NA,789
2008,2007.625,0.173488372093023,1,3,1,NA,NA,NA,793
2008,2007.875,0.188888888888889,1,4,1,NA,NA,NA,797
2008.25,2007.125,0.157142857142857,1,1,1,2008,1,1,786
2008.25,2007.375,0.166597872340426,1,2,1,2008,1,1,790
2008.25,2007.625,0.191363636363636,1,3,1,2008,1,1,794
2008.25,2007.875,0.225111111111111,1,4,1,2008,1,1,798
2008.25,2008.125,0.483863636363636,1,1,1,2008,1,1,802
2008.25,2008.249,1,2,5,1,2008,1,1,807
2008.5,2007.375,0.169789361702128,1,2,1,NA,NA,NA,791
2008.5,2007.625,0.187272727272727,1,3,1,NA,NA,NA,795
2008.5,2007.875,0.215,1,4,1,NA,NA,NA,799
2008.5,2008.125,0.429111111111111,1,1,1,NA,NA,NA,803
2008.5,2008.375,0.501818181818182,1,2,1,NA,NA,NA,808
2008.75,2007.625,0.186818181818182,1,3,1,2008,3,1,796
2008.75,2007.875,0.200652173913043,1,4,1,2008,3,1,800
2008.75,2008.125,0.299090909090909,1,1,1,2008,3,1,804
2008.75,2008.375,0.293181818181818,1,2,1,2008,3,1,809
2008.75,2008.625,0.348837209302326,1,3,1,2008,3,1,813
2008.75,2008.749,1,2,5,1,2008,3,1,818
2009,2007.875,0.203953488372093,1,4,1,2008,4,1,801
2009,2008.125,0.234186046511628,1,1,1,2008,4,1,805
2009,2008.375,0.305454545454545,1,2,1,2008,4,1,810
2009,2008.625,0.476511627906977,1,3,1,2008,4,1,814
2009,2008.875,0.901428571428571,1,4,1,2008,4,1,819
2009,2008.999,1,2,5,1,2008,4,1,824
2009.25,2008.125,0.216,1,1,1,2009,1,1,806
2009.25,2008.375,0.248372093023256,1,2,1,2009,1,1,811
2009.25,2008.625,0.336511627906977,1,3,1,2009,1,1,815
2009.25,2008.875,0.747755102040816,1,4,1,2009,1,1,820
2009.25,2009.125,0.944146341463415,1,1,1,2009,1,1,825
2009.25,2009.249,1,2,5,1,2009,1,1,830
2009.5,2008.375,0.2025,1,2,1,2009,2,1,812
2009.5,2008.625,0.24625,1,3,1,2009,2,1,816
2009.5,2008.875,0.50375,1,4,1,2009,2,1,821
2009.5,2009.125,0.739756097560976,1,1,1,2009,2,1,826
2009.5,2009.375,0.789130434782609,1,2,1,2009,2,1,831
2009.5,2009.499,1,2,5,1,2009,2,1,836
2009.75,2008.625,0.192307692307692,1,3,1,NA,NA,NA,817
2009.75,2008.875,0.334375,1,4,1,NA,NA,NA,822
2009.75,2009.125,0.446585365853659,1,1,1,NA,NA,NA,827
2009.75,2009.375,0.46468085106383,1,2,1,NA,NA,NA,832
2009.75,2009.625,0.284666666666667,1,3,1,NA,NA,NA,837
2010,2008.875,0.246170212765957,1,4,1,NA,NA,NA,823
2010,2009.125,0.299024390243902,1,1,1,NA,NA,NA,828
2010,2009.375,0.275,1,2,1,NA,NA,NA,833
2010,2009.625,0.2446875,1,3,1,NA,NA,NA,838
2010,2009.875,0.165945945945946,1,4,1,NA,NA,NA,842
2010.25,2009.125,0.221025641025641,1,1,1,NA,NA,NA,829
2010.25,2009.375,0.179130434782609,1,2,1,NA,NA,NA,834
2010.25,2009.625,0.18384375,1,3,1,NA,NA,NA,839
2010.25,2009.875,0.171621621621622,1,4,1,NA,NA,NA,843
2010.25,2010.125,0.109714285714286,1,1,1,NA,NA,NA,847
2010.5,2009.375,0.146888888888889,1,2,1,NA,NA,NA,835
2010.5,2009.625,0.168806451612903,1,3,1,NA,NA,NA,840
2010.5,2009.875,0.151081081081081,1,4,1,NA,NA,NA,844
2010.5,2010.125,0.122432432432432,1,1,1,NA,NA,NA,848
2010.5,2010.375,0.0936258064516129,1,2,1,NA,NA,NA,852
2010.75,2009.625,0.143645161290323,1,3,1,NA,NA,NA,841
2010.75,2009.875,0.149459459459459,1,4,1,NA,NA,NA,845
2010.75,2010.125,0.138918918918919,1,1,1,NA,NA,NA,849
2010.75,2010.375,0.112505882352941,1,2,1,NA,NA,NA,853
2010.75,2010.625,0.149558620689655,1,3,1,NA,NA,NA,857
2011,2009.875,0.148857142857143,1,4,1,NA,NA,NA,846
2011,2010.125,0.147837837837838,1,1,1,NA,NA,NA,850
2011,2010.375,0.1329,1,2,1,NA,NA,NA,854
2011,2010.625,0.179737931034483,1,3,1,NA,NA,NA,858
2011,2010.875,0.1316,1,4,1,NA,NA,NA,862
2011.25,2010.125,0.156388888888889,1,1,1,2011,1,1,851
2011.25,2010.375,0.152388888888889,1,2,1,2011,1,1,855
2011.25,2010.625,0.176565517241379,1,3,1,2011,1,1,859
2011.25,2010.875,0.138748717948718,1,4,1,2011,1,1,863
2011.25,2011.125,0.0842466666666667,1,1,1,2011,1,1,867
2011.25,2011.249,1,2,5,1,2011,1,1,872
2011.5,2010.375,0.1598,1,2,1,NA,NA,NA,856
2011.5,2010.625,0.1604,1,3,1,NA,NA,NA,860
2011.5,2010.875,0.146697435897436,1,4,1,NA,NA,NA,864
2011.5,2011.125,0.0832823529411765,1,1,1,NA,NA,NA,868
2011.5,2011.375,0.08915625,1,2,1,NA,NA,NA,873
2011.75,2010.625,0.1592,1,3,1,2011,3,1,861
2011.75,2010.875,0.141958974358974,1,4,1,2011,3,1,865
2011.75,2011.125,0.100140540540541,1,1,1,2011,3,1,869
2011.75,2011.375,0.0965111111111111,1,2,1,2011,3,1,874
2011.75,2011.625,0.177535483870968,1,3,1,2011,3,1,878
2011.75,2011.749,1,2,5,1,2011,3,1,883
2012,2010.875,0.148225641025641,1,4,1,NA,NA,NA,866
2012,2011.125,0.116021621621622,1,1,1,NA,NA,NA,870
2012,2011.375,0.115861111111111,1,2,1,NA,NA,NA,875
2012,2011.625,0.209175,1,3,1,NA,NA,NA,879
2012,2011.875,0.13002,1,4,1,NA,NA,NA,884
2012.25,2011.125,0.123277777777778,1,1,1,NA,NA,NA,871
2012.25,2011.375,0.1348,1,2,1,NA,NA,NA,876
2012.25,2011.625,0.20765,1,3,1,NA,NA,NA,880
2012.25,2011.875,0.173619047619048,1,4,1,NA,NA,NA,885
2012.25,2012.125,0.105416216216216,1,1,1,NA,NA,NA,889
2012.5,2011.375,0.133864864864865,1,2,1,NA,NA,NA,877
2012.5,2011.625,0.193575,1,3,1,NA,NA,NA,881
2012.5,2011.875,0.180952380952381,1,4,1,NA,NA,NA,886
2012.5,2012.125,0.141005128205128,1,1,1,NA,NA,NA,890
2012.5,2012.375,0.1071875,1,2,1,NA,NA,NA,894
2012.75,2011.625,0.189675,1,3,1,NA,NA,NA,882
2012.75,2011.875,0.1746,1,4,1,NA,NA,NA,887
2012.75,2012.125,0.155005128205128,1,1,1,NA,NA,NA,891
2012.75,2012.375,0.125164705882353,1,2,1,NA,NA,NA,895
2012.75,2012.625,0.15251282051282,1,3,1,NA,NA,NA,899
2013,2011.875,0.173847619047619,1,4,1,NA,NA,NA,888
2013,2012.125,0.155394871794872,1,1,1,NA,NA,NA,892
2013,2012.375,0.148764705882353,1,2,1,NA,NA,NA,896
2013,2012.625,0.182292682926829,1,3,1,NA,NA,NA,900
2013,2012.875,0.1517125,1,4,1,NA,NA,NA,904
2013.25,2012.125,0.165947368421053,1,1,1,NA,NA,NA,893
2013.25,2012.375,0.178129411764706,1,2,1,NA,NA,NA,897
2013.25,2012.625,0.217125581395349,1,3,1,NA,NA,NA,901
2013.25,2012.875,0.243917647058824,1,4,1,NA,NA,NA,905
2013.25,2013.125,0.165294736842105,1,1,1,NA,NA,NA,909
2013.5,2012.375,0.183066666666667,1,2,1,NA,NA,NA,898
2013.5,2012.625,0.214595348837209,1,3,1,NA,NA,NA,902
2013.5,2012.875,0.216655555555556,1,4,1,NA,NA,NA,906
2013.5,2013.125,0.18444,1,1,1,NA,NA,NA,910
2013.5,2013.375,0.158411428571429,1,2,1,NA,NA,NA,914
2013.75,2012.625,0.200360975609756,1,3,1,NA,NA,NA,903
2013.75,2012.875,0.183954285714286,1,4,1,NA,NA,NA,907
2013.75,2013.125,0.15594,1,1,1,NA,NA,NA,911
2013.75,2013.375,0.147064864864865,1,2,1,NA,NA,NA,915
2013.75,2013.625,0.117651393939394,1,3,1,NA,NA,NA,919
2014,2012.875,0.168470588235294,1,4,1,NA,NA,NA,908
2014,2013.125,0.13985,1,1,1,NA,NA,NA,912
2014,2013.375,0.134497297297297,1,2,1,NA,NA,NA,916
2014,2013.625,0.115177027777778,1,3,1,NA,NA,NA,920
2014,2013.875,0.1409125,1,4,1,NA,NA,NA,924
2014.25,2013.125,0.13485,1,1,1,2014,1,1,913
2014.25,2013.375,0.137694444444444,1,2,1,2014,1,1,917
2014.25,2013.625,0.116577054054054,1,3,1,2014,1,1,921
2014.25,2013.875,0.120175675675676,1,4,1,2014,1,1,925
2014.25,2014.125,0.1347,1,1,1,2014,1,1,929
2014.25,2014.249,1,2,5,1,2014,1,1,934
2014.5,2013.375,0.124566666666667,1,2,1,NA,NA,NA,918
2014.5,2013.625,0.115054108108108,1,3,1,NA,NA,NA,922
2014.5,2013.875,0.122292105263158,1,4,1,NA,NA,NA,926
2014.5,2014.125,0.105872222222222,1,1,1,NA,NA,NA,930
2014.5,2014.375,0.0880587058823529,1,2,1,NA,NA,NA,935
2014.75,2013.625,0.117856571428571,1,3,1,NA,NA,NA,923
2014.75,2013.875,0.123589189189189,1,4,1,NA,NA,NA,927
2014.75,2014.125,0.113821052631579,1,1,1,NA,NA,NA,931
2014.75,2014.375,0.106558558823529,1,2,1,NA,NA,NA,936
2014.75,2014.625,0.0872171428571429,1,3,1,NA,NA,NA,940
2015,2013.875,0.128836111111111,1,4,1,NA,NA,NA,928
2015,2014.125,0.1227,1,1,1,NA,NA,NA,932
2015,2014.375,0.111477057142857,1,2,1,NA,NA,NA,937
2015,2014.625,0.102542105263158,1,3,1,NA,NA,NA,941
2015,2014.875,0.091,1,4,1,NA,NA,NA,945
2015.25,2014.125,0.123112820512821,1,1,1,NA,NA,NA,933
2015.25,2014.375,0.122145,1,2,1,NA,NA,NA,938
2015.25,2014.625,0.115748717948718,1,3,1,NA,NA,NA,942
2015.25,2014.875,0.106088888888889,1,4,1,NA,NA,NA,946
2015.25,2015.125,0.0840967741935484,1,1,1,NA,NA,NA,950
2015.5,2014.375,0.128123527777778,1,2,1,NA,NA,NA,939
2015.5,2014.625,0.124905263157895,1,3,1,NA,NA,NA,943
2015.5,2014.875,0.117063888888889,1,4,1,NA,NA,NA,947
2015.5,2015.125,0.095921875,1,1,1,NA,NA,NA,951
2015.5,2015.375,0.122329411764706,1,2,1,NA,NA,NA,955
2015.75,2014.625,0.138158769230769,1,3,1,NA,NA,NA,944
2015.75,2014.875,0.129502857142857,1,4,1,NA,NA,NA,948
2015.75,2015.125,0.11485625,1,1,1,NA,NA,NA,952
2015.75,2015.375,0.113254054054054,1,2,1,NA,NA,NA,956
2015.75,2015.625,0.0813658823529412,1,3,1,NA,NA,NA,960
2016,2014.875,0.138937142857143,1,4,1,NA,NA,NA,949
2016,2015.125,0.12215625,1,1,1,NA,NA,NA,953
2016,2015.375,0.123164864864865,1,2,1,NA,NA,NA,957
2016,2015.625,0.106105657142857,1,3,1,NA,NA,NA,961
2016,2015.875,0.0815833333333333,1,4,1,NA,NA,NA,965
2016.25,2015.125,0.132018181818182,1,1,1,NA,NA,NA,954
2016.25,2015.375,0.152221621621622,1,2,1,NA,NA,NA,958
2016.25,2015.625,0.136771837837838,1,3,1,NA,NA,NA,962
2016.25,2015.875,0.133513513513514,1,4,1,NA,NA,NA,966
2016.25,2016.125,0.143816216216216,1,1,1,NA,NA,NA,970
2016.5,2015.375,0.151886842105263,1,2,1,NA,NA,NA,959
2016.5,2015.625,0.129626297297297,1,3,1,NA,NA,NA,963
2016.5,2015.875,0.129040540540541,1,4,1,NA,NA,NA,967
2016.5,2016.125,0.146867567567568,1,1,1,NA,NA,NA,971
2016.5,2016.375,0.128583783783784,1,2,1,NA,NA,NA,975
2016.75,2015.625,0.135603243243243,1,3,1,NA,NA,NA,964
2016.75,2015.875,0.141010810810811,1,4,1,NA,NA,NA,968
2016.75,2016.125,0.162294444444444,1,1,1,NA,NA,NA,972
2016.75,2016.375,0.15022972972973,1,2,1,NA,NA,NA,976
2016.75,2016.625,0.108993939393939,1,3,1,NA,NA,NA,980
2017,2015.875,0.150527027027027,1,4,1,NA,NA,NA,969
2017,2016.125,0.175105555555556,1,1,1,NA,NA,NA,973
2017,2016.375,0.163291891891892,1,2,1,NA,NA,NA,977
2017,2016.625,0.161163636363636,1,3,1,NA,NA,NA,981
2017,2016.875,0.104635294117647,1,4,1,NA,NA,NA,985
2017.25,2016.125,0.19285,1,1,1,NA,NA,NA,974
2017.25,2016.375,0.178675675675676,1,2,1,NA,NA,NA,978
2017.25,2016.625,0.190812121212121,1,3,1,NA,NA,NA,982
2017.25,2016.875,0.147744117647059,1,4,1,NA,NA,NA,986
2017.25,2017.125,0.0812028571428571,1,1,1,NA,NA,NA,990
2017.5,2016.375,0.189627027027027,1,2,1,NA,NA,NA,979
2017.5,2016.625,0.1962375,1,3,1,NA,NA,NA,983
2017.5,2016.875,0.158987878787879,1,4,1,NA,NA,NA,987
2017.5,2017.125,0.11846,1,1,1,NA,NA,NA,991
2017.5,2017.375,0.08711,1,2,1,NA,NA,NA,995
2017.75,2016.625,0.2163875,1,3,1,NA,NA,NA,984
2017.75,2016.875,0.170111764705882,1,4,1,NA,NA,NA,988
2017.75,2017.125,0.150127777777778,1,1,1,NA,NA,NA,992
2017.75,2017.375,0.116734482758621,1,2,1,NA,NA,NA,996
2017.75,2017.625,0.0842464285714286,1,3,1,NA,NA,NA,1000
2018,2016.875,0.193857142857143,1,4,1,NA,NA,NA,989
2018,2017.125,0.16595,1,1,1,NA,NA,NA,993
2018,2017.375,0.144763333333333,1,2,1,NA,NA,NA,997
2018,2017.625,0.114403125,1,3,1,NA,NA,NA,1001
2018,2017.875,0.0694586206896552,1,4,1,NA,NA,NA,1005
2018.25,2017.125,0.182238888888889,1,1,1,NA,NA,NA,994
2018.25,2017.375,0.170470967741935,1,2,1,NA,NA,NA,998
2018.25,2017.625,0.146629411764706,1,3,1,NA,NA,NA,1002
2018.25,2017.875,0.1078,1,4,1,NA,NA,NA,1006
2018.25,2018.125,0.0669846153846154,1,1,1,NA,NA,NA,1010
2018.5,2017.375,0.171593548387097,1,2,1,NA,NA,NA,999
2018.5,2017.625,0.164138235294118,1,3,1,NA,NA,NA,1003
2018.5,2017.875,0.130315625,1,4,1,NA,NA,NA,1007
2018.5,2018.125,0.100911111111111,1,1,1,NA,NA,NA,1011
2018.5,2018.375,0.0615384615384615,1,2,1,NA,NA,NA,1015
2018.75,2017.625,0.186573529411765,1,3,1,NA,NA,NA,1004
2018.75,2017.875,0.146918181818182,1,4,1,NA,NA,NA,1008
2018.75,2018.125,0.118224137931034,1,1,1,NA,NA,NA,1012
2018.75,2018.375,0.09205,1,2,1,NA,NA,NA,1016
2018.75,2018.625,0.0756153846153846,1,3,1,NA,NA,NA,1020
2019,2017.875,0.17048046875,1,4,1,NA,NA,NA,1009
2019,2018.125,0.1405125,1,1,1,NA,NA,NA,1013
2019,2018.375,0.118664285714286,1,2,1,NA,NA,NA,1017
2019,2018.625,0.10882,1,3,1,NA,NA,NA,1021
2019,2018.875,0.0649555555555556,1,4,1,NA,NA,NA,1025
2019.25,2018.125,0.167793548387097,1,1,1,NA,NA,NA,1014
2019.25,2018.375,0.144093333333333,1,2,1,NA,NA,NA,1018
2019.25,2018.625,0.136593548387097,1,3,1,NA,NA,NA,1022
2019.25,2018.875,0.113351724137931,1,4,1,NA,NA,NA,1026
2019.25,2019.125,0.183141935483871,1,1,1,NA,NA,NA,1030
2019.5,2018.375,0.156433333333333,1,2,1,NA,NA,NA,1019
2019.5,2018.625,0.164075,1,3,1,NA,NA,NA,1023
2019.5,2018.875,0.140786666666667,1,4,1,NA,NA,NA,1027
2019.5,2019.125,0.119475,1,1,1,NA,NA,NA,1031
2019.5,2019.375,0.135358620689655,1,2,1,NA,NA,NA,1035
2019.75,2018.625,0.196290322580645,1,3,1,NA,NA,NA,1024
2019.75,2018.875,0.190909677419355,1,4,1,NA,NA,NA,1028
2019.75,2019.125,0.144505882352941,1,1,1,NA,NA,NA,1032
2019.75,2019.375,0.13545625,1,2,1,NA,NA,NA,1036
2019.75,2019.625,0.130133333333333,1,3,1,NA,NA,NA,1040
2020,2018.875,0.227896774193548,1,4,1,NA,NA,NA,1029
2020,2019.125,0.179311764705882,1,1,1,NA,NA,NA,1033
2020,2019.375,0.163278787878788,1,2,1,NA,NA,NA,1037
2020,2019.625,0.147393103448276,1,3,1,NA,NA,NA,1041
2020,2019.875,0.13728275862069,1,4,1,NA,NA,NA,1045
2020.25,2019.125,0.218982352941176,1,1,1,2020,1,1,1034
2020.25,2019.375,0.200321212121212,1,2,1,2020,1,1,1038
2020.25,2019.625,0.181993103448276,1,3,1,2020,1,1,1042
2020.25,2019.875,0.181393548387097,1,4,1,2020,1,1,1046
2020.25,2020.125,0.145408,1,1,1,2020,1,1,1050
2020.25,2020.249,1,2,5,1,2020,1,1,1055
2020.5,2019.375,0.234818181818182,1,2,1,2020,2,1,1039
2020.5,2019.625,0.214913333333333,1,3,1,2020,2,1,1043
2020.5,2019.875,0.214693333333333,1,4,1,2020,2,1,1047
2020.5,2020.125,0.1541,1,1,1,2020,2,1,1051
2020.5,2020.375,0.981142828571429,1,2,1,2020,2,1,1056
2020.5,2020.499,1,2,5,1,2020,2,1,1061
2020.75,2019.625,0.260906666666667,1,3,1,NA,NA,NA,1044
2020.75,2019.875,0.233113333333333,1,4,1,NA,NA,NA,1048
2020.75,2020.125,0.190164285714286,1,1,1,NA,NA,NA,1052
2020.75,2020.375,0.437714285714286,1,2,1,NA,NA,NA,1057
2020.75,2020.625,0.139041666666667,1,3,1,NA,NA,NA,1062
2021,2019.875,0.25962,1,4,1,NA,NA,NA,1049
2021,2020.125,0.220392857142857,1,1,1,NA,NA,NA,1053
2021,2020.375,0.2795,1,2,1,NA,NA,NA,1058
2021,2020.625,0.211148148148148,1,3,1,NA,NA,NA,1063
2021,2020.875,0.17037037037037,1,4,1,NA,NA,NA,1067
2021.25,2020.125,0.256813793103448,1,1,1,NA,NA,NA,1054
2021.25,2020.375,0.229705882352941,1,2,1,NA,NA,NA,1059
2021.25,2020.625,0.206576923076923,1,3,1,NA,NA,NA,1064
2021.25,2020.875,0.211111111111111,1,4,1,NA,NA,NA,1068
2021.25,2021.125,0.197666666666667,1,1,1,NA,NA,NA,1072
2021.5,2020.375,0.192424242424242,1,2,1,NA,NA,NA,1060
2021.5,2020.625,0.199884615384615,1,3,1,NA,NA,NA,1065
2021.5,2020.875,0.181481481481481,1,4,1,NA,NA,NA,1069
2021.5,2021.125,0.136206896551724,1,1,1,NA,NA,NA,1073
2021.5,2021.375,0.0553,1,2,1,NA,NA,NA,1077
2021.75,2020.625,0.183692307692308,1,3,1,NA,NA,NA,1066
2021.75,2020.875,0.149259259259259,1,4,1,NA,NA,NA,1070
2021.75,2021.125,0.131965517241379,1,1,1,NA,NA,NA,1074
2021.75,2021.375,0.0815,1,2,1,NA,NA,NA,1078
2021.75,2021.625,0.0652307692307692,1,3,1,NA,NA,NA,1082
2022,2020.875,0.144230769230769,1,4,1,NA,NA,NA,1071
2022,2021.125,0.1334,1,1,1,NA,NA,NA,1075
2022,2021.375,0.108333333333333,1,2,1,NA,NA,NA,1079
2022,2021.625,0.101785714285714,1,3,1,NA,NA,NA,1083
2022,2021.875,0.109875,1,4,1,NA,NA,NA,1087
2022.25,2021.125,0.140966666666667,1,1,1,2022,1,1,1076
2022.25,2021.375,0.125392857142857,1,2,1,2022,1,1,1080
2022.25,2021.625,0.124137931034483,1,3,1,2022,1,1,1084
2022.25,2021.875,0.138071428571429,1,4,1,2022,1,1,1088
2022.25,2022.125,0.210961538461538,1,1,1,2022,1,1,1092
2022.25,2022.249,1,2,5,1,2022,1,1,1097
2022.5,2021.375,0.138,1,2,1,NA,NA,NA,1081
2022.5,2021.625,0.127,1,3,1,NA,NA,NA,1085
2022.5,2021.875,0.155214285714286,1,4,1,NA,NA,NA,1089
2022.5,2022.125,0.148074074074074,1,1,1,NA,NA,NA,1093
2022.5,2022.375,0.211833333333333,1,2,1,NA,NA,NA,1098
2022.75,2021.625,0.133392857142857,1,3,1,NA,NA,NA,1086
2022.75,2021.875,0.164285714285714,1,4,1,NA,NA,NA,1090
2022.75,2022.125,0.174535714285714,1,1,1,NA,NA,NA,1094
2022.75,2022.375,0.20532,1,2,1,NA,NA,NA,1099
2023,2021.875,0.175321428571429,1,4,1,NA,NA,NA,1091
2023,2022.125,0.163107142857143,1,1,1,NA,NA,NA,1095
2023,2022.375,0.23116,1,2,1,NA,NA,NA,1100
2023.25,2022.125,0.180740740740741,1,1,1,NA,NA,NA,1096
2023.25,2022.375,0.282269230769231,1,2,1,NA,NA,NA,1101
2023.5,2022.375,0.2648,1,2,1,NA,NA,NA,1102
